اطلاعات ورود به سیستم,,,,عملیات,,,سند,,,,
شناسه,شعبه,سال مالی,کاربر,تاریخ,زمان,نوع,سیستم,نوع,شماره,تاریخ,توضیحات
,شركت كيهان راه شرق (سهامي خاص),1405,بهرامي1بيرجند,1405/04/06,16:43:48,موجوديت جديد,انبار,سند انبار,4032,1405/04/06,سند حواله مصرف ماشين آلات با شماره 4032 ثبت شد
,شركت كيهان راه شرق (سهامي خاص),1405,بهرامي1بيرجند,1405/04/06,16:43:31,موجوديت جديد,انبار,سند انبار,6096,1405/04/06,سند درخواست كالا از انبار با شماره 6096 ثبت شد
,شركت كيهان راه شرق (سهامي خاص),1405,بهرامي1بيرجند,1405/04/06,16:42:55,موجوديت جديد,انبار,سند انبار,4031,1405/04/06,سند حواله مصرف ماشين آلات با شماره 4031 ثبت شد
,شركت كيهان راه شرق (سهامي خاص),1404,الاجگردي1,1405/04/06,16:42:50, ويرايش موجوديت,خزانه داري,سند حسابداري,29714,1404/12/25,سند عمومي با شماره 29714 تاييد شد
,شركت كيهان راه شرق (سهامي خاص),1404,الاجگردي1,1405/04/06,16:42:30, ويرايش موجوديت,خزانه داري,سند حسابداري,29714,1404/12/25,سند عمومي با شماره 29714 ذخيره شد
,شركت كيهان راه شرق (سهامي خاص),1405,بهرامي1بيرجند,1405/04/06,16:42:08,موجوديت جديد,انبار,سند انبار,4030,1405/04/06,سند حواله مصرف ماشين آلات با شماره 4030 ثبت شد
,شركت كيهان راه شرق (سهامي خاص),1405,حسيني_ريمدان,1405/04/06,16:41:49,موجوديت جديد,انبار,سند انبار,1492,1405/04/06,سند رسيد انتقال بين انبار با شماره 1492 ثبت شد
,شركت كيهان راه شرق (سهامي خاص),1405,بهرامي1بيرجند,1405/04/06,16:41:34,موجوديت جديد,انبار,سند انبار,6095,1405/04/06,سند درخواست كالا از انبار با شماره 6095 ثبت شد
,شركت كيهان راه شرق (سهامي خاص),1405,هرمزي2,1405/04/06,16:40:07,موجوديت جديد,انبار,سند انبار,6094,1405/04/06,سند درخواست كالا از انبار با شماره 6094 ثبت شد
,شركت كيهان راه شرق (سهامي خاص),1405,كريمزاده1,1405/04/06,16:39:34,موجوديت جديد,انبار,سند انبار,4029,1405/03/20,سند حواله مصرف ماشين آلات با شماره 4029 ثبت شد
,شركت كيهان راه شرق (سهامي خاص),1405,محمد_سبحاني1,1405/04/06,16:39:13,ورود موفق,,نشست,,,
,شركت كيهان راه شرق (سهامي خاص),1405,هرمزي2,1405/04/06,16:38:09,ورود موفق,,نشست,,,
,شركت كيهان راه شرق (سهامي خاص),1405,كريمزاده1,1405/04/06,16:35:03,موجوديت جديد,انبار,سند انبار,4028,1405/03/18,سند حواله مصرف ماشين آلات با شماره 4028 ثبت شد
,شركت كيهان راه شرق (سهامي خاص),1405,بهرامي1بيرجند,1405/04/06,16:34:43,موجوديت جديد,انبار,سند انبار,2640,1405/04/06,سند حواله مصرف  با شماره 2640 ثبت شد
,شركت كيهان راه شرق (سهامي خاص),1405,عبدپور_طرق,1405/04/06,16:33:41, ويرايش موجوديت,انبار,سند انبار,2098,1405/01/22,سند رسيد خريد  با شماره 2098 ثبت شد
,شركت كيهان راه شرق (سهامي خاص),1405,عبدپور_طرق,1405/04/06,16:33:05, ويرايش موجوديت,انبار,سند انبار,2098,1405/01/22,سند رسيد خريد  با شماره 2098 ثبت شد
,شركت كيهان راه شرق (سهامي خاص),1405,بهرامي1بيرجند,1405/04/06,16:32:07,موجوديت جديد,انبار,سند انبار,2639,1405/04/06,سند حواله مصرف  با شماره 2639 ثبت شد
,شركت كيهان راه شرق (سهامي خاص),1405,عليرضاسالاري,1405/04/06,16:30:39, ويرايش موجوديت,انبار,سند انبار,6086,1405/04/06,سند درخواست كالا از انبار با شماره 6086 ثبت شد
,شركت كيهان راه شرق (سهامي خاص),1405,عليرضاسالاري,1405/04/06,16:30:07, ويرايش موجوديت,انبار,سند انبار,6090,1405/04/06,سند درخواست كالا از انبار با شماره 6090 ثبت شد
,شركت كيهان راه شرق (سهامي خاص),1405,عليرضاسالاري,1405/04/06,16:29:41, ويرايش موجوديت,انبار,سند انبار,6090,1405/04/06,سند درخواست كالا از انبار با شماره 6090 ثبت شد
,شركت كيهان راه شرق (سهامي خاص),1405,عبدپور_طرق,1405/04/06,16:29:29, ويرايش موجوديت,انبار,سند انبار,6087,1405/04/06,سند درخواست كالا از انبار با شماره 6087 ثبت شد
,شركت كيهان راه شرق (سهامي خاص),1405,عليرضاسالاري,1405/04/06,16:26:55, ويرايش موجوديت,انبار,سند انبار,6089,1405/04/06,سند درخواست كالا از انبار با شماره 6089 ثبت شد
,شركت كيهان راه شرق (سهامي خاص),1405,محمد رضايي,1405/04/06,16:26:20, ويرايش موجوديت,انبار,سند انبار,14,1405/01/01,سند موجودي ابتداي دوره با شماره 14 ثبت شد
,شركت كيهان راه شرق (سهامي خاص),1405,حسيني_ريمدان,1405/04/06,16:23:48,موجوديت جديد,انبار,سند انبار,1708,1405/04/06,سند حواله انتقال بين انبار با شماره 1708 ثبت شد
,شركت كيهان راه شرق (سهامي خاص),1405,رحمانيان,1405/04/06,16:23:31, ويرايش موجوديت,انبار,سند انبار,6093,1405/04/06,سند درخواست كالا از انبار با شماره 6093 ثبت شد
,شركت كيهان راه شرق (سهامي خاص),1405,محمد رضايي,1405/04/06,16:23:16, ويرايش موجوديت,انبار,سند انبار,3,1405/01/01,سند موجودي ابتداي دوره با شماره 3 ثبت شد
,شركت كيهان راه شرق (سهامي خاص),1405,عليرضاسالاري,1405/04/06,16:22:37, ويرايش موجوديت,انبار,سند انبار,6083,1405/04/06,سند درخواست كالا از انبار با شماره 6083 ثبت شد
,شركت كيهان راه شرق (سهامي خاص),1405,رحمانيان,1405/04/06,16:22:26,موجوديت جديد,انبار,سند انبار,4768,1405/04/06,سند تاييد درخواست كالا با شماره 4768 ثبت شد
,شركت كيهان راه شرق (سهامي خاص),1405,رحمانيان,1405/04/06,16:22:17, ويرايش موجوديت,انبار,سند انبار,6092,1405/04/06,سند درخواست كالا از انبار با شماره 6092 ثبت شد
,شركت كيهان راه شرق (سهامي خاص),1405,رحمانيان,1405/04/06,16:21:46, ويرايش موجوديت,انبار,سند انبار,4767,1405/04/06,سند تاييد درخواست كالا با شماره 4767 ثبت شد
,شركت كيهان راه شرق (سهامي خاص),1405,عليرضاسالاري,1405/04/06,16:21:43, ويرايش موجوديت,انبار,سند انبار,6081,1405/04/06,سند درخواست كالا از انبار با شماره 6081 ثبت شد
,شركت كيهان راه شرق (سهامي خاص),1405,رحمانيان,1405/04/06,16:21:39,موجوديت جديد,انبار,سند انبار,4767,1405/04/06,سند تاييد درخواست كالا با شماره 4767 ثبت شد
,شركت كيهان راه شرق (سهامي خاص),1405,رحمانيان,1405/04/06,16:21:29, ويرايش موجوديت,انبار,سند انبار,6091,1405/04/06,سند درخواست كالا از انبار با شماره 6091 ثبت شد
,شركت كيهان راه شرق (سهامي خاص),1405,رحمانيان,1405/04/06,16:21:06, ويرايش موجوديت,انبار,سند انبار,6090,1405/04/06,سند درخواست كالا از انبار با شماره 6090 ثبت شد
,شركت كيهان راه شرق (سهامي خاص),1405,يوسفي4خواف,1405/04/06,16:21:06,موجوديت جديد,انبار,سند انبار,6093,1405/04/06,سند درخواست كالا از انبار با شماره 6093 ثبت شد
,شركت كيهان راه شرق (سهامي خاص),1405,رحمانيان,1405/04/06,16:20:49, ويرايش موجوديت,انبار,سند انبار,6089,1405/04/06,سند درخواست كالا از انبار با شماره 6089 ثبت شد
,شركت كيهان راه شرق (سهامي خاص),1405,رحمانيان,1405/04/06,16:20:27, ويرايش موجوديت,انبار,سند انبار,6088,1405/04/06,سند درخواست كالا از انبار با شماره 6088 ثبت شد
,شركت كيهان راه شرق (سهامي خاص),1405,عليرضاسالاري,1405/04/06,16:20:07, ويرايش موجوديت,انبار,سند انبار,6076,1405/04/06,سند درخواست كالا از انبار با شماره 6076 ثبت شد
,شركت كيهان راه شرق (سهامي خاص),1405,عليرضاسالاري,1405/04/06,16:19:23, ويرايش موجوديت,انبار,سند انبار,6080,1405/04/06,سند درخواست كالا از انبار با شماره 6080 ثبت شد
,شركت كيهان راه شرق (سهامي خاص),1405,يوسفي4خواف,1405/04/06,16:19:05,موجوديت جديد,انبار,سند انبار,6092,1405/04/06,سند درخواست كالا از انبار با شماره 6092 ثبت شد
,شركت كيهان راه شرق (سهامي خاص),1405,باباپور1,1405/04/06,16:17:56,موجوديت جديد,انبار,سند انبار,4027,1405/04/06,سند حواله مصرف ماشين آلات با شماره 4027 ثبت شد
,شركت كيهان راه شرق (سهامي خاص),1405,عليرضاسالاري,1405/04/06,16:17:11, ويرايش موجوديت,انبار,سند انبار,6076,1405/04/06,سند درخواست كالا از انبار با شماره 6076 ثبت شد
,شركت كيهان راه شرق (سهامي خاص),1405,يوسفي4خواف,1405/04/06,16:16:43,موجوديت جديد,انبار,سند انبار,6091,1405/04/06,سند درخواست كالا از انبار با شماره 6091 ثبت شد
,شركت كيهان راه شرق (سهامي خاص),1405,درويش_نيا_تربت,1405/04/06,16:16:28, ويرايش موجوديت,انبار,سند انبار,1707,1405/04/01,سند حواله انتقال بين انبار با شماره 1707 ثبت شد
,شركت دنا بنيان بيرجند (سهامي خاص),1404,فاطمي2,1405/04/06,16:16:19,ورود موفق,,نشست,,,
,شركت كيهان راه شرق (سهامي خاص),1405,پرويز_هرمزي1,1405/04/06,16:16:18,موجوديت جديد,انبار,سند انبار,6090,1405/04/06,سند درخواست كالا از انبار با شماره 6090 ثبت شد
,شركت كيهان راه شرق (سهامي خاص),1405,بهرامي1بيرجند,1405/04/06,16:15:39, ويرايش موجوديت,انبار,سند انبار,4026,1405/04/02,سند حواله مصرف ماشين آلات با شماره 4026 ثبت شد
,شركت كيهان راه شرق (سهامي خاص),1405,درويش_نيا_تربت,1405/04/06,16:15:29, ويرايش موجوديت,انبار,سند انبار,1707,1405/04/01,سند حواله انتقال بين انبار با شماره 1707 ثبت شد
,شركت كيهان راه شرق (سهامي خاص),1405,عليرضاسالاري,1405/04/06,16:15:22, ويرايش موجوديت,انبار,سند انبار,6070,1405/04/06,سند درخواست كالا از انبار با شماره 6070 ثبت شد
,شركت قدرت ايمان كوير(سهامي خاص),1405,سجادي,1405/04/06,16:15:00,ورود موفق,,نشست,,,
,شركت كيهان راه شرق (سهامي خاص),1405,درويش_نيا_تربت,1405/04/06,16:14:28, ويرايش موجوديت,انبار,سند انبار,1707,1405/04/01,سند حواله انتقال بين انبار با شماره 1707 ثبت شد
,پايش مسير اقليم,1404,فاطمي11,1405/04/06,16:14:21, ويرايش موجوديت,خزانه داري,سند حسابداري,1718,1404/11/26,سند عمومي با شماره 1718 تاييد شد
,شركت كيهان راه شرق (سهامي خاص),1405,بهرامي1بيرجند,1405/04/06,16:14:21,موجوديت جديد,انبار,سند انبار,4026,1405/04/02,سند حواله مصرف ماشين آلات با شماره 4026 ثبت شد
,شركت كيهان راه شرق (سهامي خاص),1404,جعفري1,1405/04/06,16:13:58, ويرايش موجوديت,خزانه داري,سند خزانه داري,468,1405/03/02,سند صورت هزينه تنخواه با شماره 468 ذخيره شد
,صولت پارس آمود,1404,فاطمي7,1405/04/06,16:13:37, ويرايش موجوديت,خزانه داري,سند حسابداري,1925,1404/09/12,سند عمومي با شماره 1925 تاييد شد
,شركت كيهان راه شرق (سهامي خاص),1405,كريمزاده1,1405/04/06,16:13:36,موجوديت جديد,انبار,سند انبار,4025,1405/03/18,سند حواله مصرف ماشين آلات با شماره 4025 ثبت شد
,شركت كيهان راه شرق (سهامي خاص),1405,درويش_نيا_تربت,1405/04/06,16:12:56, ويرايش موجوديت,انبار,سند انبار,1707,1405/04/01,سند حواله انتقال بين انبار با شماره 1707 ثبت شد
,شركت كيهان راه شرق (سهامي خاص),1405,درويش_نيا_تربت,1405/04/06,16:12:30, ويرايش موجوديت,انبار,سند انبار,1707,1405/04/01,سند حواله انتقال بين انبار با شماره 1707 ثبت شد
,شركت كيهان راه شرق (سهامي خاص),1405,درويش_نيا_تربت,1405/04/06,16:12:22,موجوديت جديد,انبار,سند انبار,1707,1405/04/01,سند حواله انتقال بين انبار با شماره 1707 ثبت شد
,شركت كيهان راه شرق (سهامي خاص),1405,كريمزاده1,1405/04/06,16:10:43,موجوديت جديد,انبار,سند انبار,4024,1405/03/20,سند حواله مصرف ماشين آلات با شماره 4024 ثبت شد
,شركت كيهان راه شرق (سهامي خاص),1405,درويش_نيا_تربت,1405/04/06,16:10:42, ويرايش موجوديت,انبار,سند انبار,391,1405/02/14,سند حواله مصرف  با شماره 391 ثبت شد
,شركت كيهان راه شرق (سهامي خاص),1405,درويش_نيا_تربت,1405/04/06,16:10:37, ويرايش موجوديت,انبار,سند انبار,391,1405/02/14,سند حواله مصرف  با شماره 391 ثبت شد
,شركت كيهان راه شرق (سهامي خاص),1405,پرويز_هرمزي1,1405/04/06,16:10:35, ويرايش موجوديت,انبار,سند انبار,6089,1405/04/06,سند درخواست كالا از انبار با شماره 6089 ثبت شد
,شركت كيهان راه شرق (سهامي خاص),1405,پرويز_هرمزي1,1405/04/06,16:10:06,موجوديت جديد,انبار,سند انبار,6089,1405/04/06,سند درخواست كالا از انبار با شماره 6089 ثبت شد
,شركت كيهان راه شرق (سهامي خاص),1405,صفري1,1405/04/06,16:10:02,موجوديت جديد,خزانه داري,سند حسابداري,2699,1405/04/06,سند عمومي با شماره 2699 ذخيره شد
,شركت كيهان راه شرق (سهامي خاص),1405,صفري1,1405/04/06,16:09:24,ورود موفق,,نشست,,,
,شركت كيهان راه شرق (سهامي خاص),1405,محمد رضايي,1405/04/06,16:09:20, ويرايش موجوديت,انبار,سند انبار,9,1405/01/01,سند موجودي ابتداي دوره با شماره 9 ثبت شد
,,,صفري1,1405/04/06,16:09:19,ورود ناموفق (عدم صحت نام کاربر يا کلمه عبور),,نشست,,,
,شركت كيهان راه شرق (سهامي خاص),1405,كريمزاده1,1405/04/06,16:07:36, ويرايش موجوديت,انبار,سند انبار,5316,1405/03/25,سند درخواست كالا از انبار با شماره 5316 ثبت شد
,شركت كيهان راه شرق (سهامي خاص),1405,جفايي,1405/04/06,16:07:36,موجوديت جديد,انبار,سند انبار,6088,1405/04/06,سند درخواست كالا از انبار با شماره 6088 ثبت شد
,شركت كيهان راه شرق (سهامي خاص),1405,درويش_نيا_تربت,1405/04/06,16:06:57, ويرايش موجوديت,انبار,سند انبار,4022,1405/03/31,سند حواله مصرف ماشين آلات با شماره 4022 ثبت شد
,شركت كيهان راه شرق (سهامي خاص),1405,كريمزاده1,1405/04/06,16:06:35,موجوديت جديد,انبار,سند انبار,4023,1405/03/19,سند حواله مصرف ماشين آلات با شماره 4023 ثبت شد
,شركت كيهان راه شرق (سهامي خاص),1405,فرامرزسليماني,1405/04/06,16:06:01, ويرايش موجوديت,انبار,سند انبار,5939,1405/04/01,سند درخواست كالا از انبار با شماره 5939 ثبت شد
,شركت كيهان راه شرق (سهامي خاص),1405,حسيني_ريمدان,1405/04/06,16:05:30,موجوديت جديد,انبار,سند انبار,1491,1405/04/06,سند رسيد انتقال بين انبار با شماره 1491 ثبت شد
,شركت كيهان راه شرق (سهامي خاص),1405,رحمانيان,1405/04/06,16:05:11, ويرايش موجوديت,انبار,سند انبار,6086,1405/04/06,سند درخواست كالا از انبار با شماره 6086 ثبت شد
,شركت كيهان راه شرق (سهامي خاص),1405,عليرضاسالاري,1405/04/06,16:05:07,موجوديت جديد,انبار,سند انبار,4766,1405/04/06,سند تاييد درخواست كالا با شماره 4766 ثبت شد
,پايش مسير اقليم,1404,امانيان11,1405/04/06,16:05:07, ويرايش موجوديت,خزانه داري,سند حسابداري,1718,1404/11/26,سند عمومي با شماره 1718 ذخيره شد
,شركت كيهان راه شرق (سهامي خاص),1405,درويش_نيا_تربت,1405/04/06,16:04:50, ويرايش موجوديت,انبار,سند انبار,4022,1405/03/31,سند حواله مصرف ماشين آلات با شماره 4022 ثبت شد
,شركت كيهان راه شرق (سهامي خاص),1405,عليرضاسالاري,1405/04/06,16:04:48, ويرايش موجوديت,انبار,سند انبار,6069,1405/04/06,سند درخواست كالا از انبار با شماره 6069 ثبت شد
,شركت كيهان راه شرق (سهامي خاص),1405,درويش_نيا_تربت,1405/04/06,16:04:33, ويرايش موجوديت,انبار,سند انبار,4022,1405/03/31,سند حواله مصرف ماشين آلات با شماره 4022 ثبت شد
,شركت كيهان راه شرق (سهامي خاص),1405,درويش_نيا_تربت,1405/04/06,16:04:13, ويرايش موجوديت,انبار,سند انبار,4022,1405/03/31,سند حواله مصرف ماشين آلات با شماره 4022 ثبت شد
,شركت كيهان راه شرق (سهامي خاص),1405,رحمانيان,1405/04/06,16:04:01, ويرايش موجوديت,انبار,سند انبار,6087,1405/04/06,سند درخواست كالا از انبار با شماره 6087 ثبت شد
,شركت كيهان راه شرق (سهامي خاص),1405,درويش_نيا_تربت,1405/04/06,16:03:55, ويرايش موجوديت,انبار,سند انبار,4022,1405/03/31,سند حواله مصرف ماشين آلات با شماره 4022 ثبت شد
,شركت كيهان راه شرق (سهامي خاص),1405,رحمانيان,1405/04/06,16:03:35, ويرايش موجوديت,انبار,سند انبار,6087,1405/04/06,سند درخواست كالا از انبار با شماره 6087 ثبت شد
,شركت كيهان راه شرق (سهامي خاص),1405,درويش_نيا_تربت,1405/04/06,16:03:30, ويرايش موجوديت,انبار,سند انبار,4022,1405/03/31,سند حواله مصرف ماشين آلات با شماره 4022 ثبت شد
,صولت پارس آمود,1404,فاطمي7,1405/04/06,16:03:25,موجوديت جديد,حسابداري,سند حسابداري,4460,1404/09/12,سند عمومي با شماره ثابت 4460 ذخيره شد
,پايش مسير اقليم,1404,امانيان11,1405/04/06,16:02:44, ويرايش موجوديت,خزانه داري,سند حسابداري,1718,1404/11/26,سند عمومي با شماره 1718 ذخيره شد
,پايش مسير اقليم,1404,امانيان11,1405/04/06,16:02:38, ويرايش موجوديت,خزانه داري,سند حسابداري,1718,1404/11/26,سند عمومي با شماره 1718 ذخيره شد
,شركت كيهان راه شرق (سهامي خاص),1405,رحمانيان,1405/04/06,16:01:11, ويرايش موجوديت,انبار,سند انبار,6086,1405/04/06,سند درخواست كالا از انبار با شماره 6086 ثبت شد
,شركت كيهان راه شرق (سهامي خاص),1405,عبدپور_طرق,1405/04/06,16:00:31,موجوديت جديد,انبار,سند انبار,6087,1405/04/06,سند درخواست كالا از انبار با شماره 6087 ثبت شد
,شركت كيهان راه شرق (سهامي خاص),1405,رحمانيان,1405/04/06,16:00:25, ويرايش موجوديت,انبار,سند انبار,6085,1405/04/06,سند درخواست كالا از انبار با شماره 6085 ثبت شد
,شركت كيهان راه شرق (سهامي خاص),1405,درويش_نيا_تربت,1405/04/06,15:59:46, ويرايش موجوديت,انبار,سند انبار,4022,1405/03/31,سند حواله مصرف ماشين آلات با شماره 4022 ثبت شد
,شركت كيهان راه شرق (سهامي خاص),1405,كريمزاده1,1405/04/06,15:59:44, ويرايش موجوديت,انبار,سند انبار,4021,1405/03/21,سند حواله مصرف ماشين آلات با شماره 4021 ثبت شد
,شركت كيهان راه شرق (سهامي خاص),1405,درويش_نيا_تربت,1405/04/06,15:59:40,موجوديت جديد,انبار,سند انبار,4022,1405/03/31,سند حواله مصرف ماشين آلات با شماره 4022 ثبت شد
,شركت كيهان راه شرق (سهامي خاص),1405,كريمزاده1,1405/04/06,15:59:00,موجوديت جديد,انبار,سند انبار,4021,1405/04/06,سند حواله مصرف ماشين آلات با شماره 4021 ثبت شد
,شركت كيهان راه شرق (سهامي خاص),1405,درويش_نيا_تربت,1405/04/06,15:58:18, ويرايش موجوديت,انبار,سند انبار,4020,1405/03/30,سند حواله مصرف ماشين آلات با شماره 4020 ثبت شد
,شركت كيهان راه شرق (سهامي خاص),1405,درويش_نيا_تربت,1405/04/06,15:58:09,موجوديت جديد,انبار,سند انبار,4020,1405/03/30,سند حواله مصرف ماشين آلات با شماره 4020 ثبت شد
,شركت كيهان راه شرق (سهامي خاص),1405,عليرضاسالاري,1405/04/06,15:57:35, ويرايش موجوديت,انبار,سند انبار,6078,1405/04/06,سند درخواست كالا از انبار با شماره 6078 ثبت شد
,شركت كيهان راه شرق (سهامي خاص),1405,بهرامي1بيرجند,1405/04/06,15:57:00,موجوديت جديد,انبار,سند انبار,4019,1405/04/02,سند حواله مصرف ماشين آلات با شماره 4019 ثبت شد
,شركت كيهان راه شرق (سهامي خاص),1405,عبدپور_طرق,1405/04/06,15:56:55, ويرايش موجوديت,انبار,سند انبار,6086,1405/04/06,سند درخواست كالا از انبار با شماره 6086 ثبت شد
,شركت كيهان راه شرق (سهامي خاص),1405,رحمانيان,1405/04/06,15:56:53, ويرايش موجوديت,انبار,سند انبار,6084,1405/04/06,سند درخواست كالا از انبار با شماره 6084 ثبت شد
,شركت كيهان راه شرق (سهامي خاص),1404,الاجگردي1,1405/04/06,15:56:30, ويرايش موجوديت,خزانه داري,سند حسابداري,30429,1404/07/15,سند عمومي با شماره 30429 تاييد شد
,شركت كيهان راه شرق (سهامي خاص),1405,كريمزاده1,1405/04/06,15:56:13,موجوديت جديد,انبار,سند انبار,4018,1405/03/26,سند حواله مصرف ماشين آلات با شماره 4018 ثبت شد
,شركت كيهان راه شرق (سهامي خاص),1405,رحمانيان,1405/04/06,15:56:12, ويرايش موجوديت,انبار,سند انبار,6083,1405/04/06,سند درخواست كالا از انبار با شماره 6083 ثبت شد
,شركت كيهان راه شرق (سهامي خاص),1405,كريمزاده1,1405/04/06,15:56:10, ويرايش موجوديت,انبار,سند انبار,6085,1405/04/06,سند درخواست كالا از انبار با شماره 6085 ثبت شد
,پايش مسير اقليم,1404,امانيان11,1405/04/06,15:56:08,ورود موفق,,نشست,,,
,شركت كيهان راه شرق (سهامي خاص),1405,مروي,1405/04/06,15:54:54, ويرايش موجوديت,انبار,سند انبار,2638,1405/04/06,سند حواله مصرف  با شماره 2638 ثبت شد
,شركت كيهان راه شرق (سهامي خاص),1405,عليرضاسالاري,1405/04/06,15:54:30, ويرايش موجوديت,انبار,سند انبار,6076,1405/04/06,سند درخواست كالا از انبار با شماره 6076 ثبت شد
,شركت كيهان راه شرق (سهامي خاص),1405,كريمزاده1,1405/04/06,15:54:11, ويرايش موجوديت,انبار,سند انبار,4015,1405/04/01,سند حواله مصرف ماشين آلات با شماره 4015 ثبت شد
,شركت كيهان راه شرق (سهامي خاص),1405,بهرامي1بيرجند,1405/04/06,15:53:25,موجوديت جديد,انبار,سند انبار,4017,1405/04/06,سند حواله مصرف ماشين آلات با شماره 4017 ثبت شد
,شركت كيهان راه شرق (سهامي خاص),1404,الاجگردي1,1405/04/06,15:53:23, ويرايش موجوديت,خزانه داري,سند حسابداري,30421,1404/07/10,سند عمومي با شماره 30421 تاييد شد
,شركت كيهان راه شرق (سهامي خاص),1405,عبدپور_طرق,1405/04/06,15:52:28, ويرايش موجوديت,انبار,سند انبار,6086,1405/04/06,سند درخواست كالا از انبار با شماره 6086 ثبت شد
,شركت كيهان راه شرق (سهامي خاص),1405,يوسفي4خواف,1405/04/06,15:52:26,موجوديت جديد,انبار,سند انبار,4016,1405/04/06,سند حواله مصرف ماشين آلات با شماره 4016 ثبت شد
,شركت كيهان راه شرق (سهامي خاص),1405,كريمزاده1,1405/04/06,15:52:25,موجوديت جديد,انبار,سند انبار,4015,1405/04/06,سند حواله مصرف ماشين آلات با شماره 4015 ثبت شد
,شركت كيهان راه شرق (سهامي خاص),1405,فرامرزسليماني,1405/04/06,15:51:05, ويرايش موجوديت,انبار,سند انبار,5939,1405/04/01,سند درخواست كالا از انبار با شماره 5939 ثبت شد
,شركت كيهان راه شرق (سهامي خاص),1405,درويش_نيا_تربت,1405/04/06,15:51:02, ويرايش موجوديت,انبار,سند انبار,4014,1405/03/29,سند حواله مصرف ماشين آلات با شماره 4014 ثبت شد
,شركت كيهان راه شرق (سهامي خاص),1405,درويش_نيا_تربت,1405/04/06,15:50:54,موجوديت جديد,انبار,سند انبار,4014,1405/03/29,سند حواله مصرف ماشين آلات با شماره 4014 ثبت شد
,شركت كيهان راه شرق (سهامي خاص),1405,فرامرزسليماني,1405/04/06,15:49:55, ويرايش موجوديت,انبار,سند انبار,5939,1405/04/01,سند درخواست كالا از انبار با شماره 5939 ثبت شد
,شركت كيهان راه شرق (سهامي خاص),1405,عليرضاسالاري,1405/04/06,15:49:34,ورود موفق,,نشست,,,
,شركت كيهان راه شرق (سهامي خاص),1405,مروي,1405/04/06,15:49:24,موجوديت جديد,انبار,سند انبار,2638,1405/04/06,سند حواله مصرف  با شماره 2638 ثبت شد
,شركت كيهان راه شرق (سهامي خاص),1405,صفري1,1405/04/06,15:49:23,موجوديت جديد,خزانه داري,سند خزانه داري,87,1405/04/06,سند پرداخت چك مدت دار با شماره 87 ذخيره شد
,شركت كيهان راه شرق (سهامي خاص),1405,كريمزاده1,1405/04/06,15:48:39,موجوديت جديد,انبار,سند انبار,4013,1405/03/16,سند حواله مصرف ماشين آلات با شماره 4013 ثبت شد
,رايان سازه آذرخش,1404,فاطمي9,1405/04/06,15:47:57,ورود موفق,,نشست,,,
,صولت پارس آمود,1404,فاطمي7,1405/04/06,15:47:28, ويرايش موجوديت,خزانه داري,سند حسابداري,3643,1404/12/19,سند عمومي با شماره 3643 تاييد شد
,شركت كيهان راه شرق (سهامي خاص),1405,عبدپور_طرق,1405/04/06,15:46:41,موجوديت جديد,انبار,سند انبار,6086,1405/04/06,سند درخواست كالا از انبار با شماره 6086 ثبت شد
,شركت كيهان راه شرق (سهامي خاص),1405,رحمانيان,1405/04/06,15:46:32, ويرايش موجوديت,انبار,سند انبار,6079,1405/04/06,سند درخواست كالا از انبار با شماره 6079 ثبت شد
,شركت كيهان راه شرق (سهامي خاص),1405,صفري1,1405/04/06,15:46:13, ويرايش موجوديت,خزانه داري,سند خزانه داري,86,1405/04/06,سند پرداخت چك مدت دار با شماره 86 ذخيره شد
,شركت كيهان راه شرق (سهامي خاص),1405,صفري1,1405/04/06,15:45:57, ويرايش موجوديت,خزانه داري,سند خزانه داري,86,1405/04/06,سند پرداخت چك مدت دار با شماره 86 ذخيره شد
,شركت كيهان راه شرق (سهامي خاص),1405,رحمانيان,1405/04/06,15:45:56, ويرايش موجوديت,انبار,سند انبار,6080,1405/04/06,سند درخواست كالا از انبار با شماره 6080 ثبت شد
,شركت كيهان راه شرق (سهامي خاص),1405,رحمانيان,1405/04/06,15:45:35, ويرايش موجوديت,انبار,سند انبار,6081,1405/04/06,سند درخواست كالا از انبار با شماره 6081 ثبت شد
,شركت كيهان راه شرق (سهامي خاص),1405,كريمزاده1,1405/04/06,15:45:28,موجوديت جديد,انبار,سند انبار,6085,1405/04/06,سند درخواست كالا از انبار با شماره 6085 ثبت شد
,شركت كيهان راه شرق (سهامي خاص),1405,رحمانيان,1405/04/06,15:45:09, ويرايش موجوديت,انبار,سند انبار,6082,1405/04/06,سند درخواست كالا از انبار با شماره 6082 ثبت شد
,صولت پارس آمود,1405,الاجگردي7,1405/04/06,15:44:44, ويرايش موجوديت,حسابداري,سند حسابداري,4031,1404/12/28,سند عمومي با شماره 4031 تاييد شد
,شركت كيهان راه شرق (سهامي خاص),1405,عليرضاسالاري,1405/04/06,15:44:36, ويرايش موجوديت,انبار,سند انبار,6069,1405/04/06,سند درخواست كالا از انبار با شماره 6069 ثبت شد
,شركت كيهان راه شرق (سهامي خاص),1405,فرامرزسليماني,1405/04/06,15:44:31,موجوديت جديد,انبار,سند انبار,4765,1405/04/06,سند تاييد درخواست كالا با شماره 4765 ثبت شد
,شركت كيهان راه شرق (سهامي خاص),1405,محمد رضايي,1405/04/06,15:44:31, ويرايش موجوديت,انبار,سند انبار,9,1405/01/01,سند موجودي ابتداي دوره با شماره 9 ثبت شد
,شركت كيهان راه شرق (سهامي خاص),1405,فرامرزسليماني,1405/04/06,15:44:21, ويرايش موجوديت,انبار,سند انبار,5953,1405/04/02,سند درخواست كالا از انبار با شماره 5953 ثبت شد
,شركت كيهان راه شرق (سهامي خاص),1405,فرامرزسليماني,1405/04/06,15:43:43, ويرايش موجوديت,انبار,سند انبار,5945,1405/04/01,سند درخواست كالا از انبار با شماره 5945 ثبت شد
,شركت كيهان راه شرق (سهامي خاص),1405,عليرضاسالاري,1405/04/06,15:43:34, ويرايش موجوديت,انبار,سند انبار,6069,1405/04/06,سند درخواست كالا از انبار با شماره 6069 ثبت شد
,شركت كيهان راه شرق (سهامي خاص),1405,باباپور1,1405/04/06,15:43:10,موجوديت جديد,انبار,سند انبار,4012,1405/04/01,سند حواله مصرف ماشين آلات با شماره 4012 ثبت شد
,صولت پارس آمود,1405,الاجگردي7,1405/04/06,15:42:57,ورود موفق,,نشست,,,
,مينو ساز گلستان,1404,الاجگردي10,1405/04/06,15:42:19, ويرايش موجوديت,خزانه داري,سند حسابداري,1337,1404/12/25,سند عمومي با شماره 1337 تاييد شد
,شركت كيهان راه شرق (سهامي خاص),1405,كريمزاده1,1405/04/06,15:41:15, ويرايش موجوديت,انبار,سند انبار,2637,1405/03/12,سند حواله مصرف  با شماره 2637 ثبت شد
,شركت كيهان راه شرق (سهامي خاص),1405,باباپور1,1405/04/06,15:40:59,موجوديت جديد,انبار,سند انبار,4011,1405/03/31,سند حواله مصرف ماشين آلات با شماره 4011 ثبت شد
,شركت كيهان راه شرق (سهامي خاص),1405,شهنواز1,1405/04/06,15:40:44, ويرايش موجوديت,انبار,سند انبار,6084,1405/04/06,سند درخواست كالا از انبار با شماره 6084 ثبت شد
,شركت كيهان راه شرق (سهامي خاص),1405,كريمزاده1,1405/04/06,15:40:40,موجوديت جديد,انبار,سند انبار,2637,1405/03/12,سند حواله مصرف  با شماره 2637 ثبت شد
,شركت كيهان راه شرق (سهامي خاص),1405,شهنواز1,1405/04/06,15:40:33,موجوديت جديد,انبار,سند انبار,6084,1405/04/06,سند درخواست كالا از انبار با شماره 6084 ثبت شد
,پايش مسير اقليم,1404,فاطمي11,1405/04/06,15:39:57,ورود موفق,,نشست,,,
,شركت كيهان راه شرق (سهامي خاص),1405,رحمانيان,1405/04/06,15:39:36, ويرايش موجوديت,انبار,سند انبار,6082,1405/04/06,سند درخواست كالا از انبار با شماره 6082 ثبت شد
,شركت كيهان راه شرق (سهامي خاص),1405,كريمزاده1,1405/04/06,15:39:27,موجوديت جديد,انبار,سند انبار,6083,1405/04/06,سند درخواست كالا از انبار با شماره 6083 ثبت شد
,شركت كيهان راه شرق (سهامي خاص),1405,فاطمي1,1405/04/06,15:38:50, ويرايش موجوديت,خزانه داري,سند حسابداري,2641,1405/04/01,سند عمومي با شماره 2641 تاييد شد
,شركت قدرت ايمان كوير(سهامي خاص),1404,دادرس3,1405/04/06,15:38:33, ويرايش موجوديت,خزانه داري,سند حسابداري,6066,1404/12/17,سند عمومي با شماره 6066 تاييد شد
,شركت كيهان راه شرق (سهامي خاص),1405,درويش_نيا_تربت,1405/04/06,15:38:09, ويرايش موجوديت,انبار,سند انبار,6082,1405/04/06,سند درخواست كالا از انبار با شماره 6082 ثبت شد
,شركت كيهان راه شرق (سهامي خاص),1405,درويش_نيا_تربت,1405/04/06,15:37:55, ويرايش موجوديت,انبار,سند انبار,6082,1405/04/06,سند درخواست كالا از انبار با شماره 6082 ثبت شد
,شركت كيهان راه شرق (سهامي خاص),1405,فرامرزسليماني,1405/04/06,15:37:35, ويرايش موجوديت,انبار,سند انبار,5945,1405/04/01,سند درخواست كالا از انبار با شماره 5945 ثبت شد
,شركت كيهان راه شرق (سهامي خاص),1405,درويش_نيا_تربت,1405/04/06,15:37:32, ويرايش موجوديت,انبار,سند انبار,6082,1405/04/06,سند درخواست كالا از انبار با شماره 6082 ثبت شد
,شركت كيهان راه شرق (سهامي خاص),1405,درويش_نيا_تربت,1405/04/06,15:37:26,موجوديت جديد,انبار,سند انبار,6082,1405/04/06,سند درخواست كالا از انبار با شماره 6082 ثبت شد
,شركت كيهان راه شرق (سهامي خاص),1405,كريمزاده1,1405/04/06,15:36:01,موجوديت جديد,انبار,سند انبار,6081,1405/04/06,سند درخواست كالا از انبار با شماره 6081 ثبت شد
,شركت كيهان راه شرق (سهامي خاص),1405,كريمزاده1,1405/04/06,15:34:36,موجوديت جديد,انبار,سند انبار,2636,1405/03/09,سند حواله مصرف  با شماره 2636 ثبت شد
,شركت كيهان راه شرق (سهامي خاص),1405,فرامرزسليماني,1405/04/06,15:34:32, ويرايش موجوديت,انبار,سند انبار,6037,1405/04/06,سند درخواست كالا از انبار با شماره 6037 ثبت شد
,شركت كيهان راه شرق (سهامي خاص),1405,فرامرزسليماني,1405/04/06,15:34:03, ويرايش موجوديت,انبار,سند انبار,6037,1405/04/06,سند درخواست كالا از انبار با شماره 6037 ثبت شد
,شركت كيهان راه شرق (سهامي خاص),1405,مجتبي سابقي1,1405/04/06,15:33:20,موجوديت جديد,انبار,سند انبار,2635,1405/04/01,سند حواله مصرف  با شماره 2635 ثبت شد
,شركت كيهان راه شرق (سهامي خاص),1405,كريمزاده1,1405/04/06,15:33:19, ويرايش موجوديت,انبار,سند انبار,6080,1405/04/06,سند درخواست كالا از انبار با شماره 6080 ثبت شد
,شركت كيهان راه شرق (سهامي خاص),1405,درويش_نيا_تربت,1405/04/06,15:33:01, ويرايش موجوديت,انبار,سند انبار,6079,1405/04/06,سند درخواست كالا از انبار با شماره 6079 ثبت شد
,شركت كيهان راه شرق (سهامي خاص),1405,كريمزاده1,1405/04/06,15:32:57,موجوديت جديد,انبار,سند انبار,6080,1405/04/06,سند درخواست كالا از انبار با شماره 6080 ثبت شد
,شركت كيهان راه شرق (سهامي خاص),1405,درويش_نيا_تربت,1405/04/06,15:32:21, ويرايش موجوديت,انبار,سند انبار,6079,1405/04/06,سند درخواست كالا از انبار با شماره 6079 ثبت شد
,شركت كيهان راه شرق (سهامي خاص),1405,كريمزاده1,1405/04/06,15:32:11,موجوديت جديد,انبار,سند انبار,2634,1405/03/11,سند حواله مصرف  با شماره 2634 ثبت شد
,شركت كيهان راه شرق (سهامي خاص),1405,درويش_نيا_تربت,1405/04/06,15:32:09,موجوديت جديد,انبار,سند انبار,6079,1405/04/06,سند درخواست كالا از انبار با شماره 6079 ثبت شد
,شركت كيهان راه شرق (سهامي خاص),1405,يوسفي4خواف,1405/04/06,15:32:03,ورود موفق,,نشست,,,
,شركت كيهان راه شرق (سهامي خاص),1405,رحمانيان,1405/04/06,15:31:41, ويرايش موجوديت,انبار,سند انبار,6078,1405/04/06,سند درخواست كالا از انبار با شماره 6078 ثبت شد
,شركت كيهان راه شرق (سهامي خاص),1405,رحمانيان,1405/04/06,15:31:12,موجوديت جديد,انبار,سند انبار,4764,1405/04/06,سند تاييد درخواست كالا با شماره 4764 ثبت شد
,شركت كيهان راه شرق (سهامي خاص),1405,رحمانيان,1405/04/06,15:31:05, ويرايش موجوديت,انبار,سند انبار,6077,1405/04/06,سند درخواست كالا از انبار با شماره 6077 ثبت شد
,شركت كيهان راه شرق (سهامي خاص),1405,رحمانيان,1405/04/06,15:30:53, ويرايش موجوديت,انبار,سند انبار,6077,1405/04/06,سند درخواست كالا از انبار با شماره 6077 ثبت شد
,شركت كيهان راه شرق (سهامي خاص),1405,محمدحداد,1405/04/06,15:30:29,موجوديت جديد,انبار,سند انبار,4763,1405/04/06,سند تاييد درخواست كالا با شماره 4763 ثبت شد
,شركت كيهان راه شرق (سهامي خاص),1405,رحمانيان,1405/04/06,15:30:26, ويرايش موجوديت,انبار,سند انبار,6076,1405/04/06,سند درخواست كالا از انبار با شماره 6076 ثبت شد
,شركت كيهان راه شرق (سهامي خاص),1405,محمدحداد,1405/04/06,15:30:15, ويرايش موجوديت,انبار,سند انبار,6068,1405/04/06,سند درخواست كالا از انبار با شماره 6068 ثبت شد
,شركت كيهان راه شرق (سهامي خاص),1405,كريمزاده1,1405/04/06,15:30:00, ويرايش موجوديت,انبار,سند انبار,6078,1405/04/06,سند درخواست كالا از انبار با شماره 6078 ثبت شد
,شركت كيهان راه شرق (سهامي خاص),1405,رحمانيان,1405/04/06,15:29:53, ويرايش موجوديت,انبار,سند انبار,4762,1405/04/06,سند تاييد درخواست كالا با شماره 4762 ثبت شد
,شركت كيهان راه شرق (سهامي خاص),1405,مروي,1405/04/06,15:29:53,موجوديت جديد,انبار,سند انبار,8142,1405/03/26,سند رسيد خريد  با شماره 8142 ثبت شد
,شركت كيهان راه شرق (سهامي خاص),1405,رحمانيان,1405/04/06,15:29:48,موجوديت جديد,انبار,سند انبار,4762,1405/04/06,سند تاييد درخواست كالا با شماره 4762 ثبت شد
,شركت كيهان راه شرق (سهامي خاص),1405,رحمانيان,1405/04/06,15:29:34, ويرايش موجوديت,انبار,سند انبار,6071,1405/04/06,سند درخواست كالا از انبار با شماره 6071 ثبت شد
,شركت كيهان راه شرق (سهامي خاص),1405,كريمزاده1,1405/04/06,15:29:18,موجوديت جديد,انبار,سند انبار,6078,1405/04/06,سند درخواست كالا از انبار با شماره 6078 ثبت شد
,شركت كيهان راه شرق (سهامي خاص),1405,رحمانيان,1405/04/06,15:29:08,موجوديت جديد,انبار,سند انبار,4761,1405/04/06,سند تاييد درخواست كالا با شماره 4761 ثبت شد
,شركت كيهان راه شرق (سهامي خاص),1405,رحمانيان,1405/04/06,15:29:00, ويرايش موجوديت,انبار,سند انبار,6072,1405/04/06,سند درخواست كالا از انبار با شماره 6072 ثبت شد
,شركت كيهان راه شرق (سهامي خاص),1405,رحمانيان,1405/04/06,15:28:46, حذف موجوديت,انبار,سند انبار,4758,1405/04/06,سند تاييد درخواست كالا با شماره 4758 حذف شد
,شركت كيهان راه شرق (سهامي خاص),1405,كريمزاده1,1405/04/06,15:28:29,موجوديت جديد,انبار,سند انبار,2633,1405/03/16,سند حواله مصرف  با شماره 2633 ثبت شد
,شركت كيهان راه شرق (سهامي خاص),1405,رحمانيان,1405/04/06,15:27:09, ويرايش موجوديت,انبار,سند انبار,6073,1405/04/06,سند درخواست كالا از انبار با شماره 6073 ثبت شد
,شركت قدرت ايمان كوير(سهامي خاص),1404,دادرس3,1405/04/06,15:27:00, ويرايش موجوديت,حسابداري,سند حسابداري,5717,1404/11/30,سند عمومي با شماره 5717 تاييد شد
,شركت كيهان راه شرق (سهامي خاص),1405,مجتبي سابقي1,1405/04/06,15:26:23, ويرايش موجوديت,انبار,سند انبار,4010,1405/04/01,سند حواله مصرف ماشين آلات با شماره 4010 ثبت شد
,شركت كيهان راه شرق (سهامي خاص),1405,كريمزاده1,1405/04/06,15:25:34,موجوديت جديد,انبار,سند انبار,6077,1405/04/06,سند درخواست كالا از انبار با شماره 6077 ثبت شد
,شركت كيهان راه شرق (سهامي خاص),1405,مجتبي سابقي1,1405/04/06,15:25:19,موجوديت جديد,انبار,سند انبار,4010,1405/04/01,سند حواله مصرف ماشين آلات با شماره 4010 ثبت شد
,شركت كيهان راه شرق (سهامي خاص),1405,مجتبي سابقي1,1405/04/06,15:25:04, ويرايش موجوديت,انبار,سند انبار,2,1405/01/08,سند رسيد خريد  با شماره 2 ثبت شد
,شركت قدرت ايمان كوير(سهامي خاص),1404,دادرس3,1405/04/06,15:24:28, ويرايش موجوديت,خزانه داري,سند حسابداري,5499,1404/11/20,سند عمومي با شماره 5499 تاييد شد
,شركت كيهان راه شرق (سهامي خاص),1405,رحمانيان,1405/04/06,15:23:05,موجوديت جديد,انبار,سند انبار,4760,1405/04/06,سند تاييد درخواست كالا با شماره 4760 ثبت شد
,شركت كيهان راه شرق (سهامي خاص),1405,رحمانيان,1405/04/06,15:22:55, ويرايش موجوديت,انبار,سند انبار,6074,1405/04/06,سند درخواست كالا از انبار با شماره 6074 ثبت شد
,شركت كيهان راه شرق (سهامي خاص),1405,سجادزنگويي1,1405/04/06,15:22:50, ويرايش موجوديت,انبار,سند انبار,6076,1405/04/06,سند درخواست كالا از انبار با شماره 6076 ثبت شد
,شركت كيهان راه شرق (سهامي خاص),1405,سجادزنگويي1,1405/04/06,15:22:36,موجوديت جديد,انبار,سند انبار,6076,1405/04/06,سند درخواست كالا از انبار با شماره 6076 ثبت شد
,شركت كيهان راه شرق (سهامي خاص),1405,رحمانيان,1405/04/06,15:22:32, ويرايش موجوديت,انبار,سند انبار,6075,1405/04/06,سند درخواست كالا از انبار با شماره 6075 ثبت شد
,شركت كيهان راه شرق (سهامي خاص),1405,باباپور1,1405/04/06,15:21:25,موجوديت جديد,انبار,سند انبار,4009,1405/03/31,سند حواله مصرف ماشين آلات با شماره 4009 ثبت شد
,شركت كيهان راه شرق (سهامي خاص),1405,فاطمي1,1405/04/06,15:20:10, ويرايش موجوديت,خزانه داري,سند حسابداري,9182,1404/07/14,سند عمومي با شماره 9182 تاييد شد
,شركت كيهان راه شرق (سهامي خاص),1405,اكبري1,1405/04/06,15:19:54, ويرايش موجوديت,حسابداري,سند حسابداري,30763,1404/12/29,سند عمومي با شماره ثابت 30763 ذخيره شد
,شركت قدرت ايمان كوير(سهامي خاص),1405,سجادي,1405/04/06,15:19:17,ورود موفق,,نشست,,,
,شركت كيهان راه شرق (سهامي خاص),1405,كريمزاده1,1405/04/06,15:19:04,موجوديت جديد,انبار,سند انبار,6075,1405/04/06,سند درخواست كالا از انبار با شماره 6075 ثبت شد
,شركت كيهان راه شرق (سهامي خاص),1405,اكبري1,1405/04/06,15:18:59,موجوديت جديد,حسابداري,سند حسابداري,30763,1404/12/29,سند عمومي با شماره ثابت 30763 ذخيره شد
,شركت كيهان راه شرق (سهامي خاص),1405,صفري1,1405/04/06,15:16:58, ويرايش موجوديت,خزانه داري,سند خزانه داري,86,1405/04/06,سند پرداخت چك مدت دار با شماره 86 ذخيره شد
,شركت كيهان راه شرق (سهامي خاص),1405,صفري1,1405/04/06,15:16:54, ويرايش موجوديت,خزانه داري,سند خزانه داري,86,1405/04/06,سند پرداخت چك مدت دار با شماره 86 ذخيره شد
,شركت كيهان راه شرق (سهامي خاص),1405,كريمزاده1,1405/04/06,15:15:50,موجوديت جديد,انبار,سند انبار,6074,1405/04/06,سند درخواست كالا از انبار با شماره 6074 ثبت شد
,شركت كيهان راه شرق (سهامي خاص),1405,درويش_نيا_تربت,1405/04/06,15:14:55, ويرايش موجوديت,انبار,سند انبار,1975,1405/03/20,سند حواله مصرف  با شماره 1975 ثبت شد
,شركت كيهان راه شرق (سهامي خاص),1405,كريمزاده1,1405/04/06,15:14:40,موجوديت جديد,انبار,سند انبار,2632,1405/03/01,سند حواله مصرف  با شماره 2632 ثبت شد
,شركت كيهان راه شرق (سهامي خاص),1405,درويش_نيا_تربت,1405/04/06,15:14:36, ويرايش موجوديت,انبار,سند انبار,1975,1405/03/20,سند حواله مصرف  با شماره 1975 ثبت شد
,شركت كيهان راه شرق (سهامي خاص),1405,مجتبي سابقي1,1405/04/06,15:14:18, ويرايش موجوديت,انبار,سند انبار,2623,1405/03/31,سند حواله مصرف  با شماره 2623 ثبت شد
,شركت قدرت ايمان كوير(سهامي خاص),1404,اژدري,1405/04/06,15:14:15,ورود موفق,,نشست,,,
,,,اژدري,1405/04/06,15:14:13,ورود ناموفق (عدم صحت نام کاربر يا کلمه عبور),,نشست,,,
,شركت كيهان راه شرق (سهامي خاص),1405,علايي,1405/04/06,15:13:55,موجوديت جديد,انبار,سند انبار,4759,1405/04/06,سند تاييد درخواست كالا با شماره 4759 ثبت شد
,شركت كيهان راه شرق (سهامي خاص),1405,علايي,1405/04/06,15:13:49, ويرايش موجوديت,انبار,سند انبار,5898,1405/03/31,سند درخواست كالا از انبار با شماره 5898 ثبت شد
,شركت كيهان راه شرق (سهامي خاص),1405,علايي,1405/04/06,15:13:29, ويرايش موجوديت,انبار,سند انبار,5898,1405/03/31,سند درخواست كالا از انبار با شماره 5898 ثبت شد
,شركت كيهان راه شرق (سهامي خاص),1405,كريمزاده1,1405/04/06,15:12:55,موجوديت جديد,انبار,سند انبار,2631,1405/03/02,سند حواله مصرف  با شماره 2631 ثبت شد
,شركت كيهان راه شرق (سهامي خاص),1405,سجادزنگويي1,1405/04/06,15:12:34,موجوديت جديد,انبار,سند انبار,8141,1405/03/30,سند رسيد خريد  با شماره 8141 ثبت شد
,كيهان ريل تهران,1405,آقاحاجي19,1405/04/06,15:11:57,موجوديت جديد,حسابداري,سند حسابداري,182,1405/03/24,سند عمومي با شماره ثابت 182 ذخيره شد
,شركت كيهان راه شرق (سهامي خاص),1405,كريمزاده1,1405/04/06,15:10:43, ويرايش موجوديت,انبار,سند انبار,6072,1405/04/06,سند درخواست كالا از انبار با شماره 6072 ثبت شد
,شركت كيهان راه شرق (سهامي خاص),1405,درويش_نيا_تربت,1405/04/06,15:10:28,موجوديت جديد,انبار,سند انبار,6073,1405/04/06,سند درخواست كالا از انبار با شماره 6073 ثبت شد
,شركت كيهان راه شرق (سهامي خاص),1405,كريمزاده1,1405/04/06,15:09:45,موجوديت جديد,انبار,سند انبار,2630,1405/04/02,سند حواله مصرف  با شماره 2630 ثبت شد
,شركت كيهان راه شرق (سهامي خاص),1405,شهنواز1,1405/04/06,15:09:40,موجوديت جديد,انبار,سند انبار,2629,1405/04/06,سند حواله مصرف  با شماره 2629 ثبت شد
,شركت كيهان راه شرق (سهامي خاص),1405,كريمزاده1,1405/04/06,15:08:14, ويرايش موجوديت,انبار,سند انبار,6072,1405/04/06,سند درخواست كالا از انبار با شماره 6072 ثبت شد
,شركت كيهان راه شرق (سهامي خاص),1405,سيناسليماني,1405/04/06,15:07:20,موجوديت جديد,انبار,سند انبار,168,1405/04/06,سند برگشت اماني ما نزد ديگران با شماره 168 ثبت شد
,كيهان ريل تهران,1405,آقاحاجي19,1405/04/06,15:07:18,ورود موفق,,نشست,,,
,شركت كيهان راه شرق (سهامي خاص),1405,كريمزاده1,1405/04/06,15:07:02, ويرايش موجوديت,انبار,سند انبار,6071,1405/04/06,سند درخواست كالا از انبار با شماره 6071 ثبت شد
,شركت كيهان راه شرق (سهامي خاص),1405,مجتبي سابقي1,1405/04/06,15:06:19, ويرايش موجوديت,انبار,سند انبار,2623,1405/03/31,سند حواله مصرف  با شماره 2623 ثبت شد
,شركت كيهان راه شرق (سهامي خاص),1405,سيناسليماني,1405/04/06,15:06:07,ورود موفق,,نشست,,,
,شركت كيهان راه شرق (سهامي خاص),1405,شهنواز1,1405/04/06,15:06:04,موجوديت جديد,انبار,سند انبار,2628,1405/04/06,سند حواله مصرف  با شماره 2628 ثبت شد
,احداث راه پاسارگاد,1405,آقاحاجي16,1405/04/06,15:04:34,موجوديت جديد,حسابداري,سند حسابداري,156,1405/03/26,سند عمومي با شماره ثابت 156 ذخيره شد
,ماهان ستاره كوير,1405,سيدمرتضي_حسيني8,1405/04/06,15:04:21, ويرايش موجوديت,حسابداري,سند حسابداري,131,1405/04/06,سند عمومي با شماره ثابت 131 ذخيره شد
,شركت كيهان راه شرق (سهامي خاص),1405,كريمزاده1,1405/04/06,15:03:39, ويرايش موجوديت,انبار,سند انبار,2627,1405/03/03,سند حواله مصرف  با شماره 2627 ثبت شد
,شركت كيهان راه شرق (سهامي خاص),1405,رحمانيان,1405/04/06,15:03:34,موجوديت جديد,انبار,سند انبار,4758,1405/04/06,سند تاييد درخواست كالا با شماره 4758 ثبت شد
,شركت كيهان راه شرق (سهامي خاص),1405,رحمانيان,1405/04/06,15:03:26, ويرايش موجوديت,انبار,سند انبار,6072,1405/04/06,سند درخواست كالا از انبار با شماره 6072 ثبت شد
,شركت كيهان راه شرق (سهامي خاص),1405,رحمانيان,1405/04/06,15:03:18, ويرايش موجوديت,انبار,سند انبار,6072,1405/04/06,سند درخواست كالا از انبار با شماره 6072 ثبت شد
,شركت كيهان راه شرق (سهامي خاص),1405,محمد رضايي,1405/04/06,15:03:05, ويرايش موجوديت,انبار,سند انبار,3,1405/01/01,سند موجودي ابتداي دوره با شماره 3 ثبت شد
,ماهان ستاره كوير,1405,سيدمرتضي_حسيني8,1405/04/06,15:03:02,ورود موفق,,نشست,,,
,شركت كيهان راه شرق (سهامي خاص),1405,كريمزاده1,1405/04/06,15:03:00,موجوديت جديد,انبار,سند انبار,2627,1405/03/03,سند حواله مصرف  با شماره 2627 ثبت شد
,شركت كيهان راه شرق (سهامي خاص),1405,مجتبي سابقي1,1405/04/06,15:02:57, ويرايش موجوديت,انبار,سند انبار,2623,1405/03/31,سند حواله مصرف  با شماره 2623 ثبت شد
,پايش مسير اقليم,1405,سيدمرتضي_حسيني11,1405/04/06,15:02:34, ويرايش موجوديت,حسابداري,سند حسابداري,136,1405/04/06,سند عمومي با شماره ثابت 136 ذخيره شد
,شركت كيهان راه شرق (سهامي خاص),1405,محمدمختاري,1405/04/06,15:02:33,موجوديت جديد,انبار,سند انبار,4757,1405/04/06,سند تاييد درخواست كالا با شماره 4757 ثبت شد
,شركت كيهان راه شرق (سهامي خاص),1405,عبدپور_طرق,1405/04/06,15:02:21,موجوديت جديد,انبار,سند انبار,1706,1405/04/06,سند حواله انتقال بين انبار با شماره 1706 ثبت شد
,شركت كيهان راه شرق (سهامي خاص),1405,محمدمختاري,1405/04/06,15:02:17, ويرايش موجوديت,انبار,سند انبار,6023,1405/04/06,سند درخواست كالا از انبار با شماره 6023 ثبت شد
,شركت كيهان راه شرق (سهامي خاص),1405,كريمزاده1,1405/04/06,15:01:59,موجوديت جديد,انبار,سند انبار,6072,1405/04/06,سند درخواست كالا از انبار با شماره 6072 ثبت شد
,پايش مسير اقليم,1405,سيدمرتضي_حسيني11,1405/04/06,15:01:57,ورود موفق,,نشست,,,
,شركت كيهان راه شرق (سهامي خاص),1405,مجتبي سابقي1,1405/04/06,15:01:51, ويرايش موجوديت,انبار,سند انبار,2623,1405/03/31,سند حواله مصرف  با شماره 2623 ثبت شد
,شركت كيهان راه شرق (سهامي خاص),1405,فرامرزسليماني,1405/04/06,15:01:26, ويرايش موجوديت,انبار,سند انبار,6037,1405/04/06,سند درخواست كالا از انبار با شماره 6037 ثبت شد
,شركت كيهان راه شرق (سهامي خاص),1405,عليزاده,1405/04/06,15:01:23, ويرايش موجوديت,انبار,سند انبار,5412,1405/03/25,سند درخواست كالا از انبار با شماره 5412 ثبت شد
,شركت كيهان راه شرق (سهامي خاص),1405,رحمانيان,1405/04/06,15:01:21, ويرايش موجوديت,انبار,سند انبار,6071,1405/04/06,سند درخواست كالا از انبار با شماره 6071 ثبت شد
,شركت كيهان راه شرق (سهامي خاص),1405,فرامرزسليماني,1405/04/06,15:01:20, ويرايش موجوديت,انبار,سند انبار,6037,1405/04/06,سند درخواست كالا از انبار با شماره 6037 ثبت شد
,شركت كيهان راه شرق (سهامي خاص),1405,عبدپور_طرق,1405/04/06,15:00:58, ويرايش موجوديت,انبار,سند انبار,1473,1405/03/25,سند رسيد انتقال بين انبار با شماره 1473 ثبت شد
,شركت كيهان راه شرق (سهامي خاص),1405,عبدپور_طرق,1405/04/06,15:00:48, ويرايش موجوديت,انبار,سند انبار,1473,1405/04/25,سند رسيد انتقال بين انبار با شماره 1473 ثبت شد
,شركت كيهان راه شرق (سهامي خاص),1405,سيدمرتضي_حسيني1,1405/04/06,15:00:48, ويرايش موجوديت,حسابداري,سند حسابداري,2697,1405/04/06,سند عمومي با شماره ثابت 2697 ذخيره شد
,شركت كيهان راه شرق (سهامي خاص),1405,رحمانيان,1405/04/06,15:00:45, ويرايش موجوديت,انبار,سند انبار,6067,1405/04/06,سند درخواست كالا از انبار با شماره 6067 ثبت شد
,شركت كيهان راه شرق (سهامي خاص),1405,كريمزاده1,1405/04/06,15:00:44,موجوديت جديد,انبار,سند انبار,891,1405/03/03,سند حواله  اماني ما نزد ديگران با شماره 891 ثبت شد
,شركت كيهان راه شرق (سهامي خاص),1405,عليزاده,1405/04/06,15:00:38,موجوديت جديد,انبار,سند انبار,4756,1405/04/06,سند تاييد درخواست كالا با شماره 4756 ثبت شد
,شركت كيهان راه شرق (سهامي خاص),1405,فرامرزسليماني,1405/04/06,15:00:31, ويرايش موجوديت,انبار,سند انبار,6035,1405/04/06,سند درخواست كالا از انبار با شماره 6035 ثبت شد
,احداث راه پاسارگاد,1405,سيدمرتضي_حسيني16,1405/04/06,15:00:31,موجوديت جديد,حسابداري,سند حسابداري,155,1405/04/06,سند عمومي با شماره ثابت 155 ذخيره شد
,شركت كيهان راه شرق (سهامي خاص),1405,عبدپور_طرق,1405/04/06,15:00:26, ويرايش موجوديت,انبار,سند انبار,1475,1405/03/23,سند رسيد انتقال بين انبار با شماره 1475 ثبت شد
,شركت كيهان راه شرق (سهامي خاص),1405,رحمانيان,1405/04/06,15:00:15, ويرايش موجوديت,انبار,سند انبار,6068,1405/04/06,سند درخواست كالا از انبار با شماره 6068 ثبت شد
,شركت كيهان راه شرق (سهامي خاص),1405,سيدمرتضي_حسيني1,1405/04/06,15:00:09,ورود موفق,,نشست,,,
,شركت كيهان راه شرق (سهامي خاص),1405,پاشايي,1405/04/06,15:00:07,موجوديت جديد,انبار,سند انبار,8140,1405/03/27,سند رسيد خريد  با شماره 8140 ثبت شد
,شركت كيهان راه شرق (سهامي خاص),1405,رحمانيان,1405/04/06,14:59:49, ويرايش موجوديت,انبار,سند انبار,6069,1405/04/06,سند درخواست كالا از انبار با شماره 6069 ثبت شد
,صولت پارس آمود,1405,سيدمرتضي_حسيني7,1405/04/06,14:59:41, ويرايش موجوديت,حسابداري,سند حسابداري,714,1405/04/06,سند عمومي با شماره ثابت 714 ذخيره شد
,شركت كيهان راه شرق (سهامي خاص),1405,شهنواز1,1405/04/06,14:59:34,موجوديت جديد,انبار,سند انبار,2626,1405/04/06,سند حواله مصرف  با شماره 2626 ثبت شد
,شركت كيهان راه شرق (سهامي خاص),1405,ارغواني1,1405/04/06,14:59:15,موجوديت جديد,انبار,سند انبار,1490,1405/01/24,سند رسيد انتقال بين انبار با شماره 1490 ثبت شد
,شركت كيهان راه شرق (سهامي خاص),1405,كريمزاده1,1405/04/06,14:59:14,موجوديت جديد,انبار,سند انبار,6071,1405/04/06,سند درخواست كالا از انبار با شماره 6071 ثبت شد
,صولت پارس آمود,1405,سيدمرتضي_حسيني7,1405/04/06,14:59:02,ورود موفق,,نشست,,,
,شركت كيهان راه شرق (سهامي خاص),1405,مجتبي سابقي1,1405/04/06,14:58:37, ويرايش موجوديت,انبار,سند انبار,2623,1405/03/31,سند حواله مصرف  با شماره 2623 ثبت شد
,احداث راه پاسارگاد,1405,آقاحاجي16,1405/04/06,14:58:20,موجوديت جديد,حسابداري,سند حسابداري,154,1405/03/23,سند عمومي با شماره ثابت 154 ذخيره شد
,رايان سازه آذرخش,1405,سيدمرتضي_حسيني9,1405/04/06,14:58:19, ويرايش موجوديت,حسابداري,سند حسابداري,231,1405/04/06,سند عمومي با شماره ثابت 231 ذخيره شد
,شركت كيهان راه شرق (سهامي خاص),1405,رحمانيان,1405/04/06,14:58:14, ويرايش موجوديت,انبار,سند انبار,6070,1405/04/06,سند درخواست كالا از انبار با شماره 6070 ثبت شد
,شركت كيهان راه شرق (سهامي خاص),1404,جلالي1,1405/04/06,14:57:48,موجوديت جديد,حسابداري,سند حسابداري,2698,1405/03/12,سند عمومي با شماره ثابت 2698 ذخيره شد
,شركت كيهان راه شرق (سهامي خاص),1405,مجتبي سابقي1,1405/04/06,14:57:37, ويرايش موجوديت,انبار,سند انبار,2623,1405/03/31,سند حواله مصرف  با شماره 2623 ثبت شد
,شركت كيهان راه شرق (سهامي خاص),1405,مجتبي سابقي1,1405/04/06,14:57:17, ويرايش موجوديت,انبار,سند انبار,2623,1405/03/31,سند حواله مصرف  با شماره 2623 ثبت شد
,شركت كيهان راه شرق (سهامي خاص),1405,شهنواز1,1405/04/06,14:57:01,ورود موفق,,نشست,,,
,شركت كيهان راه شرق (سهامي خاص),1405,محمد رضايي,1405/04/06,14:57:00, ويرايش موجوديت,انبار,سند انبار,13,1405/01/01,سند موجودي ابتداي دوره با شماره 13 ثبت شد
,,,شهنواز1,1405/04/06,14:56:56,ورود ناموفق (عدم صحت نام کاربر يا کلمه عبور),,نشست,,,
,شركت كيهان راه شرق (سهامي خاص),1405,مروي,1405/04/06,14:56:36,موجوديت جديد,انبار,سند انبار,6070,1405/04/06,سند درخواست كالا از انبار با شماره 6070 ثبت شد
,رايان سازه آذرخش,1405,سيدمرتضي_حسيني9,1405/04/06,14:56:28,موجوديت جديد,حسابداري,سند حسابداري,231,1405/04/06,سند عمومي با شماره ثابت 231 ذخيره شد
,شركت كيهان راه شرق (سهامي خاص),1405,كريمزاده1,1405/04/06,14:56:17,موجوديت جديد,انبار,سند انبار,2625,1405/03/04,سند حواله مصرف  با شماره 2625 ثبت شد
,تفتان ره ساز پارس,1405,محدثه_قاسمي,1405/04/06,14:55:23,ورود موفق,,نشست,,,
,شركت كيهان راه شرق (سهامي خاص),1405,پاشايي,1405/04/06,14:53:53,موجوديت جديد,انبار,سند انبار,1705,1405/03/03,سند حواله انتقال بين انبار با شماره 1705 ثبت شد
,احداث راه پاسارگاد,1405,آقاحاجي16,1405/04/06,14:53:22,ورود موفق,,نشست,,,
,رايان سازه آذرخش,1405,سيدمرتضي_حسيني9,1405/04/06,14:52:28,ورود موفق,,نشست,,,
,تفتان ره ساز پارس,1405,آقاحاجي15,1405/04/06,14:51:47,موجوديت جديد,حسابداري,سند حسابداري,439,1405/03/26,سند عمومي با شماره ثابت 439 ذخيره شد
,شركت كيهان راه شرق (سهامي خاص),1405,مجتبي سابقي1,1405/04/06,14:50:58, ويرايش موجوديت,انبار,سند انبار,2623,1405/03/31,سند حواله مصرف  با شماره 2623 ثبت شد
,شركت كيهان راه شرق (سهامي خاص),1405,كريمزاده1,1405/04/06,14:50:49,موجوديت جديد,انبار,سند انبار,2624,1405/03/04,سند حواله مصرف  با شماره 2624 ثبت شد
,ماهان ستاره كوير,1405,سيدمرتضي_حسيني8,1405/04/06,14:49:56,موجوديت جديد,حسابداري,سند حسابداري,131,1405/04/06,سند عمومي با شماره ثابت 131 ذخيره شد
,احداث راه پاسارگاد,1405,سيدمرتضي_حسيني16,1405/04/06,14:49:53,ورود موفق,,نشست,,,
,شركت كيهان راه شرق (سهامي خاص),1405,مجتبي سابقي1,1405/04/06,14:49:31,موجوديت جديد,انبار,سند انبار,2623,1405/03/31,سند حواله مصرف  با شماره 2623 ثبت شد
,شركت كيهان راه شرق (سهامي خاص),1405,كريمزاده1,1405/04/06,14:49:17,ورود موفق,,نشست,,,
,ماهان ستاره كوير,1405,سيدمرتضي_حسيني8,1405/04/06,14:48:08,ورود موفق,,نشست,,,
,شركت كيهان راه شرق (سهامي خاص),1404,شاهروديان1,1405/04/06,14:47:13, ويرايش موجوديت,خزانه داري,سند حسابداري,29100,1404/12/10,سند عمومي با شماره 29100 تاييد شد
,شركت دنا بنيان بيرجند (سهامي خاص),1404,اكبري2,1405/04/06,14:46:25,موجوديت جديد,حسابداري,سند حسابداري,8985,1404/12/29,سند عمومي با شماره ثابت 8985 ذخيره شد
,شركت كيهان راه شرق (سهامي خاص),1404,شاهروديان1,1405/04/06,14:46:18, ويرايش موجوديت,خزانه داري,سند حسابداري,29102,1404/12/01,سند عمومي با شماره 29102 تاييد شد
,صولت پارس آمود,1405,سيدمرتضي_حسيني7,1405/04/06,14:45:56,موجوديت جديد,حسابداري,سند حسابداري,714,1405/04/06,سند عمومي با شماره ثابت 714 ذخيره شد
,شركت قدرت ايمان كوير(سهامي خاص),1405,پوريامومني3,1405/04/06,14:45:35,موجوديت جديد,خزانه داري,سند حسابداري,8133,1404/08/22,سند عمومي با شماره 8133 ذخيره شد
,شركت قدرت ايمان كوير(سهامي خاص),1405,پوريامومني3,1405/04/06,14:45:17,موجوديت جديد,خزانه داري,سند خزانه داري,2491,1404/08/22,سند صورت هزينه تنخواه با شماره 2491 ذخيره شد
,شركت كيهان راه شرق (سهامي خاص),1404,شاهروديان1,1405/04/06,14:45:12, ويرايش موجوديت,خزانه داري,سند حسابداري,29103,1404/11/30,سند عمومي با شماره 29103 تاييد شد
,صولت پارس آمود,1405,سيدمرتضي_حسيني7,1405/04/06,14:44:50,ورود موفق,,نشست,,,
,شركت كيهان راه شرق (سهامي خاص),1405,سجادزنگويي1,1405/04/06,14:44:30, ويرايش موجوديت,انبار,سند انبار,6069,1405/04/06,سند درخواست كالا از انبار با شماره 6069 ثبت شد
,شركت قدرت ايمان كوير(سهامي خاص),1405,محدثه_قاسمي3,1405/04/06,14:44:21, ويرايش موجوديت,خزانه داري,سند حسابداري,6355,1404/12/29,سند عمومي با شماره 6355 ذخيره شد
,شركت كيهان راه شرق (سهامي خاص),1404,شاهروديان1,1405/04/06,14:44:10, ويرايش موجوديت,خزانه داري,سند حسابداري,29105,1404/11/18,سند عمومي با شماره 29105 تاييد شد
,شركت كيهان راه شرق (سهامي خاص),1405,رحمانيان,1405/04/06,14:44:07, ويرايش موجوديت,انبار,سند انبار,6065,1405/04/06,سند درخواست كالا از انبار با شماره 6065 ثبت شد
,شركت كيهان راه شرق (سهامي خاص),1405,صفري1,1405/04/06,14:44:02, ويرايش موجوديت,خزانه داري,سند خزانه داري,86,1405/04/06,سند پرداخت چك مدت دار با شماره 86 ذخيره شد
,شركت كيهان راه شرق (سهامي خاص),1405,سجادزنگويي1,1405/04/06,14:44:02,موجوديت جديد,انبار,سند انبار,6069,1405/04/06,سند درخواست كالا از انبار با شماره 6069 ثبت شد
,شركت كيهان راه شرق (سهامي خاص),1405,پاشايي,1405/04/06,14:43:43,موجوديت جديد,انبار,سند انبار,8139,1405/03/03,سند رسيد خريد  با شماره 8139 ثبت شد
,شركت كيهان راه شرق (سهامي خاص),1405,صفري1,1405/04/06,14:43:33, ويرايش موجوديت,خزانه داري,سند خزانه داري,86,1405/04/06,سند پرداخت چك مدت دار با شماره 86 ذخيره شد
,شركت كيهان راه شرق (سهامي خاص),1405,سيدمرتضي_حسيني1,1405/04/06,14:43:25,موجوديت جديد,حسابداري,سند حسابداري,2697,1405/04/06,سند عمومي با شماره ثابت 2697 ذخيره شد
,شركت قدرت ايمان كوير(سهامي خاص),1405,پوريامومني3,1405/04/06,14:43:17,موجوديت جديد,خزانه داري,سند حسابداري,8132,1404/08/12,سند عمومي با شماره 8132 ذخيره شد
,شركت دنا بنيان بيرجند (سهامي خاص),1405,قاسمي2,1405/04/06,14:43:16,ورود موفق,,نشست,,,
,شركت كيهان راه شرق (سهامي خاص),1405,مروي,1405/04/06,14:43:14,موجوديت جديد,انبار,سند انبار,6068,1405/04/06,سند درخواست كالا از انبار با شماره 6068 ثبت شد
,شركت كيهان راه شرق (سهامي خاص),1405,كريمزاده1,1405/04/06,14:43:01,موجوديت جديد,انبار,سند انبار,2622,1405/03/04,سند حواله مصرف  با شماره 2622 ثبت شد
,شركت قدرت ايمان كوير(سهامي خاص),1405,پوريامومني3,1405/04/06,14:43:00,موجوديت جديد,خزانه داري,سند خزانه داري,2490,1404/08/12,سند صورت هزينه تنخواه با شماره 2490 ذخيره شد
,شركت كيهان راه شرق (سهامي خاص),1405,رحمانيان,1405/04/06,14:42:31, ويرايش موجوديت,انبار,سند انبار,6066,1405/04/06,سند درخواست كالا از انبار با شماره 6066 ثبت شد
,شركت قدرت ايمان كوير(سهامي خاص),1405,محدثه_قاسمي3,1405/04/06,14:42:21, ويرايش موجوديت,خزانه داري,سند حسابداري,4871,1404/10/25,سند عمومي با شماره 4871 ذخيره شد
,شركت كيهان راه شرق (سهامي خاص),1405,عليزاده,1405/04/06,14:42:19,موجوديت جديد,انبار,سند انبار,4755,1405/04/06,سند تاييد درخواست كالا با شماره 4755 ثبت شد
,شركت كيهان راه شرق (سهامي خاص),1405,سيدمرتضي_حسيني1,1405/04/06,14:42:16,ورود موفق,,نشست,,,
,شركت قدرت ايمان كوير(سهامي خاص),1405,محدثه_قاسمي3,1405/04/06,14:42:13, ويرايش موجوديت,خزانه داري,سند حسابداري,4871,1404/10/25,سند عمومي با شماره 4871 ذخيره شد
,شركت كيهان راه شرق (سهامي خاص),1405,عليزاده,1405/04/06,14:42:11, ويرايش موجوديت,انبار,سند انبار,5363,1405/03/25,سند درخواست كالا از انبار با شماره 5363 ثبت شد
,شركت قدرت ايمان كوير(سهامي خاص),1404,اژدري,1405/04/06,14:42:01,ورود موفق,,نشست,,,
,شركت كيهان راه شرق (سهامي خاص),1405,عليرضاسالاري,1405/04/06,14:41:54, ويرايش موجوديت,انبار,سند انبار,6037,1405/04/06,سند درخواست كالا از انبار با شماره 6037 ثبت شد
,شركت كيهان راه شرق (سهامي خاص),1405,رحمانيان,1405/04/06,14:41:38, ويرايش موجوديت,انبار,سند انبار,6066,1405/04/06,سند درخواست كالا از انبار با شماره 6066 ثبت شد
,شركت كيهان راه شرق (سهامي خاص),1405,مجتبي سابقي1,1405/04/06,14:41:26, ويرايش موجوديت,انبار,سند انبار,2621,1405/04/01,سند حواله مصرف  با شماره 2621 ثبت شد
,شركت قدرت ايمان كوير(سهامي خاص),1405,پوريامومني3,1405/04/06,14:41:19,موجوديت جديد,خزانه داري,سند حسابداري,8131,1404/08/21,سند عمومي با شماره 8131 ذخيره شد
,شركت قدرت ايمان كوير(سهامي خاص),1405,پوريامومني3,1405/04/06,14:41:01,موجوديت جديد,خزانه داري,سند خزانه داري,2489,1404/08/21,سند صورت هزينه تنخواه با شماره 2489 ذخيره شد
,شركت كيهان راه شرق (سهامي خاص),1405,بهرامي1بيرجند,1405/04/06,14:40:58,موجوديت جديد,انبار,سند انبار,6067,1405/04/06,سند درخواست كالا از انبار با شماره 6067 ثبت شد
,شركت كيهان راه شرق (سهامي خاص),1405,صفري1,1405/04/06,14:40:41,ورود موفق,,نشست,,,
,شركت كيهان راه شرق (سهامي خاص),1405,باباپور1,1405/04/06,14:40:34,ورود موفق,,نشست,,,
,شركت كيهان راه شرق (سهامي خاص),1405,سپهريان1,1405/04/06,14:40:19, ويرايش موجوديت,خزانه داري,سند حسابداري,955,1405/02/26,سند عمومي با شماره 955 ذخيره شد
,شركت كيهان راه شرق (سهامي خاص),1405,عليزاده,1405/04/06,14:40:18,موجوديت جديد,انبار,سند انبار,4754,1405/04/06,سند تاييد درخواست كالا با شماره 4754 ثبت شد
,شركت كيهان راه شرق (سهامي خاص),1405,عليزاده,1405/04/06,14:40:07, ويرايش موجوديت,انبار,سند انبار,5789,1405/03/30,سند درخواست كالا از انبار با شماره 5789 ثبت شد
,پايش مسير اقليم,1404,سيدمرتضي_حسيني11,1405/04/06,14:40:01,موجوديت جديد,حسابداري,سند حسابداري,136,1405/04/06,سند عمومي با شماره ثابت 136 ذخيره شد
,شركت كيهان راه شرق (سهامي خاص),1405,قاسمي1,1405/04/06,14:39:52, ويرايش موجوديت,خزانه داري,سند حسابداري,2696,1405/03/31,سند عمومي با شماره 2696 ذخيره شد
,شركت كيهان راه شرق (سهامي خاص),1405,عليزاده,1405/04/06,14:39:33, ويرايش موجوديت,انبار,سند انبار,5789,1405/03/30,سند درخواست كالا از انبار با شماره 5789 ثبت شد
,شركت كيهان راه شرق (سهامي خاص),1405,عليزاده,1405/04/06,14:39:00,موجوديت جديد,انبار,سند انبار,4753,1405/04/06,سند تاييد درخواست كالا با شماره 4753 ثبت شد
,شركت كيهان راه شرق (سهامي خاص),1405,عليزاده,1405/04/06,14:38:52, ويرايش موجوديت,انبار,سند انبار,5398,1405/03/25,سند درخواست كالا از انبار با شماره 5398 ثبت شد
,شركت كيهان راه شرق (سهامي خاص),1405,سپهريان1,1405/04/06,14:38:32,ورود موفق,,نشست,,,
,شركت قدرت ايمان كوير(سهامي خاص),1405,سپهريان3,1405/04/06,14:37:52, ويرايش موجوديت,خزانه داري,سند حسابداري,5499,1404/11/20,سند عمومي با شماره 5499 ذخيره شد
,پايش مسير اقليم,1404,سيدمرتضي_حسيني11,1405/04/06,14:37:42,ورود موفق,,نشست,,,
,شركت كيهان راه شرق (سهامي خاص),1405,مجتبي سابقي1,1405/04/06,14:37:37,موجوديت جديد,انبار,سند انبار,2621,1405/04/01,سند حواله مصرف  با شماره 2621 ثبت شد
,شركت كيهان راه شرق (سهامي خاص),1405,قاسمي1,1405/04/06,14:37:09,موجوديت جديد,خزانه داري,سند حسابداري,2696,1405/03/31,سند عمومي با شماره 2696 ذخيره شد
,شركت كيهان راه شرق (سهامي خاص),1405,قاسمي1,1405/04/06,14:37:00, ويرايش موجوديت,خزانه داري,سند خزانه داري,336,1405/03/31,سند اعلاميه برداشت ريالي با شماره 336 ذخيره شد
,شركت كيهان راه شرق (سهامي خاص),1404,جلالي1,1405/04/06,14:36:59,موجوديت جديد,حسابداري,سند حسابداري,2695,1405/03/24,سند عمومي با شماره ثابت 2695 ذخيره شد
,شركت كيهان راه شرق (سهامي خاص),1405,قاسمي1,1405/04/06,14:36:54,موجوديت جديد,خزانه داري,سند خزانه داري,336,1405/03/31,سند اعلاميه برداشت ريالي با شماره 336 ذخيره شد
,شركت كيهان راه شرق (سهامي خاص),1405,رحمانيان,1405/04/06,14:36:18, ويرايش موجوديت,انبار,سند انبار,6061,1405/04/06,سند درخواست كالا از انبار با شماره 6061 ثبت شد
,شركت كيهان راه شرق (سهامي خاص),1404,شاهروديان1,1405/04/06,14:35:52, ويرايش موجوديت,خزانه داري,سند حسابداري,29484,1404/11/30,سند عمومي با شماره 29484 تاييد شد
,شركت كيهان راه شرق (سهامي خاص),1405,رحمانيان,1405/04/06,14:35:51,موجوديت جديد,انبار,سند انبار,4752,1405/04/06,سند تاييد درخواست كالا با شماره 4752 ثبت شد
,شركت كيهان راه شرق (سهامي خاص),1405,بهرامي1بيرجند,1405/04/06,14:35:46,موجوديت جديد,انبار,سند انبار,4008,1405/04/06,سند حواله مصرف ماشين آلات با شماره 4008 ثبت شد
,شركت كيهان راه شرق (سهامي خاص),1405,رحمانيان,1405/04/06,14:35:43, ويرايش موجوديت,انبار,سند انبار,6062,1405/04/06,سند درخواست كالا از انبار با شماره 6062 ثبت شد
,شركت كيهان راه شرق (سهامي خاص),1405,رحمانيان,1405/04/06,14:35:23, ويرايش موجوديت,انبار,سند انبار,6062,1405/04/06,سند درخواست كالا از انبار با شماره 6062 ثبت شد
,شركت كيهان راه شرق (سهامي خاص),1405,عليرضاسالاري,1405/04/06,14:35:03, ويرايش موجوديت,انبار,سند انبار,6037,1405/04/06,سند درخواست كالا از انبار با شماره 6037 ثبت شد
,شركت كيهان راه شرق (سهامي خاص),1405,قاسمي1,1405/04/06,14:34:24,ورود موفق,,نشست,,,
,شركت قدرت ايمان كوير(سهامي خاص),1405,سپهريان3,1405/04/06,14:33:55,ورود موفق,,نشست,,,
,مينو ساز گلستان,1404,الاجگردي10,1405/04/06,14:33:42, ويرايش موجوديت,خزانه داري,سند حسابداري,1338,1404/12/15,سند عمومي با شماره 1338 تاييد شد
,تفتان ره ساز پارس,1405,آقاحاجي15,1405/04/06,14:33:21,ورود موفق,,نشست,,,
,شركت قدرت ايمان كوير(سهامي خاص),1405,پوريامومني3,1405/04/06,14:32:53,موجوديت جديد,خزانه داري,سند حسابداري,8130,1404/08/13,سند عمومي با شماره 8130 ذخيره شد
,شركت بنا بام بيستون (سهامي خاص),1405,سپهريان4,1405/04/06,14:32:38,ورود موفق,,نشست,,,
,شركت قدرت ايمان كوير(سهامي خاص),1405,پوريامومني3,1405/04/06,14:32:31,موجوديت جديد,خزانه داري,سند خزانه داري,2488,1404/08/13,سند صورت هزينه تنخواه با شماره 2488 ذخيره شد
,مينو ساز گلستان,1404,الاجگردي10,1405/04/06,14:31:43, ويرايش موجوديت,خزانه داري,سند حسابداري,1320,1404/11/22,سند عمومي با شماره 1320 تاييد شد
,شركت كيهان راه شرق (سهامي خاص),1405,كريمزاده1,1405/04/06,14:31:33,موجوديت جديد,انبار,سند انبار,2620,1405/03/04,سند حواله مصرف  با شماره 2620 ثبت شد
,صولت پارس آمود,1405,آقاحاجي7,1405/04/06,14:31:31,موجوديت جديد,حسابداري,سند حسابداري,713,1405/03/26,سند عمومي با شماره ثابت 713 ذخيره شد
,شركت برش كوه آريا پارت (سهامي خاص),1405,شاهوردي5,1405/04/06,14:31:19,ورود موفق,,نشست,,,
,شركت كيهان راه شرق (سهامي خاص),1405,محمد رضايي,1405/04/06,14:30:45, ويرايش موجوديت,انبار,سند انبار,10,1405/01/01,سند موجودي ابتداي دوره با شماره 10 ثبت شد
,شركت كيهان راه شرق (سهامي خاص),1405,برزگررشتخواري,1405/04/06,14:29:57,موجوديت جديد,انبار,سند انبار,6066,1405/04/06,سند درخواست كالا از انبار با شماره 6066 ثبت شد
,شركت قدرت ايمان كوير(سهامي خاص),1405,كاظميان3,1405/04/06,14:28:44,موجوديت جديد,خزانه داري,سند حسابداري,8129,1404/07/30,سند عمومي با شماره 8129 ذخيره شد
,شركت كيهان راه شرق (سهامي خاص),1405,باباپور1,1405/04/06,14:28:07, ويرايش موجوديت,انبار,سند انبار,4006,1405/03/29,سند حواله مصرف ماشين آلات با شماره 4006 ثبت شد
,شركت قدرت ايمان كوير(سهامي خاص),1405,كاظميان3,1405/04/06,14:28:02,موجوديت جديد,خزانه داري,سند خزانه داري,2487,1404/07/30,سند صورت هزينه تنخواه با شماره 2487 ذخيره شد
,شركت برش كوه آريا پارت (سهامي خاص),1404,جوانمرد5,1405/04/06,14:27:58,ورود موفق,,نشست,,,
,شعبه ششم,1405,غلامي6,1405/04/06,14:27:24,موجوديت جديد,حسابداري,سند حسابداري,129,1405/04/02,سند عمومي با شماره ثابت 129 ذخيره شد
,شركت قدرت ايمان كوير(سهامي خاص),1405,محدثه_قاسمي3,1405/04/06,14:26:34,ورود موفق,,نشست,,,
,شركت كيهان راه شرق (سهامي خاص),1405,صابونيزاده1,1405/04/06,14:26:16,موجوديت جديد,انبار,سند انبار,8138,1405/03/19,سند رسيد خريد  با شماره 8138 ثبت شد
,شركت كيهان راه شرق (سهامي خاص),1405,محدثه_قاسمي1,1405/04/06,14:26:12, ويرايش موجوديت,خزانه داري,سند حسابداري,1041,1405/02/28,سند عمومي با شماره 1041 ذخيره شد
,شركت كيهان راه شرق (سهامي خاص),1404,جلالي1,1405/04/06,14:25:55,موجوديت جديد,حسابداري,سند حسابداري,2694,1405/03/23,سند عمومي با شماره ثابت 2694 ذخيره شد
,شركت كيهان راه شرق (سهامي خاص),1405,محدثه_قاسمي1,1405/04/06,14:25:42, ويرايش موجوديت,خزانه داري,سند حسابداري,1041,1405/02/28,سند عمومي با شماره 1041 ذخيره شد
,شركت كيهان راه شرق (سهامي خاص),1405,محدثه_قاسمي1,1405/04/06,14:24:51, ويرايش موجوديت,خزانه داري,سند حسابداري,1041,1405/02/28,سند عمومي با شماره 1041 ذخيره شد
,شركت كيهان راه شرق (سهامي خاص),1405,محمد رضايي,1405/04/06,14:24:31, ويرايش موجوديت,انبار,سند انبار,10,1405/01/01,سند موجودي ابتداي دوره با شماره 10 ثبت شد
,شركت كيهان راه شرق (سهامي خاص),1405,كريمزاده1,1405/04/06,14:24:08,موجوديت جديد,انبار,سند انبار,2619,1405/03/04,سند حواله مصرف  با شماره 2619 ثبت شد
,صولت پارس آمود,1405,سپهريان7,1405/04/06,14:22:52,موجوديت جديد,خزانه داري,سند حسابداري,712,1405/04/02,سند عمومي با شماره 712 ذخيره شد
,شركت كيهان راه شرق (سهامي خاص),1404,شاهروديان1,1405/04/06,14:22:46, ويرايش موجوديت,خزانه داري,سند حسابداري,29491,1404/12/29,سند عمومي با شماره 29491 تاييد شد
,صولت پارس آمود,1405,سپهريان7,1405/04/06,14:22:44, ويرايش موجوديت,خزانه داري,سند خزانه داري,199,1405/04/02,سند اعلاميه برداشت ريالي با شماره 199 ذخيره شد
,شركت قدرت ايمان كوير(سهامي خاص),1405,مهيوند3,1405/04/06,14:22:41, ويرايش موجوديت,خزانه داري,سند خزانه داري,268,1405/03/30,سند صورت هزينه تنخواه با شماره 268 ذخيره شد
,شركت قدرت ايمان كوير(سهامي خاص),1405,مهيوند3,1405/04/06,14:22:34,موجوديت جديد,خزانه داري,سند خزانه داري,268,1405/03/30,سند صورت هزينه تنخواه با شماره 268 ذخيره شد
,شركت كيهان راه شرق (سهامي خاص),1405,برزگررشتخواري,1405/04/06,14:22:08,ورود موفق,,نشست,,,
,شركت كيهان راه شرق (سهامي خاص),1405,علايي,1405/04/06,14:21:44,ورود موفق,,نشست,,,
,,,علايي,1405/04/06,14:21:40,ورود ناموفق (عدم صحت نام کاربر يا کلمه عبور),,نشست,,,
,شركت كيهان راه شرق (سهامي خاص),1404,جعفري1,1405/04/06,14:21:39,ورود موفق,,نشست,,,
,شركت كيهان راه شرق (سهامي خاص),1405,محدثه_قاسمي1,1405/04/06,14:20:43,موجوديت جديد,خزانه داري,سند حسابداري,2693,1405/04/02,سند عمومي با شماره 2693 ذخيره شد
,شركت كيهان راه شرق (سهامي خاص),1405,محدثه_قاسمي1,1405/04/06,14:20:19,موجوديت جديد,خزانه داري,سند خزانه داري,179,1405/04/02,سند اعلاميه واريز ريالي با شماره 179 ذخيره شد
,شركت قدرت ايمان كوير(سهامي خاص),1405,پوريامومني3,1405/04/06,14:20:17,موجوديت جديد,خزانه داري,سند حسابداري,8128,1404/08/13,سند عمومي با شماره 8128 ذخيره شد
,شركت قدرت ايمان كوير(سهامي خاص),1405,پوريامومني3,1405/04/06,14:19:59,موجوديت جديد,خزانه داري,سند خزانه داري,2486,1404/08/13,سند صورت هزينه تنخواه با شماره 2486 ذخيره شد
,شعبه ششم,1405,غلامي6,1405/04/06,14:19:47,موجوديت جديد,حسابداري,سند حسابداري,128,1405/03/31,سند عمومي با شماره ثابت 128 ذخيره شد
,صولت پارس آمود,1405,سپهريان7,1405/04/06,14:17:27,موجوديت جديد,خزانه داري,سند خزانه داري,199,1405/04/02,سند اعلاميه برداشت ريالي با شماره 199 ذخيره شد
,شركت كيهان راه شرق (سهامي خاص),1405,صابونيزاده1,1405/04/06,14:16:53,موجوديت جديد,انبار,سند انبار,8137,1405/03/13,سند رسيد خريد  با شماره 8137 ثبت شد
,شركت كيهان راه شرق (سهامي خاص),1405,كريمزاده1,1405/04/06,14:16:51,موجوديت جديد,انبار,سند انبار,2618,1405/03/04,سند حواله مصرف  با شماره 2618 ثبت شد
,شركت قدرت ايمان كوير(سهامي خاص),1405,پوريامومني3,1405/04/06,14:16:26,موجوديت جديد,خزانه داري,سند حسابداري,8127,1404/08/13,سند عمومي با شماره 8127 ذخيره شد
,شركت كيهان راه شرق (سهامي خاص),1405,محمدمختاري,1405/04/06,14:16:15,موجوديت جديد,انبار,سند انبار,4751,1405/04/06,سند تاييد درخواست كالا با شماره 4751 ثبت شد
,شركت قدرت ايمان كوير(سهامي خاص),1405,پوريامومني3,1405/04/06,14:16:05,موجوديت جديد,خزانه داري,سند خزانه داري,2485,1404/08/13,سند صورت هزينه تنخواه با شماره 2485 ذخيره شد
,شركت كيهان راه شرق (سهامي خاص),1405,محمدمختاري,1405/04/06,14:16:03, ويرايش موجوديت,انبار,سند انبار,3775,1405/03/03,سند درخواست كالا از انبار با شماره 3775 ثبت شد
,شركت كيهان راه شرق (سهامي خاص),1405,محمد رضايي,1405/04/06,14:15:09, ويرايش موجوديت,انبار,سند انبار,6,1405/01/01,سند موجودي ابتداي دوره با شماره 6 ثبت شد
,شركت قدرت ايمان كوير(سهامي خاص),1405,كاظميان3,1405/04/06,14:14:42,موجوديت جديد,خزانه داري,سند حسابداري,8126,1404/07/30,سند عمومي با شماره 8126 ذخيره شد
,شركت كيهان راه شرق (سهامي خاص),1405,مروي,1405/04/06,14:14:41, ويرايش موجوديت,انبار,سند انبار,6065,1405/04/06,سند درخواست كالا از انبار با شماره 6065 ثبت شد
,شركت كيهان راه شرق (سهامي خاص),1405,محمدمختاري,1405/04/06,14:14:36, ويرايش موجوديت,انبار,سند انبار,3775,1405/03/03,سند درخواست كالا از انبار با شماره 3775 ثبت شد
,شركت قدرت ايمان كوير(سهامي خاص),1405,مهيوند3,1405/04/06,14:14:28,موجوديت جديد,خزانه داري,سند خزانه داري,267,1405/03/21,سند صورت هزينه تنخواه با شماره 267 ذخيره شد
,شركت كيهان راه شرق (سهامي خاص),1405,عليرضاسالاري,1405/04/06,14:14:23, ويرايش موجوديت,انبار,سند انبار,4750,1405/04/06,سند تاييد درخواست كالا با شماره 4750 ثبت شد
,شركت كيهان راه شرق (سهامي خاص),1405,عليرضاسالاري,1405/04/06,14:14:06, ويرايش موجوديت,انبار,سند انبار,4750,1405/04/06,سند تاييد درخواست كالا با شماره 4750 ثبت شد
,شركت كيهان راه شرق (سهامي خاص),1404,جلالي1,1405/04/06,14:14:01,موجوديت جديد,حسابداري,سند حسابداري,30762,1404/07/14,سند عمومي با شماره ثابت 30762 ذخيره شد
,شركت قدرت ايمان كوير(سهامي خاص),1405,كاظميان3,1405/04/06,14:13:54,موجوديت جديد,خزانه داري,سند خزانه داري,2484,1404/07/30,سند صورت هزينه تنخواه با شماره 2484 ذخيره شد
,شركت كيهان راه شرق (سهامي خاص),1405,عليرضاسالاري,1405/04/06,14:13:43,موجوديت جديد,انبار,سند انبار,4750,1405/04/06,سند تاييد درخواست كالا با شماره 4750 ثبت شد
,شركت كيهان راه شرق (سهامي خاص),1405,مروي,1405/04/06,14:13:40,موجوديت جديد,انبار,سند انبار,6065,1405/04/06,سند درخواست كالا از انبار با شماره 6065 ثبت شد
,شركت قدرت ايمان كوير(سهامي خاص),1405,پوريامومني3,1405/04/06,14:13:32,موجوديت جديد,خزانه داري,سند حسابداري,8125,1404/08/13,سند عمومي با شماره 8125 ذخيره شد
,شركت قدرت ايمان كوير(سهامي خاص),1405,پوريامومني3,1405/04/06,14:13:08,موجوديت جديد,خزانه داري,سند خزانه داري,2483,1404/08/13,سند صورت هزينه تنخواه با شماره 2483 ذخيره شد
,شركت قدرت ايمان كوير(سهامي خاص),1404,جوانمرد3,1405/04/06,14:13:06,موجوديت جديد,خزانه داري,سند حسابداري,8124,1404/10/03,سند عمومي با شماره 8124 ذخيره شد
,شركت كيهان راه شرق (سهامي خاص),1405,صابونيزاده1,1405/04/06,14:12:50,موجوديت جديد,انبار,سند انبار,8136,1405/03/13,سند رسيد خريد  با شماره 8136 ثبت شد
,شركت قدرت ايمان كوير(سهامي خاص),1404,جوانمرد3,1405/04/06,14:12:50,موجوديت جديد,خزانه داري,سند خزانه داري,2482,1404/10/03,سند صورت هزينه تنخواه با شماره 2482 ذخيره شد
,شركت كيهان راه شرق (سهامي خاص),1405,درويش_نيا_تربت,1405/04/06,14:12:26,ورود موفق,,نشست,,,
,شركت كيهان راه شرق (سهامي خاص),1405,حسيني_ريمدان,1405/04/06,14:12:14,ورود موفق,,نشست,,,
,شركت كيهان راه شرق (سهامي خاص),1405,عليرضاسالاري,1405/04/06,14:11:43, ويرايش موجوديت,انبار,سند انبار,6053,1405/04/06,سند درخواست كالا از انبار با شماره 6053 ثبت شد
,شركت كيهان راه شرق (سهامي خاص),1405,محمد رضايي,1405/04/06,14:11:39, ويرايش موجوديت,انبار,سند انبار,10,1405/01/01,سند موجودي ابتداي دوره با شماره 10 ثبت شد
,شركت كيهان راه شرق (سهامي خاص),1405,عليرضاسالاري,1405/04/06,14:11:28, ويرايش موجوديت,انبار,سند انبار,6053,1405/04/06,سند درخواست كالا از انبار با شماره 6053 ثبت شد
,تفتان ره ساز پارس,1405,عسكريان15تنخواه,1405/04/06,14:11:01,موجوديت جديد,خزانه داري,سند خزانه داري,67,1405/04/06,سند صورت هزينه تنخواه با شماره 67 ذخيره شد
,شركت قدرت ايمان كوير(سهامي خاص),1405,پوريامومني3,1405/04/06,14:10:44,موجوديت جديد,خزانه داري,سند حسابداري,8123,1404/08/13,سند عمومي با شماره 8123 ذخيره شد
,شركت قدرت ايمان كوير(سهامي خاص),1405,پوريامومني3,1405/04/06,14:10:21,موجوديت جديد,خزانه داري,سند خزانه داري,2481,1404/08/13,سند صورت هزينه تنخواه با شماره 2481 ذخيره شد
,شركت قدرت ايمان كوير(سهامي خاص),1404,جوانمرد3,1405/04/06,14:10:10,موجوديت جديد,خزانه داري,سند حسابداري,8122,1404/10/03,سند عمومي با شماره 8122 ذخيره شد
,شركت كيهان راه شرق (سهامي خاص),1405,رحمانيان,1405/04/06,14:10:01, ويرايش موجوديت,انبار,سند انبار,6063,1405/04/06,سند درخواست كالا از انبار با شماره 6063 ثبت شد
,شركت كيهان راه شرق (سهامي خاص),1405,صابونيزاده1,1405/04/06,14:09:58, ويرايش موجوديت,انبار,سند انبار,8135,1405/03/02,سند رسيد خريد  با شماره 8135 ثبت شد
,شركت قدرت ايمان كوير(سهامي خاص),1404,جوانمرد3,1405/04/06,14:09:55,موجوديت جديد,خزانه داري,سند خزانه داري,2480,1404/10/03,سند صورت هزينه تنخواه با شماره 2480 ذخيره شد
,شركت كيهان راه شرق (سهامي خاص),1405,عليرضاسالاري,1405/04/06,14:09:38, ويرايش موجوديت,انبار,سند انبار,6060,1405/04/06,سند درخواست كالا از انبار با شماره 6060 ثبت شد
,شركت كيهان راه شرق (سهامي خاص),1405,رحمانيان,1405/04/06,14:09:23, ويرايش موجوديت,انبار,سند انبار,6064,1405/04/06,سند درخواست كالا از انبار با شماره 6064 ثبت شد
,شركت كيهان راه شرق (سهامي خاص),1405,صابونيزاده1,1405/04/06,14:09:04,موجوديت جديد,انبار,سند انبار,8135,1405/03/02,سند رسيد خريد  با شماره 8135 ثبت شد
,شركت كيهان راه شرق (سهامي خاص),1405,عليرضاسالاري,1405/04/06,14:08:32, ويرايش موجوديت,انبار,سند انبار,6060,1405/04/06,سند درخواست كالا از انبار با شماره 6060 ثبت شد
,شركت كيهان راه شرق (سهامي خاص),1405,عليرضاسالاري,1405/04/06,14:08:08, ويرايش موجوديت,انبار,سند انبار,6060,1405/04/06,سند درخواست كالا از انبار با شماره 6060 ثبت شد
,شركت كيهان راه شرق (سهامي خاص),1405,محمد رضايي,1405/04/06,14:08:08, ويرايش موجوديت,انبار,سند انبار,6,1405/01/01,سند موجودي ابتداي دوره با شماره 6 ثبت شد
,شركت كيهان راه شرق (سهامي خاص),1405,عليزاده,1405/04/06,14:08:04,موجوديت جديد,انبار,سند انبار,4749,1405/04/06,سند تاييد درخواست كالا با شماره 4749 ثبت شد
,شركت قدرت ايمان كوير(سهامي خاص),1404,جوانمرد3,1405/04/06,14:07:59,موجوديت جديد,خزانه داري,سند حسابداري,8121,1404/10/03,سند عمومي با شماره 8121 ذخيره شد
,شركت قدرت ايمان كوير(سهامي خاص),1404,جوانمرد3,1405/04/06,14:07:44,موجوديت جديد,خزانه داري,سند خزانه داري,2479,1404/10/03,سند صورت هزينه تنخواه با شماره 2479 ذخيره شد
,شركت كيهان راه شرق (سهامي خاص),1405,عليزاده,1405/04/06,14:07:35, ويرايش موجوديت,انبار,سند انبار,5856,1405/03/31,سند درخواست كالا از انبار با شماره 5856 ثبت شد
,شركت كيهان راه شرق (سهامي خاص),1405,اكبري1,1405/04/06,14:06:58, ويرايش موجوديت,حسابداري,سند حسابداري,729,1405/02/15,سند عمومي با شماره ثابت 729 ذخيره شد
,صولت پارس آمود,1405,سپهريان7,1405/04/06,14:06:46,ورود موفق,,نشست,,,
,شركت برش كوه آريا پارت (سهامي خاص),1404,جوانمرد5,1405/04/06,14:06:41, ويرايش موجوديت,حسابداري,سند حسابداري,1051,1404/12/28,سند عمومي با شماره ثابت 1051 ذخيره شد
,شركت كيهان راه شرق (سهامي خاص),1405,عليزاده,1405/04/06,14:06:17,موجوديت جديد,انبار,سند انبار,4748,1405/04/06,سند تاييد درخواست كالا با شماره 4748 ثبت شد
,شركت قدرت ايمان كوير(سهامي خاص),1404,جوانمرد3,1405/04/06,14:06:03,موجوديت جديد,خزانه داري,سند حسابداري,8120,1404/10/07,سند عمومي با شماره 8120 ذخيره شد
,شركت قدرت ايمان كوير(سهامي خاص),1404,جوانمرد3,1405/04/06,14:05:49,موجوديت جديد,خزانه داري,سند خزانه داري,2478,1404/10/07,سند صورت هزينه تنخواه با شماره 2478 ذخيره شد
,شركت كيهان راه شرق (سهامي خاص),1405,عليزاده,1405/04/06,14:05:30, ويرايش موجوديت,انبار,سند انبار,5896,1405/03/31,سند درخواست كالا از انبار با شماره 5896 ثبت شد
,شركت كيهان راه شرق (سهامي خاص),1405,صابونيزاده1,1405/04/06,14:05:26,موجوديت جديد,انبار,سند انبار,8134,1405/03/02,سند رسيد خريد  با شماره 8134 ثبت شد
,شركت كيهان راه شرق (سهامي خاص),1405,محدثه_قاسمي1,1405/04/06,14:05:18,موجوديت جديد,خزانه داري,سند حسابداري,2692,1405/04/01,سند  با شماره 2692 ذخيره شد
,شركت بنا بام بيستون (سهامي خاص),1405,سپهريان4,1405/04/06,14:04:55,موجوديت جديد,خزانه داري,سند حسابداري,482,1405/04/02,سند عمومي با شماره 482 ذخيره شد
,شركت بنا بام بيستون (سهامي خاص),1405,سپهريان4,1405/04/06,14:04:48,موجوديت جديد,خزانه داري,سند خزانه داري,213,1405/04/02,سند اعلاميه برداشت ريالي با شماره 213 ذخيره شد
,شركت كيهان راه شرق (سهامي خاص),1405,محدثه_قاسمي1,1405/04/06,14:04:47,موجوديت جديد,خزانه داري,سند خزانه داري,178,1405/04/01,سند اعلاميه واريز ريالي با شماره 178 ذخيره شد
,شركت كيهان راه شرق (سهامي خاص),1405,عليزاده,1405/04/06,14:04:45, ويرايش موجوديت,انبار,سند انبار,5896,1405/03/31,سند درخواست كالا از انبار با شماره 5896 ثبت شد
,شركت كيهان راه شرق (سهامي خاص),1405,مروي,1405/04/06,14:04:20, ويرايش موجوديت,انبار,سند انبار,6064,1405/04/06,سند درخواست كالا از انبار با شماره 6064 ثبت شد
,شركت كيهان راه شرق (سهامي خاص),1405,علي_اماني1,1405/04/06,14:04:04,موجوديت جديد,انبار,سند انبار,2617,1405/04/01,سند حواله مصرف  با شماره 2617 ثبت شد
,شركت برش كوه آريا پارت (سهامي خاص),1404,جوانمرد5,1405/04/06,14:04:01, ويرايش موجوديت,حسابداري,سند حسابداري,1051,1404/12/28,سند عمومي با شماره ثابت 1051 ذخيره شد
,شركت كيهان راه شرق (سهامي خاص),1405,مروي,1405/04/06,14:03:59,موجوديت جديد,انبار,سند انبار,6064,1405/04/06,سند درخواست كالا از انبار با شماره 6064 ثبت شد
,شركت برش كوه آريا پارت (سهامي خاص),1404,جوانمرد5,1405/04/06,14:03:49,موجوديت جديد,حسابداري,سند حسابداري,1051,1404/12/29,سند عمومي با شماره ثابت 1051 ذخيره شد
,شركت قدرت ايمان كوير(سهامي خاص),1404,جعفري3,1405/04/06,14:03:43,موجوديت جديد,خزانه داري,سند حسابداري,8119,1404/09/05,سند عمومي با شماره 8119 ذخيره شد
,شركت كيهان راه شرق (سهامي خاص),1405,عليزاده,1405/04/06,14:03:23,موجوديت جديد,انبار,سند انبار,4747,1405/04/06,سند تاييد درخواست كالا با شماره 4747 ثبت شد
,شركت قدرت ايمان كوير(سهامي خاص),1404,جعفري3,1405/04/06,14:03:18,موجوديت جديد,خزانه داري,سند خزانه داري,2477,1404/09/05,سند صورت هزينه تنخواه با شماره 2477 ذخيره شد
,شركت قدرت ايمان كوير(سهامي خاص),1405,پوريامومني3,1405/04/06,14:03:16,موجوديت جديد,خزانه داري,سند حسابداري,8118,1404/08/13,سند عمومي با شماره 8118 ذخيره شد
,شركت كيهان راه شرق (سهامي خاص),1405,محدثه_قاسمي1,1405/04/06,14:03:08,موجوديت جديد,خزانه داري,سند خزانه داري,335,1405/04/01,سند اعلاميه برداشت ريالي با شماره 335 ذخيره شد
,شركت قدرت ايمان كوير(سهامي خاص),1405,پوريامومني3,1405/04/06,14:02:55,موجوديت جديد,خزانه داري,سند خزانه داري,2476,1404/08/13,سند صورت هزينه تنخواه با شماره 2476 ذخيره شد
,شركت كيهان راه شرق (سهامي خاص),1405,علي_اماني1,1405/04/06,14:02:54,موجوديت جديد,انبار,سند انبار,4007,1405/04/01,سند حواله مصرف ماشين آلات با شماره 4007 ثبت شد
,شركت كيهان راه شرق (سهامي خاص),1405,مجتبي سابقي1,1405/04/06,14:02:07, ويرايش موجوديت,انبار,سند انبار,8133,1405/02/06,سند رسيد خريد  با شماره 8133 ثبت شد
,شركت كيهان راه شرق (سهامي خاص),1405,مجتبي سابقي1,1405/04/06,14:01:53,موجوديت جديد,انبار,سند انبار,8133,1405/02/06,سند رسيد خريد  با شماره 8133 ثبت شد
,شركت كيهان راه شرق (سهامي خاص),1405,محدثه_قاسمي1,1405/04/06,14:01:23,ورود موفق,,نشست,,,
,,,,1405/04/06,14:01:21,ورود ناموفق (عدم صحت نام کاربر يا کلمه عبور),,نشست,,,
,شركت كيهان راه شرق (سهامي خاص),1405,عليزاده,1405/04/06,14:00:49, ويرايش موجوديت,انبار,سند انبار,5962,1405/04/02,سند درخواست كالا از انبار با شماره 5962 ثبت شد
,شركت كيهان راه شرق (سهامي خاص),1405,جفايي,1405/04/06,14:00:23, ويرايش موجوديت,انبار,سند انبار,6063,1405/04/06,سند درخواست كالا از انبار با شماره 6063 ثبت شد
,شركت كيهان راه شرق (سهامي خاص),1405,علي_اماني1,1405/04/06,13:59:52,موجوديت جديد,انبار,سند انبار,197,1405/03/27,سند رسيد ضايعات و كالاهاي تعميري با شماره 197 ثبت شد
,شركت دنا بنيان بيرجند (سهامي خاص),1405,محدثه_قاسمي2,1405/04/06,13:59:47,موجوديت جديد,خزانه داري,سند حسابداري,1066,1405/04/01,سند عمومي با شماره 1066 ذخيره شد
,شركت دنا بنيان بيرجند (سهامي خاص),1405,محدثه_قاسمي2,1405/04/06,13:59:33,موجوديت جديد,خزانه داري,سند خزانه داري,113,1405/04/01,سند اعلاميه واريز ريالي با شماره 113 ذخيره شد
,شركت كيهان راه شرق (سهامي خاص),1405,جفايي,1405/04/06,13:59:27,موجوديت جديد,انبار,سند انبار,6063,1405/04/06,سند درخواست كالا از انبار با شماره 6063 ثبت شد
,صولت پارس آمود,1405,آقاحاجي7,1405/04/06,13:59:12,ورود موفق,,نشست,,,
,شركت كيهان راه شرق (سهامي خاص),1405,علي_اماني1,1405/04/06,13:58:42,موجوديت جديد,انبار,سند انبار,2616,1405/03/27,سند حواله مصرف  با شماره 2616 ثبت شد
,شركت كيهان راه شرق (سهامي خاص),1405,صابونيزاده1,1405/04/06,13:58:42, ويرايش موجوديت,انبار,سند انبار,8132,1405/02/22,سند رسيد خريد  با شماره 8132 ثبت شد
,شركت كيهان راه شرق (سهامي خاص),1405,محمد رضايي,1405/04/06,13:58:19, ويرايش موجوديت,انبار,سند انبار,6,1405/01/01,سند موجودي ابتداي دوره با شماره 6 ثبت شد
,شركت قدرت ايمان كوير(سهامي خاص),1404,جعفري3,1405/04/06,13:58:07,موجوديت جديد,خزانه داري,سند حسابداري,8117,1404/09/05,سند عمومي با شماره 8117 ذخيره شد
,شركت كيهان راه شرق (سهامي خاص),1405,درويش_نيا_تربت,1405/04/06,13:57:56, ويرايش موجوديت,انبار,سند انبار,6062,1405/04/06,سند درخواست كالا از انبار با شماره 6062 ثبت شد
,شركت كيهان راه شرق (سهامي خاص),1405,درويش_نيا_تربت,1405/04/06,13:57:51,موجوديت جديد,انبار,سند انبار,6062,1405/04/06,سند درخواست كالا از انبار با شماره 6062 ثبت شد
,شركت كيهان راه شرق (سهامي خاص),1404,احمدآبادي,1405/04/06,13:57:44,ورود موفق,,نشست,,,
,شركت دنا بنيان بيرجند (سهامي خاص),1405,محدثه_قاسمي2,1405/04/06,13:57:38,ورود موفق,,نشست,,,
,شركت كيهان راه شرق (سهامي خاص),1405,آقاحاجي1,1405/04/06,13:57:33,موجوديت جديد,حسابداري,سند حسابداري,2691,1405/03/25,سند عمومي با شماره ثابت 2691 ذخيره شد
,شركت قدرت ايمان كوير(سهامي خاص),1404,جعفري3,1405/04/06,13:57:32,موجوديت جديد,خزانه داري,سند خزانه داري,2475,1404/09/05,سند صورت هزينه تنخواه با شماره 2475 ذخيره شد
,شركت كيهان راه شرق (سهامي خاص),1405,صابونيزاده1,1405/04/06,13:56:53,موجوديت جديد,انبار,سند انبار,8132,1405/02/22,سند رسيد خريد  با شماره 8132 ثبت شد
,شركت كيهان راه شرق (سهامي خاص),1405,محدثه_قاسمي1,1405/04/06,13:56:43,موجوديت جديد,خزانه داري,سند حسابداري,2690,1405/04/01,سند عمومي با شماره 2690 ذخيره شد
,شركت كيهان راه شرق (سهامي خاص),1405,مروي,1405/04/06,13:56:42,موجوديت جديد,انبار,سند انبار,6061,1405/04/06,سند درخواست كالا از انبار با شماره 6061 ثبت شد
,كيهان ريل تهران,1404,الاجگردي19,1405/04/06,13:56:34,ورود موفق,,نشست,,,
,شركت كيهان راه شرق (سهامي خاص),1405,محدثه_قاسمي1,1405/04/06,13:56:32,موجوديت جديد,خزانه داري,سند خزانه داري,177,1405/04/01,سند اعلاميه واريز ريالي با شماره 177 ذخيره شد
,شركت قدرت ايمان كوير(سهامي خاص),1405,پوريامومني3,1405/04/06,13:54:39,موجوديت جديد,خزانه داري,سند حسابداري,8116,1404/08/14,سند عمومي با شماره 8116 ذخيره شد
,شعبه ششم,1405,غلامي6,1405/04/06,13:54:39,ورود موفق,,نشست,,,
,شركت كيهان راه شرق (سهامي خاص),1405,عليزاده,1405/04/06,13:54:31,موجوديت جديد,انبار,سند انبار,4746,1405/04/06,سند تاييد درخواست كالا با شماره 4746 ثبت شد
,شركت قدرت ايمان كوير(سهامي خاص),1405,پوريامومني3,1405/04/06,13:54:21,موجوديت جديد,خزانه داري,سند خزانه داري,2474,1404/08/14,سند صورت هزينه تنخواه با شماره 2474 ذخيره شد
,شركت قدرت ايمان كوير(سهامي خاص),1404,جعفري3,1405/04/06,13:54:18,موجوديت جديد,خزانه داري,سند حسابداري,8115,1404/09/05,سند عمومي با شماره 8115 ذخيره شد
,شركت قدرت ايمان كوير(سهامي خاص),1404,جعفري3,1405/04/06,13:53:51,موجوديت جديد,خزانه داري,سند خزانه داري,2473,1404/09/05,سند صورت هزينه تنخواه با شماره 2473 ذخيره شد
,تفتان ره ساز پارس,1405,عسكريان15تنخواه,1405/04/06,13:53:43,ورود موفق,,نشست,,,
,تفتان ره ساز پارس,1405,قاسمي15,1405/04/06,13:53:35,موجوديت جديد,خزانه داري,سند حسابداري,438,1405/03/26,سند عمومي با شماره 438 ذخيره شد
,تفتان ره ساز پارس,1405,قاسمي15,1405/04/06,13:53:30, ويرايش موجوديت,خزانه داري,سند خزانه داري,209,1405/03/26,سند اعلاميه برداشت ريالي با شماره 209 ذخيره شد
,شركت كيهان راه شرق (سهامي خاص),1405,علي_اماني1,1405/04/06,13:53:29,موجوديت جديد,انبار,سند انبار,196,1405/03/22,سند رسيد ضايعات و كالاهاي تعميري با شماره 196 ثبت شد
,تفتان ره ساز پارس,1405,قاسمي15,1405/04/06,13:52:36,موجوديت جديد,خزانه داري,سند خزانه داري,209,1405/03/26,سند اعلاميه برداشت ريالي با شماره 209 ذخيره شد
,شركت كيهان راه شرق (سهامي خاص),1405,علي_اماني1,1405/04/06,13:52:06,موجوديت جديد,انبار,سند انبار,2615,1405/03/22,سند حواله مصرف  با شماره 2615 ثبت شد
,شركت كيهان راه شرق (سهامي خاص),1405,عليزاده,1405/04/06,13:52:06,موجوديت جديد,انبار,سند انبار,4745,1405/04/06,سند تاييد درخواست كالا با شماره 4745 ثبت شد
,شركت قدرت ايمان كوير(سهامي خاص),1405,كاظميان3,1405/04/06,13:51:56,موجوديت جديد,خزانه داري,سند حسابداري,8114,1404/07/30,سند عمومي با شماره 8114 ذخيره شد
,شركت قدرت ايمان كوير(سهامي خاص),1405,كاظميان3,1405/04/06,13:51:34,موجوديت جديد,خزانه داري,سند خزانه داري,2472,1404/07/30,سند صورت هزينه تنخواه با شماره 2472 ذخيره شد
,شركت قدرت ايمان كوير(سهامي خاص),1405,پوريامومني3,1405/04/06,13:51:29,موجوديت جديد,خزانه داري,سند حسابداري,8113,1404/08/14,سند عمومي با شماره 8113 ذخيره شد
,شركت كيهان راه شرق (سهامي خاص),1405,صابونيزاده1,1405/04/06,13:51:17,موجوديت جديد,انبار,سند انبار,8131,1405/02/13,سند رسيد خريد  با شماره 8131 ثبت شد
,شركت كيهان راه شرق (سهامي خاص),1405,مجتبي سابقي1,1405/04/06,13:51:15, ويرايش موجوديت,انبار,سند انبار,8130,1405/02/27,سند رسيد خريد  با شماره 8130 ثبت شد
,شركت قدرت ايمان كوير(سهامي خاص),1405,پوريامومني3,1405/04/06,13:51:10,موجوديت جديد,خزانه داري,سند خزانه داري,2471,1404/08/14,سند صورت هزينه تنخواه با شماره 2471 ذخيره شد
,شركت كيهان راه شرق (سهامي خاص),1405,محدثه_قاسمي1,1405/04/06,13:51:07,موجوديت جديد,خزانه داري,سند حسابداري,2689,1405/04/01,سند عمومي با شماره 2689 ذخيره شد
,شركت بنا بام بيستون (سهامي خاص),1405,سپهريان4,1405/04/06,13:51:03,ورود موفق,,نشست,,,
,شركت كيهان راه شرق (سهامي خاص),1405,محدثه_قاسمي1,1405/04/06,13:50:52,موجوديت جديد,خزانه داري,سند خزانه داري,176,1405/04/01,سند اعلاميه واريز ريالي با شماره 176 ذخيره شد
,شركت كيهان راه شرق (سهامي خاص),1405,مجتبي سابقي1,1405/04/06,13:50:41,موجوديت جديد,انبار,سند انبار,8130,1405/02/27,سند رسيد خريد  با شماره 8130 ثبت شد
,شركت كيهان راه شرق (سهامي خاص),1405,سجادزنگويي1,1405/04/06,13:50:33, ويرايش موجوديت,انبار,سند انبار,1489,1405/03/28,سند رسيد انتقال بين انبار با شماره 1489 ثبت شد
,شركت كيهان راه شرق (سهامي خاص),1405,سجادزنگويي1,1405/04/06,13:50:02,موجوديت جديد,انبار,سند انبار,1489,1405/03/28,سند رسيد انتقال بين انبار با شماره 1489 ثبت شد
,شركت كيهان راه شرق (سهامي خاص),1405,علي_اماني1,1405/04/06,13:49:55,ورود موفق,,نشست,,,
,شركت كيهان راه شرق (سهامي خاص),1405,عليرضاسالاري,1405/04/06,13:49:43,موجوديت جديد,انبار,سند انبار,4744,1405/04/06,سند تاييد درخواست كالا با شماره 4744 ثبت شد
,شركت قدرت ايمان كوير(سهامي خاص),1405,سپهريان3,1405/04/06,13:49:40,موجوديت جديد,خزانه داري,سند حسابداري,1019,1405/04/02,سند عمومي با شماره 1019 ذخيره شد
,شركت قدرت ايمان كوير(سهامي خاص),1405,سپهريان3,1405/04/06,13:49:35, ويرايش موجوديت,خزانه داري,سند خزانه داري,258,1405/04/02,سند اعلاميه برداشت ريالي با شماره 258 ذخيره شد
,شركت كيهان راه شرق (سهامي خاص),1405,محدثه_قاسمي1,1405/04/06,13:49:32,ورود موفق,,نشست,,,
,شركت قدرت ايمان كوير(سهامي خاص),1405,سپهريان3,1405/04/06,13:49:16, ويرايش موجوديت,خزانه داري,سند خزانه داري,258,1405/04/02,سند اعلاميه برداشت ريالي با شماره 258 ذخيره شد
,شركت كيهان راه شرق (سهامي خاص),1405,عليرضاسالاري,1405/04/06,13:49:04, ويرايش موجوديت,انبار,سند انبار,6058,1405/04/06,سند درخواست كالا از انبار با شماره 6058 ثبت شد
,شركت كيهان راه شرق (سهامي خاص),1405,محمد رضايي,1405/04/06,13:49:04, ويرايش موجوديت,انبار,سند انبار,6,1405/01/01,سند موجودي ابتداي دوره با شماره 6 ثبت شد
,شركت كيهان راه شرق (سهامي خاص),1405,محمد رضايي,1405/04/06,13:48:50, ويرايش موجوديت,انبار,سند انبار,10,1405/01/01,سند موجودي ابتداي دوره با شماره 10 ثبت شد
,شركت قدرت ايمان كوير(سهامي خاص),1405,كاظميان3,1405/04/06,13:48:42,موجوديت جديد,خزانه داري,سند حسابداري,8112,1404/07/30,سند عمومي با شماره 8112 ذخيره شد
,شركت بنا بام بيستون (سهامي خاص),1405,محدثه_قاسمي4,1405/04/06,13:48:06,موجوديت جديد,خزانه داري,سند حسابداري,481,1405/04/01,سند عمومي با شماره 481 ذخيره شد
,شركت قدرت ايمان كوير(سهامي خاص),1405,كاظميان3,1405/04/06,13:48:05,موجوديت جديد,خزانه داري,سند خزانه داري,2470,1404/07/30,سند صورت هزينه تنخواه با شماره 2470 ذخيره شد
,شركت كيهان راه شرق (سهامي خاص),1405,باباپور1,1405/04/06,13:48:04,موجوديت جديد,انبار,سند انبار,4006,1405/04/06,سند حواله مصرف ماشين آلات با شماره 4006 ثبت شد
,شركت برش كوه آريا پارت (سهامي خاص),1404,جوانمرد5,1405/04/06,13:47:26,ورود موفق,,نشست,,,
,شركت بنا بام بيستون (سهامي خاص),1405,محدثه_قاسمي4,1405/04/06,13:47:11,موجوديت جديد,خزانه داري,سند خزانه داري,71,1405/04/01,سند اعلاميه واريز ريالي با شماره 71 ذخيره شد
,تفتان ره ساز پارس,1405,قاسمي15,1405/04/06,13:47:03, ويرايش موجوديت,خزانه داري,سند حسابداري,437,1405/04/02,سند عمومي با شماره 437 ذخيره شد
,شركت كيهان راه شرق (سهامي خاص),1405,غلامي1,1405/04/06,13:47:02,موجوديت جديد,حسابداري,سند حسابداري,2688,1405/04/06,سند عمومي با شماره ثابت 2688 ذخيره شد
,تفتان ره ساز پارس,1405,قاسمي15,1405/04/06,13:46:58, ويرايش موجوديت,خزانه داري,سند حسابداري,437,1405/04/02,سند عمومي با شماره 437 ذخيره شد
,شركت قدرت ايمان كوير(سهامي خاص),1405,سپهريان3,1405/04/06,13:46:29,موجوديت جديد,خزانه داري,سند خزانه داري,258,1405/04/02,سند اعلاميه برداشت ريالي با شماره 258 ذخيره شد
,شركت كيهان راه شرق (سهامي خاص),1405,شهنواز1,1405/04/06,13:46:25,موجوديت جديد,انبار,سند انبار,1488,1405/04/06,سند رسيد انتقال بين انبار با شماره 1488 ثبت شد
,شركت كيهان راه شرق (سهامي خاص),1405,ابوالفضل_سابقي1,1405/04/06,13:46:21,موجوديت جديد,انبار,سند انبار,1704,1405/02/30,سند حواله انتقال بين انبار با شماره 1704 ثبت شد
,شركت كيهان راه شرق (سهامي خاص),1405,شهنواز1,1405/04/06,13:45:36,ورود موفق,,نشست,,,
,شركت بنا بام بيستون (سهامي خاص),1405,محدثه_قاسمي4,1405/04/06,13:45:18,ورود موفق,,نشست,,,
,شركت كيهان راه شرق (سهامي خاص),1404,جلالي1,1405/04/06,13:44:58,موجوديت جديد,حسابداري,سند حسابداري,2687,1405/03/20,سند عمومي با شماره ثابت 2687 ذخيره شد
,شركت كيهان راه شرق (سهامي خاص),1405,محمد_سبحاني1,1405/04/06,13:44:50, ويرايش موجوديت,انبار,سند انبار,6060,1405/04/06,سند درخواست كالا از انبار با شماره 6060 ثبت شد
,شركت كيهان راه شرق (سهامي خاص),1405,محمد رضايي,1405/04/06,13:44:48, ويرايش موجوديت,انبار,سند انبار,6,1405/01/01,سند موجودي ابتداي دوره با شماره 6 ثبت شد
,شركت كيهان راه شرق (سهامي خاص),1405,محمد_سبحاني1,1405/04/06,13:44:39,موجوديت جديد,انبار,سند انبار,6060,1405/04/06,سند درخواست كالا از انبار با شماره 6060 ثبت شد
,شركت كيهان راه شرق (سهامي خاص),1405,ابوالفضل_سابقي1,1405/04/06,13:44:23,موجوديت جديد,انبار,سند انبار,1703,1405/03/09,سند حواله انتقال بين انبار با شماره 1703 ثبت شد
,شركت كيهان راه شرق (سهامي خاص),1405,اقبالي,1405/04/06,13:44:20,موجوديت جديد,انبار,سند انبار,4743,1405/04/06,سند تاييد درخواست كالا با شماره 4743 ثبت شد
,شركت كيهان راه شرق (سهامي خاص),1405,اقبالي,1405/04/06,13:43:47, ويرايش موجوديت,انبار,سند انبار,2774,1405/02/21,سند درخواست كالا از انبار با شماره 2774 ثبت شد
,شركت كيهان راه شرق (سهامي خاص),1405,فرامرزسليماني,1405/04/06,13:42:28,موجوديت جديد,انبار,سند انبار,4742,1405/04/06,سند تاييد درخواست كالا با شماره 4742 ثبت شد
,شركت كيهان راه شرق (سهامي خاص),1405,ابوالفضل_سابقي1,1405/04/06,13:42:25,موجوديت جديد,انبار,سند انبار,1702,1405/03/05,سند حواله انتقال بين انبار با شماره 1702 ثبت شد
,شركت كيهان راه شرق (سهامي خاص),1405,فرامرزسليماني,1405/04/06,13:42:11, ويرايش موجوديت,انبار,سند انبار,5783,1405/03/30,سند درخواست كالا از انبار با شماره 5783 ثبت شد
,شركت كيهان راه شرق (سهامي خاص),1405,فرامرزسليماني,1405/04/06,13:42:07, ويرايش موجوديت,انبار,سند انبار,5783,1405/03/30,سند درخواست كالا از انبار با شماره 5783 ثبت شد
,شركت قدرت ايمان كوير(سهامي خاص),1404,جعفري3,1405/04/06,13:41:54,موجوديت جديد,خزانه داري,سند حسابداري,8111,1404/09/05,سند عمومي با شماره 8111 ذخيره شد
,شركت قدرت ايمان كوير(سهامي خاص),1405,پوريامومني3,1405/04/06,13:41:17,موجوديت جديد,خزانه داري,سند حسابداري,8110,1404/08/14,سند عمومي با شماره 8110 ذخيره شد
,شركت كيهان راه شرق (سهامي خاص),1405,محمد رضايي,1405/04/06,13:41:05, ويرايش موجوديت,انبار,سند انبار,6,1405/01/01,سند موجودي ابتداي دوره با شماره 6 ثبت شد
,شركت كيهان راه شرق (سهامي خاص),1405,سجادزنگويي1,1405/04/06,13:40:52,موجوديت جديد,انبار,سند انبار,8129,1405/03/30,سند رسيد خريد  با شماره 8129 ثبت شد
,شركت قدرت ايمان كوير(سهامي خاص),1404,جعفري3,1405/04/06,13:40:52,موجوديت جديد,خزانه داري,سند خزانه داري,2469,1404/09/05,سند صورت هزينه تنخواه با شماره 2469 ذخيره شد
,شركت قدرت ايمان كوير(سهامي خاص),1405,پوريامومني3,1405/04/06,13:40:44,موجوديت جديد,خزانه داري,سند خزانه داري,2468,1404/08/14,سند صورت هزينه تنخواه با شماره 2468 ذخيره شد
,شركت كيهان راه شرق (سهامي خاص),1404,جلالي1,1405/04/06,13:40:25,موجوديت جديد,حسابداري,سند حسابداري,2686,1405/03/16,سند عمومي با شماره ثابت 2686 ذخيره شد
,شركت قدرت ايمان كوير(سهامي خاص),1405,كاظميان3,1405/04/06,13:40:20,موجوديت جديد,خزانه داري,سند حسابداري,8109,1404/07/29,سند عمومي با شماره 8109 ذخيره شد
,شركت قدرت ايمان كوير(سهامي خاص),1405,سپهريان3,1405/04/06,13:40:11,ورود موفق,,نشست,,,
,شركت دنا بنيان بيرجند (سهامي خاص),1405,محدثه_قاسمي2,1405/04/06,13:39:34,موجوديت جديد,خزانه داري,سند حسابداري,1065,1405/04/02,سند  با شماره 1065 ذخيره شد
,شركت كيهان راه شرق (سهامي خاص),1405,مجتبي سابقي1,1405/04/06,13:39:24, ويرايش موجوديت,انبار,سند انبار,8127,1405/03/16,سند رسيد خريد  با شماره 8127 ثبت شد
,شركت كيهان راه شرق (سهامي خاص),1405,سرحدي,1405/04/06,13:39:08,موجوديت جديد,انبار,سند انبار,8128,1405/03/04,سند رسيد خريد  با شماره 8128 ثبت شد
,شركت دنا بنيان بيرجند (سهامي خاص),1405,محدثه_قاسمي2,1405/04/06,13:39:03,موجوديت جديد,خزانه داري,سند خزانه داري,112,1405/04/02,سند اعلاميه واريز ريالي با شماره 112 ذخيره شد
,شركت كيهان راه شرق (سهامي خاص),1405,مجتبي سابقي1,1405/04/06,13:39:02,موجوديت جديد,انبار,سند انبار,8127,1405/03/16,سند رسيد خريد  با شماره 8127 ثبت شد
,شركت كيهان راه شرق (سهامي خاص),1405,انبارشاهنامه,1405/04/06,13:39:00,موجوديت جديد,انبار,سند انبار,1487,1405/04/06,سند رسيد انتقال بين انبار با شماره 1487 ثبت شد
,شركت قدرت ايمان كوير(سهامي خاص),1405,كاظميان3,1405/04/06,13:38:56,موجوديت جديد,خزانه داري,سند خزانه داري,2467,1404/07/29,سند صورت هزينه تنخواه با شماره 2467 ذخيره شد
,شركت كيهان راه شرق (سهامي خاص),1405,ابوالفضل_سابقي1,1405/04/06,13:38:54,موجوديت جديد,انبار,سند انبار,1701,1405/02/21,سند حواله انتقال بين انبار با شماره 1701 ثبت شد
,شركت كيهان راه شرق (سهامي خاص),1405,محمد_سبحاني1,1405/04/06,13:38:34,ورود موفق,,نشست,,,
,شركت كيهان راه شرق (سهامي خاص),1405,انبارشاهنامه,1405/04/06,13:38:24,ورود موفق,,نشست,,,
,شركت دنا بنيان بيرجند (سهامي خاص),1405,سپهريان2,1405/04/06,13:37:52, ويرايش موجوديت,حسابداري,سند حسابداري,1064,1405/04/02,سند عمومي با شماره ثابت 1064 ذخيره شد
,شركت كيهان راه شرق (سهامي خاص),1405,ضيايي,1405/04/06,13:37:40,ورود موفق,,نشست,,,
,,,ضيايي,1405/04/06,13:37:37,ورود ناموفق (عدم صحت نام کاربر يا کلمه عبور),,نشست,,,
,شركت كيهان راه شرق (سهامي خاص),1405,محمد رضايي,1405/04/06,13:37:35, ويرايش موجوديت,انبار,سند انبار,6,1405/01/01,سند موجودي ابتداي دوره با شماره 6 ثبت شد
,شركت دنا بنيان بيرجند (سهامي خاص),1405,محدثه_قاسمي2,1405/04/06,13:37:34,موجوديت جديد,خزانه داري,سند خزانه داري,269,1405/04/02,سند اعلاميه برداشت ريالي با شماره 269 ذخيره شد
,شركت كيهان راه شرق (سهامي خاص),1405,عبد1,1405/04/06,13:37:28,ورود موفق,,نشست,,,
,شركت كيهان راه شرق (سهامي خاص),1405,مروي,1405/04/06,13:37:08,موجوديت جديد,انبار,سند انبار,6059,1405/04/06,سند درخواست كالا از انبار با شماره 6059 ثبت شد
,شركت قدرت ايمان كوير(سهامي خاص),1405,پوريامومني3,1405/04/06,13:37:07, ويرايش موجوديت,خزانه داري,سند حسابداري,8108,1404/08/15,سند عمومي با شماره 8108 ذخيره شد
,شركت كيهان راه شرق (سهامي خاص),1405,انبارشاهنامه,1405/04/06,13:37:00,ورود موفق,,نشست,,,
,شركت دنا بنيان بيرجند (سهامي خاص),1405,سپهريان2,1405/04/06,13:36:59, ويرايش موجوديت,حسابداري,سند حسابداري,1064,1405/04/02,سند عمومي با شماره ثابت 1064 ذخيره شد
,شركت قدرت ايمان كوير(سهامي خاص),1405,پوريامومني3,1405/04/06,13:36:57,موجوديت جديد,خزانه داري,سند حسابداري,8108,1404/08/15,سند عمومي با شماره 8108 ذخيره شد
,شركت كيهان راه شرق (سهامي خاص),1405,محمد رضايي,1405/04/06,13:36:46, ويرايش موجوديت,انبار,سند انبار,10,1405/01/01,سند موجودي ابتداي دوره با شماره 10 ثبت شد
,تفتان ره ساز پارس,1405,قاسمي15,1405/04/06,13:36:35,موجوديت جديد,خزانه داري,سند حسابداري,437,1405/04/02,سند عمومي با شماره 437 ذخيره شد
,شركت قدرت ايمان كوير(سهامي خاص),1405,پوريامومني3,1405/04/06,13:36:22,موجوديت جديد,خزانه داري,سند خزانه داري,2466,1404/08/15,سند صورت هزينه تنخواه با شماره 2466 ذخيره شد
,شركت كيهان راه شرق (سهامي خاص),1405,مجتبي سابقي1,1405/04/06,13:36:19, ويرايش موجوديت,انبار,سند انبار,8126,1405/03/16,سند رسيد خريد  با شماره 8126 ثبت شد
,شركت كيهان راه شرق (سهامي خاص),1405,مجتبي سابقي1,1405/04/06,13:36:08,موجوديت جديد,انبار,سند انبار,8126,1405/03/16,سند رسيد خريد  با شماره 8126 ثبت شد
,تفتان ره ساز پارس,1405,قاسمي15,1405/04/06,13:35:42, ويرايش موجوديت,خزانه داري,سند خزانه داري,208,1405/04/02,سند اعلاميه برداشت ريالي با شماره 208 ذخيره شد
,تفتان ره ساز پارس,1405,قاسمي15,1405/04/06,13:35:38, ويرايش موجوديت,خزانه داري,سند خزانه داري,208,1405/04/02,سند اعلاميه برداشت ريالي با شماره 208 ذخيره شد
,شركت دنا بنيان بيرجند (سهامي خاص),1405,سپهريان2,1405/04/06,13:35:31, ويرايش موجوديت,حسابداري,سند حسابداري,1064,1405/04/02,سند عمومي با شماره ثابت 1064 ذخيره شد
,تفتان ره ساز پارس,1405,قاسمي15,1405/04/06,13:34:49,موجوديت جديد,خزانه داري,سند خزانه داري,208,1405/04/02,سند اعلاميه برداشت ريالي با شماره 208 ذخيره شد
,شركت دنا بنيان بيرجند (سهامي خاص),1405,محدثه_قاسمي2,1405/04/06,13:34:19,ورود موفق,,نشست,,,
,شركت برش كوه آريا پارت (سهامي خاص),1404,جوانمرد5,1405/04/06,13:33:51, ويرايش موجوديت,حسابداري,سند حسابداري,1050,1404/12/28,سند عمومي با شماره ثابت 1050 ذخيره شد
,شركت كيهان راه شرق (سهامي خاص),1405,باباپور1,1405/04/06,13:33:47,موجوديت جديد,انبار,سند انبار,4005,1405/03/28,سند حواله مصرف ماشين آلات با شماره 4005 ثبت شد
,شركت كيهان راه شرق (سهامي خاص),1405,درويش_نيا_تربت,1405/04/06,13:33:40,ورود موفق,,نشست,,,
,شركت برش كوه آريا پارت (سهامي خاص),1404,جوانمرد5,1405/04/06,13:33:17, ويرايش موجوديت,حسابداري,سند حسابداري,1050,1404/12/28,سند عمومي با شماره ثابت 1050 ذخيره شد
,صولت پارس آمود,1405,سپهريان,1405/04/06,13:33:11,ورود موفق,,نشست,,,
,شركت كيهان راه شرق (سهامي خاص),1405,عليرضاسالاري,1405/04/06,13:32:59, ويرايش موجوديت,انبار,سند انبار,6055,1405/04/06,سند درخواست كالا از انبار با شماره 6055 ثبت شد
,شركت برش كوه آريا پارت (سهامي خاص),1404,جوانمرد5,1405/04/06,13:32:52, ويرايش موجوديت,حسابداري,سند حسابداري,1050,1404/12/28,سند عمومي با شماره ثابت 1050 ذخيره شد
,شركت بنا بام بيستون (سهامي خاص),1405,محدثه_قاسمي4,1405/04/06,13:32:49,موجوديت جديد,خزانه داري,سند حسابداري,480,1405/04/02,سند عمومي با شماره 480 ذخيره شد
,شركت بنا بام بيستون (سهامي خاص),1405,محدثه_قاسمي4,1405/04/06,13:32:33,موجوديت جديد,خزانه داري,سند خزانه داري,212,1405/04/02,سند اعلاميه برداشت ريالي با شماره 212 ذخيره شد
,شركت برش كوه آريا پارت (سهامي خاص),1404,جوانمرد5,1405/04/06,13:32:24, ويرايش موجوديت,حسابداري,سند حسابداري,1050,1404/12/28,سند عمومي با شماره ثابت 1050 ذخيره شد
,شركت برش كوه آريا پارت (سهامي خاص),1404,جوانمرد5,1405/04/06,13:32:03,موجوديت جديد,حسابداري,سند حسابداري,1050,1404/12/29,سند عمومي با شماره ثابت 1050 ذخيره شد
,شركت كيهان راه شرق (سهامي خاص),1405,زبرجدي2,1405/04/06,13:31:05, ويرايش موجوديت,انبار,سند انبار,6058,1405/04/06,سند درخواست كالا از انبار با شماره 6058 ثبت شد
,شركت دنا بنيان بيرجند (سهامي خاص),1405,سپهريان2,1405/04/06,13:30:51, ويرايش موجوديت,حسابداري,سند حسابداري,1064,1405/04/02,سند عمومي با شماره ثابت 1064 ذخيره شد
,شركت برش كوه آريا پارت (سهامي خاص),1404,جوانمرد5,1405/04/06,13:30:48, ويرايش موجوديت,حسابداري,سند حسابداري,1050,1404/12/28,سند عمومي با شماره ثابت 1050 ذخيره شد
,شركت كيهان راه شرق (سهامي خاص),1405,ابوالفضل_سابقي1,1405/04/06,13:30:45, ويرايش موجوديت,انبار,سند انبار,8079,1405/02/21,سند رسيد خريد  با شماره 8079 ثبت شد
,شركت بنا بام بيستون (سهامي خاص),1405,محدثه_قاسمي4,1405/04/06,13:30:04,ورود موفق,,نشست,,,
,شركت كيهان راه شرق (سهامي خاص),1405,ارغواني1,1405/04/06,13:29:56,موجوديت جديد,انبار,سند انبار,4004,1405/03/16,سند حواله مصرف ماشين آلات با شماره 4004 ثبت شد
,شركت كيهان راه شرق (سهامي خاص),1405,ابوالفضل_سابقي1,1405/04/06,13:29:42,موجوديت جديد,انبار,سند انبار,1700,1405/03/19,سند حواله انتقال بين انبار با شماره 1700 ثبت شد
,شركت كيهان راه شرق (سهامي خاص),1405,فرامرزسليماني,1405/04/06,13:29:26, ويرايش موجوديت,انبار,سند انبار,6051,1405/04/06,سند درخواست كالا از انبار با شماره 6051 ثبت شد
,تفتان ره ساز پارس,1405,محدثه_قاسمي15,1405/04/06,13:28:30, ويرايش موجوديت,خزانه داري,سند حسابداري,421,1405/03/30,سند عمومي با شماره 421 ذخيره شد
,شركت دنا بنيان بيرجند (سهامي خاص),1405,سپهريان2,1405/04/06,13:28:13, ويرايش موجوديت,حسابداري,سند حسابداري,1064,1405/04/02,سند عمومي با شماره ثابت 1064 ذخيره شد
,شركت كيهان راه شرق (سهامي خاص),1405,ارغواني1,1405/04/06,13:28:07, ويرايش موجوديت,انبار,سند انبار,3997,1405/03/15,سند حواله مصرف ماشين آلات با شماره 3997 ثبت شد
,مينو ساز گلستان,1404,الاجگردي10,1405/04/06,13:28:06,ورود موفق,,نشست,,,
,شركت قدرت ايمان كوير(سهامي خاص),1405,پوريامومني3,1405/04/06,13:28:01,موجوديت جديد,خزانه داري,سند حسابداري,8107,1404/08/16,سند عمومي با شماره 8107 ذخيره شد
,شركت قدرت ايمان كوير(سهامي خاص),1405,پوريامومني3,1405/04/06,13:27:39,موجوديت جديد,خزانه داري,سند خزانه داري,2465,1404/08/16,سند صورت هزينه تنخواه با شماره 2465 ذخيره شد
,شركت كيهان راه شرق (سهامي خاص),1405,ابوالفضل_سابقي1,1405/04/06,13:27:28,موجوديت جديد,انبار,سند انبار,1699,1405/03/16,سند حواله انتقال بين انبار با شماره 1699 ثبت شد
,تفتان ره ساز پارس,1404,الاجگردي15,1405/04/06,13:27:20, ويرايش موجوديت,خزانه داري,سند حسابداري,3592,1404/10/29,سند عمومي با شماره 3592 تاييد شد
,شركت برش كوه آريا پارت (سهامي خاص),1405,شاهوردي5,1405/04/06,13:26:53, حذف موجوديت,حسابداري,سند حسابداري,1050,1404/12/28,سند عمومي با شماره 1050 حذف شد
,شركت دنا بنيان بيرجند (سهامي خاص),1405,سپهريان2,1405/04/06,13:26:35, ويرايش موجوديت,حسابداري,سند حسابداري,1064,1405/04/02,سند عمومي با شماره ثابت 1064 ذخيره شد
,شركت كيهان راه شرق (سهامي خاص),1405,فرامرزسليماني,1405/04/06,13:26:16, ويرايش موجوديت,انبار,سند انبار,6051,1405/04/06,سند درخواست كالا از انبار با شماره 6051 ثبت شد
,تفتان ره ساز پارس,1404,الاجگردي15,1405/04/06,13:25:51, ويرايش موجوديت,خزانه داري,سند حسابداري,3592,1404/10/29,سند عمومي با شماره 3592 ذخيره شد
,شركت قدرت ايمان كوير(سهامي خاص),1404,جوانمرد3,1405/04/06,13:25:45,موجوديت جديد,خزانه داري,سند حسابداري,8106,1404/10/07,سند عمومي با شماره 8106 ذخيره شد
,شركت قدرت ايمان كوير(سهامي خاص),1404,جوانمرد3,1405/04/06,13:25:30,موجوديت جديد,خزانه داري,سند خزانه داري,2464,1404/10/07,سند صورت هزينه تنخواه با شماره 2464 ذخيره شد
,شركت كيهان راه شرق (سهامي خاص),1405,عليرضاسالاري,1405/04/06,13:25:25, ويرايش موجوديت,انبار,سند انبار,6055,1405/04/06,سند درخواست كالا از انبار با شماره 6055 ثبت شد
,شركت كيهان راه شرق (سهامي خاص),1405,آقاحاجي1,1405/04/06,13:25:16,موجوديت جديد,حسابداري,سند حسابداري,2685,1405/02/28,سند عمومي با شماره ثابت 2685 ذخيره شد
,شركت برش كوه آريا پارت (سهامي خاص),1405,شاهوردي5,1405/04/06,13:25:00, ويرايش موجوديت,حسابداري,سند حسابداري,1050,1404/12/28,سند عمومي با شماره ثابت 1050 ذخيره شد
,شركت برش كوه آريا پارت (سهامي خاص),1404,جوانمرد5,1405/04/06,13:24:29, ويرايش موجوديت,حسابداري,سند حسابداري,1050,1404/12/28,سند عمومي با شماره ثابت 1050 ذخيره شد
,شركت كيهان راه شرق (سهامي خاص),1405,پاشايي,1405/04/06,13:24:29, ويرايش موجوديت,انبار,سند انبار,7123,1405/03/02,سند رسيد خريد  با شماره 7123 ثبت شد
,شركت برش كوه آريا پارت (سهامي خاص),1404,جوانمرد5,1405/04/06,13:24:12, ويرايش موجوديت,حسابداري,سند حسابداري,1050,1404/12/28,سند عمومي با شماره ثابت 1050 ذخيره شد
,شركت كيهان راه شرق (سهامي خاص),1405,غلامي1,1405/04/06,13:23:52,ورود موفق,,نشست,,,
,شركت برش كوه آريا پارت (سهامي خاص),1404,جوانمرد5,1405/04/06,13:23:40, ويرايش موجوديت,حسابداري,سند حسابداري,1050,1404/12/28,سند عمومي با شماره ثابت 1050 ذخيره شد
,شركت قدرت ايمان كوير(سهامي خاص),1404,جوانمرد3,1405/04/06,13:23:37,موجوديت جديد,خزانه داري,سند حسابداري,8105,1404/10/09,سند عمومي با شماره 8105 ذخيره شد
,تفتان ره ساز پارس,1405,قاسمي15,1405/04/06,13:23:30,موجوديت جديد,خزانه داري,سند حسابداري,436,1405/03/31,سند عمومي با شماره 436 ذخيره شد
,تفتان ره ساز پارس,1405,قاسمي15,1405/04/06,13:23:26,موجوديت جديد,خزانه داري,سند خزانه داري,207,1405/03/31,سند اعلاميه برداشت ريالي با شماره 207 ذخيره شد
,شركت دنا بنيان بيرجند (سهامي خاص),1405,سپهريان2,1405/04/06,13:23:22, ويرايش موجوديت,حسابداري,سند حسابداري,1064,1405/04/02,سند عمومي با شماره ثابت 1064 ذخيره شد
,شركت قدرت ايمان كوير(سهامي خاص),1404,جوانمرد3,1405/04/06,13:23:20,موجوديت جديد,خزانه داري,سند خزانه داري,2463,1404/10/09,سند صورت هزينه تنخواه با شماره 2463 ذخيره شد
,شركت برش كوه آريا پارت (سهامي خاص),1404,جوانمرد5,1405/04/06,13:23:14, ويرايش موجوديت,حسابداري,سند حسابداري,1050,1404/12/28,سند عمومي با شماره ثابت 1050 ذخيره شد
,شركت كيهان راه شرق (سهامي خاص),1404,شاهروديان1,1405/04/06,13:23:09, ويرايش موجوديت,خزانه داري,سند حسابداري,29500,1404/12/24,سند عمومي با شماره 29500 تاييد شد
,شركت برش كوه آريا پارت (سهامي خاص),1404,جوانمرد5,1405/04/06,13:23:06,موجوديت جديد,حسابداري,سند حسابداري,1050,1404/12/28,سند عمومي با شماره ثابت 1050 ذخيره شد
,شركت كيهان راه شرق (سهامي خاص),1405,عليرضاسالاري,1405/04/06,13:22:48, ويرايش موجوديت,انبار,سند انبار,6055,1405/04/06,سند درخواست كالا از انبار با شماره 6055 ثبت شد
,شركت كيهان راه شرق (سهامي خاص),1405,شهنواز1,1405/04/06,13:22:44, ويرايش موجوديت,انبار,سند انبار,1486,1405/04/06,سند رسيد انتقال بين انبار با شماره 1486 ثبت شد
,شركت قدرت ايمان كوير(سهامي خاص),1405,كاظميان3,1405/04/06,13:22:34,موجوديت جديد,خزانه داري,سند حسابداري,8104,1404/07/27,سند عمومي با شماره 8104 ذخيره شد
,شركت كيهان راه شرق (سهامي خاص),1405,زبرجدي2,1405/04/06,13:22:29,موجوديت جديد,انبار,سند انبار,6058,1405/04/06,سند درخواست كالا از انبار با شماره 6058 ثبت شد
,تفتان ره ساز پارس,1405,محدثه_قاسمي15,1405/04/06,13:22:20, ويرايش موجوديت,خزانه داري,سند حسابداري,421,1405/03/30,سند عمومي با شماره 421 ذخيره شد
,شركت قدرت ايمان كوير(سهامي خاص),1405,كاظميان3,1405/04/06,13:22:10,موجوديت جديد,خزانه داري,سند خزانه داري,2462,1404/07/27,سند صورت هزينه تنخواه با شماره 2462 ذخيره شد
,شركت كيهان راه شرق (سهامي خاص),1405,عليرضاسالاري,1405/04/06,13:21:59, ويرايش موجوديت,انبار,سند انبار,6055,1405/04/06,سند درخواست كالا از انبار با شماره 6055 ثبت شد
,شركت كيهان راه شرق (سهامي خاص),1405,شهنواز1,1405/04/06,13:21:53,موجوديت جديد,انبار,سند انبار,1486,1405/04/06,سند رسيد انتقال بين انبار با شماره 1486 ثبت شد
,شركت كيهان راه شرق (سهامي خاص),1405,عليرضاسالاري,1405/04/06,13:21:46, ويرايش موجوديت,انبار,سند انبار,6055,1405/04/06,سند درخواست كالا از انبار با شماره 6055 ثبت شد
,شركت كيهان راه شرق (سهامي خاص),1405,پوريامومني1,1405/04/06,13:21:39, ويرايش موجوديت,خزانه داري,سند حسابداري,29500,1404/12/24,سند عمومي با شماره 29500 ذخيره شد
,شركت قدرت ايمان كوير(سهامي خاص),1404,جوانمرد3,1405/04/06,13:21:24,موجوديت جديد,خزانه داري,سند حسابداري,8103,1404/10/08,سند عمومي با شماره 8103 ذخيره شد
,تفتان ره ساز پارس,1405,قاسمي15,1405/04/06,13:21:13,موجوديت جديد,خزانه داري,سند حسابداري,435,1405/04/01,سند عمومي با شماره 435 ذخيره شد
,شركت قدرت ايمان كوير(سهامي خاص),1404,جوانمرد3,1405/04/06,13:21:06,موجوديت جديد,خزانه داري,سند خزانه داري,2461,1404/10/08,سند صورت هزينه تنخواه با شماره 2461 ذخيره شد
,تفتان ره ساز پارس,1405,قاسمي15,1405/04/06,13:21:02,موجوديت جديد,خزانه داري,سند خزانه داري,206,1405/04/01,سند اعلاميه برداشت ريالي با شماره 206 ذخيره شد
,شركت برش كوه آريا پارت (سهامي خاص),1405,شاهوردي5,1405/04/06,13:20:48,موجوديت جديد,خزانه داري,سند حسابداري,1049,1404/09/25,سند عمومي با شماره 1049 ذخيره شد
,تفتان ره ساز پارس,1405,محدثه_قاسمي15,1405/04/06,13:20:47,ورود موفق,,نشست,,,
,شركت برش كوه آريا پارت (سهامي خاص),1405,شاهوردي5,1405/04/06,13:20:42, ويرايش موجوديت,خزانه داري,سند خزانه داري,33,1404/09/25,سند اعلاميه واريز ريالي با شماره 33 ذخيره شد
,شركت برش كوه آريا پارت (سهامي خاص),1405,شاهوردي5,1405/04/06,13:20:28, ويرايش موجوديت,خزانه داري,سند خزانه داري,33,1404/09/25,سند اعلاميه واريز ريالي با شماره 33 ذخيره شد
,شركت كيهان راه شرق (سهامي خاص),1405,علي_اماني1,1405/04/06,13:20:18, ويرايش موجوديت,انبار,سند انبار,4003,1405/04/06,سند حواله مصرف ماشين آلات با شماره 4003 ثبت شد
,شركت كيهان راه شرق (سهامي خاص),1405,پوريامومني1,1405/04/06,13:20:17, ويرايش موجوديت,خزانه داري,سند حسابداري,29500,1404/12/24,سند عمومي با شماره 29500 ذخيره شد
,شركت برش كوه آريا پارت (سهامي خاص),1405,شاهوردي5,1405/04/06,13:20:11, حذف موجوديت,خزانه داري,سند حسابداري,1049,1404/09/25,سند عمومي با شماره 1049 حذف شد
,شركت كيهان راه شرق (سهامي خاص),1405,علي_اماني1,1405/04/06,13:20:02, ويرايش موجوديت,انبار,سند انبار,4003,1405/04/06,سند حواله مصرف ماشين آلات با شماره 4003 ثبت شد
,شركت برش كوه آريا پارت (سهامي خاص),1405,شاهوردي5,1405/04/06,13:19:32,موجوديت جديد,خزانه داري,سند حسابداري,1049,1404/09/25,سند عمومي با شماره 1049 ذخيره شد
,شركت كيهان راه شرق (سهامي خاص),1405,آقاحاجي1,1405/04/06,13:19:29,ورود موفق,,نشست,,,
,شركت دنا بنيان بيرجند (سهامي خاص),1405,سپهريان2,1405/04/06,13:19:27, ويرايش موجوديت,حسابداري,سند حسابداري,1064,1405/04/02,سند عمومي با شماره ثابت 1064 ذخيره شد
,شركت برش كوه آريا پارت (سهامي خاص),1405,شاهوردي5,1405/04/06,13:19:26, ويرايش موجوديت,خزانه داري,سند خزانه داري,33,1404/09/25,سند اعلاميه واريز ريالي با شماره 33 ذخيره شد
,شركت قدرت ايمان كوير(سهامي خاص),1404,جوانمرد3,1405/04/06,13:19:26,موجوديت جديد,خزانه داري,سند حسابداري,8102,1404/10/07,سند عمومي با شماره 8102 ذخيره شد
,شركت قدرت ايمان كوير(سهامي خاص),1405,پوريامومني3,1405/04/06,13:19:24,موجوديت جديد,خزانه داري,سند حسابداري,8101,1404/08/17,سند عمومي با شماره 8101 ذخيره شد
,شركت قدرت ايمان كوير(سهامي خاص),1404,جوانمرد3,1405/04/06,13:19:10, ويرايش موجوديت,خزانه داري,سند خزانه داري,2460,1404/10/07,سند صورت هزينه تنخواه با شماره 2460 ذخيره شد
,شركت قدرت ايمان كوير(سهامي خاص),1404,جوانمرد3,1405/04/06,13:19:03,موجوديت جديد,خزانه داري,سند خزانه داري,2460,1404/10/07,سند صورت هزينه تنخواه با شماره 2460 ذخيره شد
,شركت برش كوه آريا پارت (سهامي خاص),1405,شاهوردي5,1405/04/06,13:19:02, ويرايش موجوديت,خزانه داري,سند خزانه داري,33,1404/09/25,سند اعلاميه واريز ريالي با شماره 33 ذخيره شد
,شركت قدرت ايمان كوير(سهامي خاص),1405,پوريامومني3,1405/04/06,13:19:01,موجوديت جديد,خزانه داري,سند خزانه داري,2459,1404/08/17,سند صورت هزينه تنخواه با شماره 2459 ذخيره شد
,شركت كيهان راه شرق (سهامي خاص),1405,علي_اماني1,1405/04/06,13:18:52,موجوديت جديد,انبار,سند انبار,4003,1405/04/06,سند حواله مصرف ماشين آلات با شماره 4003 ثبت شد
,شركت برش كوه آريا پارت (سهامي خاص),1405,شاهوردي5,1405/04/06,13:18:33, ويرايش موجوديت,خزانه داري,سند خزانه داري,33,1404/09/25,سند اعلاميه واريز ريالي با شماره 33 ذخيره شد
,تفتان ره ساز پارس,1405,آقاحاجي15,1405/04/06,13:18:18,موجوديت جديد,حسابداري,سند حسابداري,434,1405/03/19,سند عمومي با شماره ثابت 434 ذخيره شد
,شركت برش كوه آريا پارت (سهامي خاص),1405,شاهوردي5,1405/04/06,13:18:07, حذف موجوديت,خزانه داري,سند حسابداري,692,1404/09/25,سند عمومي با شماره 692 حذف شد
,شركت دنا بنيان بيرجند (سهامي خاص),1405,سپهريان2,1405/04/06,13:17:38, ويرايش موجوديت,حسابداري,سند حسابداري,1064,1405/04/02,سند عمومي با شماره ثابت 1064 ذخيره شد
,تفتان ره ساز پارس,1405,قاسمي15,1405/04/06,13:17:01,ورود موفق,,نشست,,,
,شركت كيهان راه شرق (سهامي خاص),1405,محمد رضايي,1405/04/06,13:17:01, ويرايش موجوديت,انبار,سند انبار,6,1405/01/01,سند موجودي ابتداي دوره با شماره 6 ثبت شد
,شركت قدرت ايمان كوير(سهامي خاص),1405,مهيوند3,1405/04/06,13:16:09,موجوديت جديد,خزانه داري,سند خزانه داري,266,1405/03/31,سند صورت هزينه تنخواه با شماره 266 ذخيره شد
,شركت كيهان راه شرق (سهامي خاص),1405,محمد رضايي,1405/04/06,13:15:52, ويرايش موجوديت,انبار,سند انبار,6,1405/01/01,سند موجودي ابتداي دوره با شماره 6 ثبت شد
,شركت دنا بنيان بيرجند (سهامي خاص),1405,سپهريان2,1405/04/06,13:15:47, ويرايش موجوديت,حسابداري,سند حسابداري,1064,1405/04/02,سند عمومي با شماره ثابت 1064 ذخيره شد
,شركت كيهان راه شرق (سهامي خاص),1405,عليرضاسالاري,1405/04/06,13:15:23, ويرايش موجوديت,انبار,سند انبار,6057,1405/04/06,سند درخواست كالا از انبار با شماره 6057 ثبت شد
,شركت كيهان راه شرق (سهامي خاص),1405,عليرضاسالاري,1405/04/06,13:15:10, ويرايش موجوديت,انبار,سند انبار,6057,1405/04/06,سند درخواست كالا از انبار با شماره 6057 ثبت شد
,شركت كيهان راه شرق (سهامي خاص),1405,محمد رضايي,1405/04/06,13:14:59, ويرايش موجوديت,انبار,سند انبار,6,1405/01/01,سند موجودي ابتداي دوره با شماره 6 ثبت شد
,شركت دنا بنيان بيرجند (سهامي خاص),1405,سپهريان2,1405/04/06,13:14:51, ويرايش موجوديت,حسابداري,سند حسابداري,1064,1405/04/02,سند عمومي با شماره ثابت 1064 ذخيره شد
,شركت كيهان راه شرق (سهامي خاص),1405,علي_اماني1,1405/04/06,13:14:42,موجوديت جديد,انبار,سند انبار,1485,1405/04/06,سند رسيد انتقال بين انبار با شماره 1485 ثبت شد
,شركت برش كوه آريا پارت (سهامي خاص),1405,شاهوردي5,1405/04/06,13:14:15,موجوديت جديد,حسابداري,سند حسابداري,1048,1404/01/10,سند عمومي با شماره ثابت 1048 ذخيره شد
,شركت كيهان راه شرق (سهامي خاص),1405,باباپور1,1405/04/06,13:14:04,موجوديت جديد,انبار,سند انبار,4002,1405/03/27,سند حواله مصرف ماشين آلات با شماره 4002 ثبت شد
,شركت قدرت ايمان كوير(سهامي خاص),1405,پوريامومني3,1405/04/06,13:13:59,موجوديت جديد,خزانه داري,سند حسابداري,8100,1404/08/18,سند عمومي با شماره 8100 ذخيره شد
,شركت كيهان راه شرق (سهامي خاص),1405,فرامرزسليماني,1405/04/06,13:13:52, ويرايش موجوديت,انبار,سند انبار,5277,1405/03/24,سند درخواست كالا از انبار با شماره 5277 ثبت شد
,شركت كيهان راه شرق (سهامي خاص),1405,پاشايي,1405/04/06,13:13:34, ويرايش موجوديت,انبار,سند انبار,7128,1405/02/26,سند رسيد خريد  با شماره 7128 ثبت شد
,شركت قدرت ايمان كوير(سهامي خاص),1405,پوريامومني3,1405/04/06,13:13:32,موجوديت جديد,خزانه داري,سند خزانه داري,2458,1404/08/18,سند صورت هزينه تنخواه با شماره 2458 ذخيره شد
,شركت كيهان راه شرق (سهامي خاص),1405,محمد رضايي,1405/04/06,13:13:31, ويرايش موجوديت,انبار,سند انبار,4,1405/01/01,سند موجودي ابتداي دوره با شماره 4 ثبت شد
,تفتان ره ساز پارس,1405,آقاحاجي15,1405/04/06,13:13:18,موجوديت جديد,حسابداري,سند حسابداري,433,1405/02/14,سند عمومي با شماره ثابت 433 ذخيره شد
,شركت دنا بنيان بيرجند (سهامي خاص),1405,سپهريان2,1405/04/06,13:13:04,موجوديت جديد,حسابداري,سند حسابداري,1064,1405/04/02,سند عمومي با شماره ثابت 1064 ذخيره شد
,شركت كيهان راه شرق (سهامي خاص),1405,فرامرزسليماني,1405/04/06,13:12:32,موجوديت جديد,انبار,سند انبار,4741,1405/04/06,سند تاييد درخواست كالا با شماره 4741 ثبت شد
,شركت كيهان راه شرق (سهامي خاص),1405,فرامرزسليماني,1405/04/06,13:12:13, ويرايش موجوديت,انبار,سند انبار,5277,1405/03/24,سند درخواست كالا از انبار با شماره 5277 ثبت شد
,شركت كيهان راه شرق (سهامي خاص),1405,پاشايي,1405/04/06,13:12:04, ويرايش موجوديت,انبار,سند انبار,7128,1405/02/26,سند رسيد خريد  با شماره 7128 ثبت شد
,شركت كيهان راه شرق (سهامي خاص),1404,شاهروديان1,1405/04/06,13:11:41, ويرايش موجوديت,خزانه داري,سند حسابداري,29512,1404/08/15,سند عمومي با شماره 29512 تاييد شد
,شركت كيهان راه شرق (سهامي خاص),1405,پاشايي,1405/04/06,13:11:02, ويرايش موجوديت,انبار,سند انبار,7124,1405/02/19,سند رسيد خريد  با شماره 7124 ثبت شد
,شركت كيهان راه شرق (سهامي خاص),1405,سرحدي,1405/04/06,13:10:47,موجوديت جديد,انبار,سند انبار,8125,1405/03/09,سند رسيد خريد  با شماره 8125 ثبت شد
,شركت قدرت ايمان كوير(سهامي خاص),1405,پوريامومني3,1405/04/06,13:10:33,موجوديت جديد,خزانه داري,سند حسابداري,8099,1404/08/19,سند عمومي با شماره 8099 ذخيره شد
,شركت قدرت ايمان كوير(سهامي خاص),1405,پوريامومني3,1405/04/06,13:10:14,موجوديت جديد,خزانه داري,سند خزانه داري,2457,1404/08/19,سند صورت هزينه تنخواه با شماره 2457 ذخيره شد
,شركت كيهان راه شرق (سهامي خاص),1405,عليرضاسالاري,1405/04/06,13:10:12, ويرايش موجوديت,انبار,سند انبار,6056,1405/04/06,سند درخواست كالا از انبار با شماره 6056 ثبت شد
,تفتان ره ساز پارس,1404,الاجگردي15,1405/04/06,13:10:02,ورود موفق,,نشست,,,
,شركت قدرت ايمان كوير(سهامي خاص),1405,سپهريان3,1405/04/06,13:09:54,ورود موفق,,نشست,,,
,شركت كيهان راه شرق (سهامي خاص),1404,الاجگردي1,1405/04/06,13:09:30, ويرايش موجوديت,خزانه داري,سند حسابداري,27998,1404/12/24,سند عمومي با شماره 27998 تاييد شد
,شركت برش كوه آريا پارت (سهامي خاص),1405,شاهوردي5,1405/04/06,13:08:54, حذف موجوديت,حسابداري,سند حسابداري,1048,1404/12/28,سند عمومي با شماره 1048 حذف شد
,شركت دنا بنيان بيرجند (سهامي خاص),1405,سپهريان2,1405/04/06,13:08:47,ورود موفق,,نشست,,,
,شركت كيهان راه شرق (سهامي خاص),1405,محمدحداد,1405/04/06,13:08:35,موجوديت جديد,انبار,سند انبار,4740,1405/04/06,سند تاييد درخواست كالا با شماره 4740 ثبت شد
,شركت كيهان راه شرق (سهامي خاص),1405,علي_اماني1,1405/04/06,13:08:20,موجوديت جديد,انبار,سند انبار,1484,1405/04/06,سند رسيد انتقال بين انبار با شماره 1484 ثبت شد
,شركت كيهان راه شرق (سهامي خاص),1405,شهرستاني1,1405/04/06,13:08:10,موجوديت جديد,انبار,سند انبار,6057,1405/04/06,سند درخواست كالا از انبار با شماره 6057 ثبت شد
,شركت كيهان راه شرق (سهامي خاص),1405,عليرضاسالاري,1405/04/06,13:07:32, ويرايش موجوديت,انبار,سند انبار,6056,1405/04/06,سند درخواست كالا از انبار با شماره 6056 ثبت شد
,شركت كيهان راه شرق (سهامي خاص),1405,محمدحداد,1405/04/06,13:07:32, ويرايش موجوديت,انبار,سند انبار,5968,1405/04/02,سند درخواست كالا از انبار با شماره 5968 ثبت شد
,شركت كيهان راه شرق (سهامي خاص),1404,جلالي1,1405/04/06,13:07:30,موجوديت جديد,حسابداري,سند حسابداري,2684,1405/03/23,سند عمومي با شماره ثابت 2684 ذخيره شد
,شركت كيهان راه شرق (سهامي خاص),1405,محمدحداد,1405/04/06,13:07:17, ويرايش موجوديت,انبار,سند انبار,5968,1405/04/02,سند درخواست كالا از انبار با شماره 5968 ثبت شد
,شركت قدرت ايمان كوير(سهامي خاص),1405,پوريامومني3,1405/04/06,13:07:03,موجوديت جديد,خزانه داري,سند حسابداري,8098,1404/08/19,سند عمومي با شماره 8098 ذخيره شد
,شركت قدرت ايمان كوير(سهامي خاص),1405,پوريامومني3,1405/04/06,13:06:45,موجوديت جديد,خزانه داري,سند خزانه داري,2456,1404/08/19,سند صورت هزينه تنخواه با شماره 2456 ذخيره شد
,شركت دنا بنيان بيرجند (سهامي خاص),1405,سپهريان2,1405/04/06,13:06:38,ورود موفق,,نشست,,,
,شركت كيهان راه شرق (سهامي خاص),1405,باباپور1,1405/04/06,13:06:34,موجوديت جديد,انبار,سند انبار,4001,1405/03/26,سند حواله مصرف ماشين آلات با شماره 4001 ثبت شد
,شركت برش كوه آريا پارت (سهامي خاص),1404,جوانمرد5,1405/04/06,13:06:27, ويرايش موجوديت,حسابداري,سند حسابداري,1048,1404/12/28,سند عمومي با شماره ثابت 1048 ذخيره شد
,شركت كيهان راه شرق (سهامي خاص),1405,اكبري1,1405/04/06,13:06:13,موجوديت جديد,حسابداري,سند حسابداري,30761,1404/07/28,سند عمومي با شماره ثابت 30761 ذخيره شد
,شركت كيهان راه شرق (سهامي خاص),1405,عليرضاسالاري,1405/04/06,13:05:58, ويرايش موجوديت,انبار,سند انبار,6056,1405/04/06,سند درخواست كالا از انبار با شماره 6056 ثبت شد
,شركت برش كوه آريا پارت (سهامي خاص),1404,جوانمرد5,1405/04/06,13:05:55,موجوديت جديد,حسابداري,سند حسابداري,1048,1404/12/28,سند عمومي با شماره ثابت 1048 ذخيره شد
,شركت قدرت ايمان كوير(سهامي خاص),1405,كاظميان3,1405/04/06,13:05:46,موجوديت جديد,خزانه داري,سند حسابداري,8097,1404/07/26,سند عمومي با شماره 8097 ذخيره شد
,شركت قدرت ايمان كوير(سهامي خاص),1405,سپهريان3,1405/04/06,13:05:30,موجوديت جديد,خزانه داري,سند حسابداري,1018,1405/04/02,سند عمومي با شماره 1018 ذخيره شد
,شركت قدرت ايمان كوير(سهامي خاص),1405,سپهريان3,1405/04/06,13:05:24,موجوديت جديد,خزانه داري,سند خزانه داري,257,1405/04/02,سند اعلاميه برداشت ريالي با شماره 257 ذخيره شد
,شركت كيهان راه شرق (سهامي خاص),1405,رحمانيان,1405/04/06,13:05:09, ويرايش موجوديت,انبار,سند انبار,6055,1405/04/06,سند درخواست كالا از انبار با شماره 6055 ثبت شد
,شركت قدرت ايمان كوير(سهامي خاص),1405,كاظميان3,1405/04/06,13:05:03,موجوديت جديد,خزانه داري,سند خزانه داري,2455,1404/07/26,سند صورت هزينه تنخواه با شماره 2455 ذخيره شد
,شركت كيهان راه شرق (سهامي خاص),1405,محمدحداد,1405/04/06,13:04:51,موجوديت جديد,انبار,سند انبار,4739,1405/04/06,سند تاييد درخواست كالا با شماره 4739 ثبت شد
,شركت كيهان راه شرق (سهامي خاص),1405,رحمانيان,1405/04/06,13:04:13, ويرايش موجوديت,انبار,سند انبار,6053,1405/04/06,سند درخواست كالا از انبار با شماره 6053 ثبت شد
,شركت كيهان راه شرق (سهامي خاص),1405,محمدحداد,1405/04/06,13:03:46, ويرايش موجوديت,انبار,سند انبار,5967,1405/04/02,سند درخواست كالا از انبار با شماره 5967 ثبت شد
,شركت كيهان راه شرق (سهامي خاص),1405,مجتبي سابقي1,1405/04/06,13:03:34, ويرايش موجوديت,انبار,سند انبار,6055,1405/04/06,سند درخواست كالا از انبار با شماره 6055 ثبت شد
,شركت كيهان راه شرق (سهامي خاص),1405,رحمانيان,1405/04/06,13:03:27,موجوديت جديد,انبار,سند انبار,4738,1405/04/06,سند تاييد درخواست كالا با شماره 4738 ثبت شد
,شركت كيهان راه شرق (سهامي خاص),1405,رحمانيان,1405/04/06,13:02:35, ويرايش موجوديت,انبار,سند انبار,6054,1405/04/06,سند درخواست كالا از انبار با شماره 6054 ثبت شد
,شركت قدرت ايمان كوير(سهامي خاص),1404,جعفري3,1405/04/06,13:02:27,موجوديت جديد,خزانه داري,سند حسابداري,8096,1404/09/05,سند عمومي با شماره 8096 ذخيره شد
,شركت كيهان راه شرق (سهامي خاص),1405,باباپور1,1405/04/06,13:02:24,موجوديت جديد,انبار,سند انبار,4000,1405/04/06,سند حواله مصرف ماشين آلات با شماره 4000 ثبت شد
,شركت قدرت ايمان كوير(سهامي خاص),1405,پوريامومني3,1405/04/06,13:02:14,موجوديت جديد,خزانه داري,سند حسابداري,8095,1404/08/19,سند عمومي با شماره 8095 ذخيره شد
,شركت كيهان راه شرق (سهامي خاص),1405,رحمانيان,1405/04/06,13:02:13, ويرايش موجوديت,انبار,سند انبار,6054,1405/04/06,سند درخواست كالا از انبار با شماره 6054 ثبت شد
,شركت كيهان راه شرق (سهامي خاص),1405,فرامرزسليماني,1405/04/06,13:02:12, ويرايش موجوديت,انبار,سند انبار,6056,1405/04/06,سند درخواست كالا از انبار با شماره 6056 ثبت شد
,شركت قدرت ايمان كوير(سهامي خاص),1404,جعفري3,1405/04/06,13:02:01,موجوديت جديد,خزانه داري,سند خزانه داري,2454,1404/09/05,سند صورت هزينه تنخواه با شماره 2454 ذخيره شد
,شركت قدرت ايمان كوير(سهامي خاص),1405,پوريامومني3,1405/04/06,13:01:54,موجوديت جديد,خزانه داري,سند خزانه داري,2453,1404/08/19,سند صورت هزينه تنخواه با شماره 2453 ذخيره شد
,شركت قدرت ايمان كوير(سهامي خاص),1405,سپهريان3,1405/04/06,13:01:52,ورود موفق,,نشست,,,
,شركت كيهان راه شرق (سهامي خاص),1405,رحمانيان,1405/04/06,13:01:42, ويرايش موجوديت,انبار,سند انبار,6056,1405/04/06,سند درخواست كالا از انبار با شماره 6056 ثبت شد
,شركت قدرت ايمان كوير(سهامي خاص),1404,جوانمرد3,1405/04/06,13:00:53,موجوديت جديد,خزانه داري,سند حسابداري,8094,1404/10/08,سند عمومي با شماره 8094 ذخيره شد
,شركت قدرت ايمان كوير(سهامي خاص),1404,جوانمرد3,1405/04/06,13:00:39,موجوديت جديد,خزانه داري,سند خزانه داري,2452,1404/10/08,سند صورت هزينه تنخواه با شماره 2452 ذخيره شد
,شركت قدرت ايمان كوير(سهامي خاص),1404,الاجگردي3,1405/04/06,13:00:39, ويرايش موجوديت,خزانه داري,سند حسابداري,7537,1404/11/28,سند عمومي با شماره 7537 تاييد شد
,شركت كيهان راه شرق (سهامي خاص),1405,رحمانيان,1405/04/06,12:59:36, ويرايش موجوديت,انبار,سند انبار,6055,1405/04/06,سند درخواست كالا از انبار با شماره 6055 ثبت شد
,شركت كيهان راه شرق (سهامي خاص),1405,سجادزنگويي1,1405/04/06,12:59:02,موجوديت جديد,انبار,سند انبار,1698,1405/04/02,سند حواله انتقال بين انبار با شماره 1698 ثبت شد
,شركت قدرت ايمان كوير(سهامي خاص),1404,جوانمرد3,1405/04/06,12:58:35,موجوديت جديد,خزانه داري,سند حسابداري,8093,1404/10/08,سند عمومي با شماره 8093 ذخيره شد
,شركت قدرت ايمان كوير(سهامي خاص),1404,جوانمرد3,1405/04/06,12:58:10,موجوديت جديد,خزانه داري,سند خزانه داري,2451,1404/10/08,سند صورت هزينه تنخواه با شماره 2451 ذخيره شد
,شركت كيهان راه شرق (سهامي خاص),1405,شهرستاني1,1405/04/06,12:57:32, ويرايش موجوديت,انبار,سند انبار,6056,1405/04/06,سند درخواست كالا از انبار با شماره 6056 ثبت شد
,شركت كيهان راه شرق (سهامي خاص),1405,يوسفي4خواف,1405/04/06,12:57:20,موجوديت جديد,انبار,سند انبار,3999,1405/04/06,سند حواله مصرف ماشين آلات با شماره 3999 ثبت شد
,شركت قدرت ايمان كوير(سهامي خاص),1404,جعفري3,1405/04/06,12:57:17,موجوديت جديد,خزانه داري,سند حسابداري,8092,1404/09/07,سند عمومي با شماره 8092 ذخيره شد
,شركت قدرت ايمان كوير(سهامي خاص),1404,الاجگردي3,1405/04/06,12:57:15,ورود موفق,,نشست,,,
,شركت كيهان راه شرق (سهامي خاص),1405,محدثه_قاسمي1,1405/04/06,12:57:15,موجوديت جديد,خزانه داري,سند حسابداري,2683,1405/03/18,سند عمومي با شماره 2683 ذخيره شد
,شركت كيهان راه شرق (سهامي خاص),1405,محدثه_قاسمي1,1405/04/06,12:56:57,موجوديت جديد,خزانه داري,سند خزانه داري,334,1405/03/18,سند اعلاميه برداشت ريالي با شماره 334 ذخيره شد
,شركت قدرت ايمان كوير(سهامي خاص),1404,جعفري3,1405/04/06,12:56:48,موجوديت جديد,خزانه داري,سند خزانه داري,2450,1404/09/07,سند صورت هزينه تنخواه با شماره 2450 ذخيره شد
,شركت قدرت ايمان كوير(سهامي خاص),1404,جوانمرد3,1405/04/06,12:56:26,موجوديت جديد,خزانه داري,سند حسابداري,8091,1404/10/08,سند عمومي با شماره 8091 ذخيره شد
,تفتان ره ساز پارس,1405,غلامي15,1405/04/06,12:56:15,موجوديت جديد,حسابداري,سند حسابداري,432,1405/04/02,سند عمومي با شماره ثابت 432 ذخيره شد
,شركت كيهان راه شرق (سهامي خاص),1405,عبدپور_طرق,1405/04/06,12:56:13,موجوديت جديد,انبار,سند انبار,1483,1405/04/06,سند رسيد انتقال بين انبار با شماره 1483 ثبت شد
,شركت قدرت ايمان كوير(سهامي خاص),1404,جوانمرد3,1405/04/06,12:56:12,موجوديت جديد,خزانه داري,سند خزانه داري,2449,1404/10/08,سند صورت هزينه تنخواه با شماره 2449 ذخيره شد
,شركت قدرت ايمان كوير(سهامي خاص),1405,پوريامومني3,1405/04/06,12:56:11,موجوديت جديد,خزانه داري,سند حسابداري,8090,1404/08/19,سند عمومي با شماره 8090 ذخيره شد
,شركت كيهان راه شرق (سهامي خاص),1405,باباپور1,1405/04/06,12:56:09,موجوديت جديد,انبار,سند انبار,3998,1405/04/06,سند حواله مصرف ماشين آلات با شماره 3998 ثبت شد
,شركت كيهان راه شرق (سهامي خاص),1405,شهرستاني1,1405/04/06,12:55:51,موجوديت جديد,انبار,سند انبار,6056,1405/04/06,سند درخواست كالا از انبار با شماره 6056 ثبت شد
,شركت كيهان راه شرق (سهامي خاص),1405,اكبري1,1405/04/06,12:55:45,موجوديت جديد,حسابداري,سند حسابداري,30760,1404/07/24,سند عمومي با شماره ثابت 30760 ذخيره شد
,شركت كيهان راه شرق (سهامي خاص),1404,الاجگردي1,1405/04/06,12:55:32, ويرايش موجوديت,خزانه داري,سند حسابداري,30030,1404/12/28,سند عمومي با شماره 30030 تاييد شد
,شركت قدرت ايمان كوير(سهامي خاص),1405,پوريامومني3,1405/04/06,12:55:32,موجوديت جديد,خزانه داري,سند خزانه داري,2448,1404/08/19,سند صورت هزينه تنخواه با شماره 2448 ذخيره شد
,شركت كيهان راه شرق (سهامي خاص),1405,محمدحداد,1405/04/06,12:55:11,موجوديت جديد,انبار,سند انبار,4737,1405/04/06,سند تاييد درخواست كالا با شماره 4737 ثبت شد
,شركت كيهان راه شرق (سهامي خاص),1405,مجتبي سابقي1,1405/04/06,12:55:05,موجوديت جديد,انبار,سند انبار,6055,1405/04/06,سند درخواست كالا از انبار با شماره 6055 ثبت شد
,شركت قدرت ايمان كوير(سهامي خاص),1404,جعفري3,1405/04/06,12:54:28,موجوديت جديد,خزانه داري,سند حسابداري,8089,1404/09/08,سند عمومي با شماره 8089 ذخيره شد
,شركت قدرت ايمان كوير(سهامي خاص),1404,جوانمرد3,1405/04/06,12:54:28,موجوديت جديد,خزانه داري,سند حسابداري,8088,1404/10/09,سند عمومي با شماره 8088 ذخيره شد
,شركت قدرت ايمان كوير(سهامي خاص),1404,جوانمرد3,1405/04/06,12:54:10,موجوديت جديد,خزانه داري,سند خزانه داري,2447,1404/10/09,سند صورت هزينه تنخواه با شماره 2447 ذخيره شد
,شركت قدرت ايمان كوير(سهامي خاص),1405,كاظميان3,1405/04/06,12:54:09,موجوديت جديد,خزانه داري,سند حسابداري,8087,1404/07/28,سند عمومي با شماره 8087 ذخيره شد
,شركت قدرت ايمان كوير(سهامي خاص),1404,جعفري3,1405/04/06,12:54:08,موجوديت جديد,خزانه داري,سند خزانه داري,2446,1404/09/08,سند صورت هزينه تنخواه با شماره 2446 ذخيره شد
,شركت كيهان راه شرق (سهامي خاص),1405,علي_اماني1,1405/04/06,12:53:59,موجوديت جديد,انبار,سند انبار,890,1405/04/06,سند حواله  اماني ما نزد ديگران با شماره 890 ثبت شد
,شركت كيهان راه شرق (سهامي خاص),1405,شهنواز1,1405/04/06,12:53:52, ويرايش موجوديت,انبار,سند انبار,1482,1405/04/06,سند رسيد انتقال بين انبار با شماره 1482 ثبت شد
,شركت كيهان راه شرق (سهامي خاص),1405,محمدحداد,1405/04/06,12:53:48, ويرايش موجوديت,انبار,سند انبار,5966,1405/04/02,سند درخواست كالا از انبار با شماره 5966 ثبت شد
,شركت كيهان راه شرق (سهامي خاص),1404,شاهروديان1,1405/04/06,12:53:45, ويرايش موجوديت,خزانه داري,سند حسابداري,29501,1404/12/23,سند عمومي با شماره 29501 تاييد شد
,شركت قدرت ايمان كوير(سهامي خاص),1405,كاظميان3,1405/04/06,12:53:45,موجوديت جديد,خزانه داري,سند خزانه داري,2445,1404/07/28,سند صورت هزينه تنخواه با شماره 2445 ذخيره شد
,شركت كيهان راه شرق (سهامي خاص),1405,پاشايي,1405/04/06,12:53:30, ويرايش موجوديت,انبار,سند انبار,7129,1405/03/09,سند رسيد خريد  با شماره 7129 ثبت شد
,شركت كيهان راه شرق (سهامي خاص),1405,شهنواز1,1405/04/06,12:53:26,موجوديت جديد,انبار,سند انبار,1482,1405/04/06,سند رسيد انتقال بين انبار با شماره 1482 ثبت شد
,شركت دنا بنيان بيرجند (سهامي خاص),1404,جلالي2,1405/04/06,12:53:24,ورود موفق,,نشست,,,
,شركت كيهان راه شرق (سهامي خاص),1405,شهرستاني1,1405/04/06,12:53:19,ورود موفق,,نشست,,,
,شركت قدرت ايمان كوير(سهامي خاص),1404,جوانمرد3,1405/04/06,12:52:22,موجوديت جديد,خزانه داري,سند حسابداري,8086,1404/10/09,سند عمومي با شماره 8086 ذخيره شد
,شركت كيهان راه شرق (سهامي خاص),1405,علي_اماني1,1405/04/06,12:52:21,موجوديت جديد,انبار,سند انبار,2614,1405/04/06,سند حواله مصرف  با شماره 2614 ثبت شد
,شركت قدرت ايمان كوير(سهامي خاص),1405,پوريامومني3,1405/04/06,12:52:20,موجوديت جديد,خزانه داري,سند حسابداري,8085,1404/08/20,سند عمومي با شماره 8085 ذخيره شد
,شركت قدرت ايمان كوير(سهامي خاص),1404,جعفري3,1405/04/06,12:52:14,موجوديت جديد,خزانه داري,سند حسابداري,8084,1404/09/08,سند عمومي با شماره 8084 ذخيره شد
,شركت قدرت ايمان كوير(سهامي خاص),1404,جوانمرد3,1405/04/06,12:52:10,موجوديت جديد,خزانه داري,سند خزانه داري,2444,1404/10/09,سند صورت هزينه تنخواه با شماره 2444 ذخيره شد
,شركت برش كوه آريا پارت (سهامي خاص),1404,جوانمرد5,1405/04/06,12:52:09, ويرايش موجوديت,حسابداري,سند حسابداري,1047,1404/01/10,سند عمومي با شماره ثابت 1047 ذخيره شد
,شركت قدرت ايمان كوير(سهامي خاص),1405,پوريامومني3,1405/04/06,12:52:01,موجوديت جديد,خزانه داري,سند خزانه داري,2443,1404/08/20,سند صورت هزينه تنخواه با شماره 2443 ذخيره شد
,شركت قدرت ايمان كوير(سهامي خاص),1404,جعفري3,1405/04/06,12:51:56,موجوديت جديد,خزانه داري,سند خزانه داري,2442,1404/09/08,سند صورت هزينه تنخواه با شماره 2442 ذخيره شد
,شركت كيهان راه شرق (سهامي خاص),1405,باباپور1,1405/04/06,12:51:24, ويرايش موجوديت,انبار,سند انبار,3993,1405/03/23,سند حواله مصرف ماشين آلات با شماره 3993 ثبت شد
,شركت برش كوه آريا پارت (سهامي خاص),1404,جوانمرد5,1405/04/06,12:51:17, ويرايش موجوديت,حسابداري,سند حسابداري,1047,1404/01/10,سند عمومي با شماره ثابت 1047 ذخيره شد
,شركت كيهان راه شرق (سهامي خاص),1404,شاهروديان1,1405/04/06,12:51:13,ورود موفق,,نشست,,,
,شركت برش كوه آريا پارت (سهامي خاص),1404,جوانمرد5,1405/04/06,12:51:02,موجوديت جديد,حسابداري,سند حسابداري,1047,1404/01/10,سند عمومي با شماره ثابت 1047 ذخيره شد
,شركت قدرت ايمان كوير(سهامي خاص),1404,جوانمرد3,1405/04/06,12:50:40,موجوديت جديد,خزانه داري,سند حسابداري,8083,1404/10/09,سند عمومي با شماره 8083 ذخيره شد
,شركت قدرت ايمان كوير(سهامي خاص),1404,جوانمرد3,1405/04/06,12:50:26,موجوديت جديد,خزانه داري,سند خزانه داري,2441,1404/10/09,سند صورت هزينه تنخواه با شماره 2441 ذخيره شد
,شركت قدرت ايمان كوير(سهامي خاص),1404,جعفري3,1405/04/06,12:50:23,موجوديت جديد,خزانه داري,سند حسابداري,8082,1404/09/10,سند عمومي با شماره 8082 ذخيره شد
,شركت كيهان راه شرق (سهامي خاص),1405,علي_اماني1,1405/04/06,12:50:13,موجوديت جديد,انبار,سند انبار,195,1405/04/06,سند رسيد ضايعات و كالاهاي تعميري با شماره 195 ثبت شد
,شركت كيهان راه شرق (سهامي خاص),1405,عليرضاسالاري,1405/04/06,12:50:04, ويرايش موجوديت,انبار,سند انبار,5968,1405/04/02,سند درخواست كالا از انبار با شماره 5968 ثبت شد
,شركت قدرت ايمان كوير(سهامي خاص),1404,جعفري3,1405/04/06,12:49:59,موجوديت جديد,خزانه داري,سند خزانه داري,2440,1404/09/10,سند صورت هزينه تنخواه با شماره 2440 ذخيره شد
,شركت كيهان راه شرق (سهامي خاص),1405,شهنواز1,1405/04/06,12:49:35,موجوديت جديد,انبار,سند انبار,1481,1405/04/06,سند رسيد انتقال بين انبار با شماره 1481 ثبت شد
,شركت كيهان راه شرق (سهامي خاص),1405,علي_اماني1,1405/04/06,12:49:34,موجوديت جديد,انبار,سند انبار,2613,1405/04/06,سند حواله مصرف  با شماره 2613 ثبت شد
,شركت كيهان راه شرق (سهامي خاص),1405,ارغواني1,1405/04/06,12:49:32,موجوديت جديد,انبار,سند انبار,3997,1405/04/06,سند حواله مصرف ماشين آلات با شماره 3997 ثبت شد
,شركت كيهان راه شرق (سهامي خاص),1405,عليرضاسالاري,1405/04/06,12:49:20, ويرايش موجوديت,انبار,سند انبار,5968,1405/04/02,سند درخواست كالا از انبار با شماره 5968 ثبت شد
,شركت قدرت ايمان كوير(سهامي خاص),1404,كارآموز,1405/04/06,12:48:40,ورود موفق,,نشست,,,
,شركت قدرت ايمان كوير(سهامي خاص),1404,جوانمرد3,1405/04/06,12:48:39,موجوديت جديد,خزانه داري,سند حسابداري,8081,1404/10/09,سند عمومي با شماره 8081 ذخيره شد
,شركت قدرت ايمان كوير(سهامي خاص),1404,جوانمرد3,1405/04/06,12:48:26,موجوديت جديد,خزانه داري,سند خزانه داري,2439,1404/10/09,سند صورت هزينه تنخواه با شماره 2439 ذخيره شد
,شركت برش كوه آريا پارت (سهامي خاص),1404,جوانمرد5,1405/04/06,12:48:17,ورود موفق,,نشست,,,
,شركت قدرت ايمان كوير(سهامي خاص),1404,جعفري3,1405/04/06,12:48:11,ورود موفق,,نشست,,,
,شركت كيهان راه شرق (سهامي خاص),1405,شهنواز1,1405/04/06,12:48:05,موجوديت جديد,انبار,سند انبار,1480,1405/04/06,سند رسيد انتقال بين انبار با شماره 1480 ثبت شد
,شركت كيهان راه شرق (سهامي خاص),1405,سجادزنگويي1,1405/04/06,12:47:40,ورود موفق,,نشست,,,
,شركت كيهان راه شرق (سهامي خاص),1404,جلالي1,1405/04/06,12:47:39,موجوديت جديد,حسابداري,سند حسابداري,2682,1405/03/23,سند عمومي با شماره ثابت 2682 ذخيره شد
,شركت برش كوه آريا پارت (سهامي خاص),1405,شاهوردي5,1405/04/06,12:47:36, حذف موجوديت,حسابداري,سند حسابداري,1035,1404/01/10,سند عمومي با شماره 1035 حذف شد
,شركت كيهان راه شرق (سهامي خاص),1405,عليرضاسالاري,1405/04/06,12:47:36, ويرايش موجوديت,انبار,سند انبار,5969,1405/04/02,سند درخواست كالا از انبار با شماره 5969 ثبت شد
,شركت كيهان راه شرق (سهامي خاص),1405,سرحدي,1405/04/06,12:47:29,موجوديت جديد,انبار,سند انبار,8124,1405/03/05,سند رسيد خريد  با شماره 8124 ثبت شد
,شركت قدرت ايمان كوير(سهامي خاص),1405,كاظميان3,1405/04/06,12:47:24,موجوديت جديد,خزانه داري,سند حسابداري,8080,1404/07/25,سند عمومي با شماره 8080 ذخيره شد
,شركت قدرت ايمان كوير(سهامي خاص),1405,كاظميان3,1405/04/06,12:46:59,موجوديت جديد,خزانه داري,سند خزانه داري,2438,1404/07/25,سند صورت هزينه تنخواه با شماره 2438 ذخيره شد
,شركت كيهان راه شرق (سهامي خاص),1405,علي_اماني1,1405/04/06,12:46:58,موجوديت جديد,انبار,سند انبار,1479,1405/04/06,سند رسيد انتقال بين انبار با شماره 1479 ثبت شد
,شركت قدرت ايمان كوير(سهامي خاص),1404,جوانمرد3,1405/04/06,12:46:56,موجوديت جديد,خزانه داري,سند حسابداري,8079,1404/10/09,سند عمومي با شماره 8079 ذخيره شد
,شركت كيهان راه شرق (سهامي خاص),1405,زبرجدي2,1405/04/06,12:46:53,موجوديت جديد,انبار,سند انبار,6054,1405/04/06,سند درخواست كالا از انبار با شماره 6054 ثبت شد
,شركت قدرت ايمان كوير(سهامي خاص),1404,جوانمرد3,1405/04/06,12:46:42,موجوديت جديد,خزانه داري,سند خزانه داري,2437,1404/10/09,سند صورت هزينه تنخواه با شماره 2437 ذخيره شد
,شركت كيهان راه شرق (سهامي خاص),1405,شهنواز1,1405/04/06,12:45:49,موجوديت جديد,انبار,سند انبار,1478,1405/04/06,سند رسيد انتقال بين انبار با شماره 1478 ثبت شد
,شركت قدرت ايمان كوير(سهامي خاص),1405,مهيوند3,1405/04/06,12:45:25,موجوديت جديد,خزانه داري,سند خزانه داري,265,1405/03/31,سند صورت هزينه تنخواه با شماره 265 ذخيره شد
,شركت قدرت ايمان كوير(سهامي خاص),1404,جوانمرد3,1405/04/06,12:45:13,موجوديت جديد,خزانه داري,سند حسابداري,8078,1404/10/09,سند عمومي با شماره 8078 ذخيره شد
,شركت قدرت ايمان كوير(سهامي خاص),1405,كاظميان3,1405/04/06,12:45:05,موجوديت جديد,خزانه داري,سند حسابداري,8077,1404/07/24,سند عمومي با شماره 8077 ذخيره شد
,شركت قدرت ايمان كوير(سهامي خاص),1404,جوانمرد3,1405/04/06,12:44:59,موجوديت جديد,خزانه داري,سند خزانه داري,2436,1404/10/09,سند صورت هزينه تنخواه با شماره 2436 ذخيره شد
,شركت قدرت ايمان كوير(سهامي خاص),1405,كاظميان3,1405/04/06,12:44:34,موجوديت جديد,خزانه داري,سند خزانه داري,2435,1404/07/24,سند صورت هزينه تنخواه با شماره 2435 ذخيره شد
,شركت كيهان راه شرق (سهامي خاص),1405,سيناسليماني,1405/04/06,12:44:19,موجوديت جديد,انبار,سند انبار,3996,1405/04/06,سند حواله مصرف ماشين آلات با شماره 3996 ثبت شد
,تفتان ره ساز پارس,1405,غلامي15,1405/04/06,12:44:04,موجوديت جديد,حسابداري,سند حسابداري,431,1405/04/02,سند عمومي با شماره ثابت 431 ذخيره شد
,شركت قدرت ايمان كوير(سهامي خاص),1405,پوريامومني3,1405/04/06,12:43:38,موجوديت جديد,خزانه داري,سند حسابداري,8076,1404/08/20,سند عمومي با شماره 8076 ذخيره شد
,شركت كيهان راه شرق (سهامي خاص),1405,عليرضاسالاري,1405/04/06,12:43:30, ويرايش موجوديت,انبار,سند انبار,5969,1405/04/02,سند درخواست كالا از انبار با شماره 5969 ثبت شد
,شركت قدرت ايمان كوير(سهامي خاص),1405,پوريامومني3,1405/04/06,12:43:17,موجوديت جديد,خزانه داري,سند خزانه داري,2434,1404/08/20,سند صورت هزينه تنخواه با شماره 2434 ذخيره شد
,شركت كيهان راه شرق (سهامي خاص),1405,مجتبي سابقي1,1405/04/06,12:43:11, ويرايش موجوديت,انبار,سند انبار,8123,1405/03/14,سند رسيد خريد  با شماره 8123 ثبت شد
,شركت قدرت ايمان كوير(سهامي خاص),1404,جوانمرد3,1405/04/06,12:43:09,موجوديت جديد,خزانه داري,سند حسابداري,8075,1404/10/09,سند عمومي با شماره 8075 ذخيره شد
,شركت كيهان راه شرق (سهامي خاص),1405,سبزبان1,1405/04/06,12:43:07,ورود موفق,,نشست,,,
,شركت قدرت ايمان كوير(سهامي خاص),1404,جوانمرد3,1405/04/06,12:42:56,موجوديت جديد,خزانه داري,سند خزانه داري,2433,1404/10/09,سند صورت هزينه تنخواه با شماره 2433 ذخيره شد
,شركت كيهان راه شرق (سهامي خاص),1405,فرامرزسليماني,1405/04/06,12:42:54, ويرايش موجوديت,انبار,سند انبار,5171,1405/03/23,سند درخواست كالا از انبار با شماره 5171 ثبت شد
,شركت كيهان راه شرق (سهامي خاص),1405,مجتبي سابقي1,1405/04/06,12:41:50,موجوديت جديد,انبار,سند انبار,8123,1405/03/14,سند رسيد خريد  با شماره 8123 ثبت شد
,شركت كيهان راه شرق (سهامي خاص),1405,علي_اماني1,1405/04/06,12:41:40, ويرايش موجوديت,انبار,سند انبار,6053,1405/04/06,سند درخواست كالا از انبار با شماره 6053 ثبت شد
,رايان سازه آذرخش,1404,شاهروديان9,1405/04/06,12:41:24,ورود موفق,,نشست,,,
,شركت قدرت ايمان كوير(سهامي خاص),1404,جوانمرد3,1405/04/06,12:40:58,موجوديت جديد,خزانه داري,سند حسابداري,8074,1404/10/09,سند عمومي با شماره 8074 ذخيره شد
,شركت قدرت ايمان كوير(سهامي خاص),1404,جوانمرد3,1405/04/06,12:40:45,موجوديت جديد,خزانه داري,سند خزانه داري,2432,1404/10/09,سند صورت هزينه تنخواه با شماره 2432 ذخيره شد
,شركت كيهان راه شرق (سهامي خاص),1405,فرامرزسليماني,1405/04/06,12:40:39,موجوديت جديد,انبار,سند انبار,4736,1405/04/06,سند تاييد درخواست كالا با شماره 4736 ثبت شد
,شركت كيهان راه شرق (سهامي خاص),1405,علي_اماني1,1405/04/06,12:40:30,موجوديت جديد,انبار,سند انبار,6053,1405/04/06,سند درخواست كالا از انبار با شماره 6053 ثبت شد
,شركت كيهان راه شرق (سهامي خاص),1405,فرامرزسليماني,1405/04/06,12:40:17, ويرايش موجوديت,انبار,سند انبار,5237,1405/03/24,سند درخواست كالا از انبار با شماره 5237 ثبت شد
,شركت كيهان راه شرق (سهامي خاص),1404,شاهروديان1,1405/04/06,12:40:04, ويرايش موجوديت,خزانه داري,سند حسابداري,28577,1404/11/25,سند عمومي با شماره 28577 تاييد شد
,شركت كيهان راه شرق (سهامي خاص),1405,مجتبي سابقي1,1405/04/06,12:39:36,موجوديت جديد,انبار,سند انبار,8122,1405/03/13,سند رسيد خريد  با شماره 8122 ثبت شد
,شركت قدرت ايمان كوير(سهامي خاص),1404,جوانمرد3,1405/04/06,12:38:58,موجوديت جديد,خزانه داري,سند حسابداري,8073,1404/10/10,سند عمومي با شماره 8073 ذخيره شد
,شركت قدرت ايمان كوير(سهامي خاص),1404,جوانمرد3,1405/04/06,12:38:43,موجوديت جديد,خزانه داري,سند خزانه داري,2431,1404/10/10,سند صورت هزينه تنخواه با شماره 2431 ذخيره شد
,شركت كيهان راه شرق (سهامي خاص),1405,فرامرزسليماني,1405/04/06,12:38:31,موجوديت جديد,انبار,سند انبار,4735,1405/04/06,سند تاييد درخواست كالا با شماره 4735 ثبت شد
,شركت كيهان راه شرق (سهامي خاص),1405,فرامرزسليماني,1405/04/06,12:38:05, ويرايش موجوديت,انبار,سند انبار,5231,1405/03/24,سند درخواست كالا از انبار با شماره 5231 ثبت شد
,شركت قدرت ايمان كوير(سهامي خاص),1405,مهيوند3,1405/04/06,12:36:46,موجوديت جديد,خزانه داري,سند خزانه داري,264,1405/03/31,سند صورت هزينه تنخواه با شماره 264 ذخيره شد
,شركت كيهان راه شرق (سهامي خاص),1405,فرامرزسليماني,1405/04/06,12:36:23, ويرايش موجوديت,انبار,سند انبار,5229,1405/03/24,سند درخواست كالا از انبار با شماره 5229 ثبت شد
,شركت كيهان راه شرق (سهامي خاص),1405,سجادزنگويي1,1405/04/06,12:36:03,موجوديت جديد,انبار,سند انبار,8121,1405/01/03,سند رسيد خريد  با شماره 8121 ثبت شد
,شركت قدرت ايمان كوير(سهامي خاص),1404,جوانمرد3,1405/04/06,12:35:18,موجوديت جديد,خزانه داري,سند حسابداري,8072,1404/10/10,سند عمومي با شماره 8072 ذخيره شد
,شركت كيهان راه شرق (سهامي خاص),1405,سيدي,1405/04/06,12:35:04, ويرايش موجوديت,انبار,سند انبار,8120,1405/03/10,سند رسيد خريد  با شماره 8120 ثبت شد
,شركت قدرت ايمان كوير(سهامي خاص),1404,جوانمرد3,1405/04/06,12:35:01,موجوديت جديد,خزانه داري,سند خزانه داري,2430,1404/10/10,سند صورت هزينه تنخواه با شماره 2430 ذخيره شد
,شركت كيهان راه شرق (سهامي خاص),1405,رحمانيان,1405/04/06,12:34:55,موجوديت جديد,انبار,سند انبار,4734,1405/04/06,سند تاييد درخواست كالا با شماره 4734 ثبت شد
,شركت كيهان راه شرق (سهامي خاص),1405,رحمانيان,1405/04/06,12:34:46, ويرايش موجوديت,انبار,سند انبار,6052,1405/04/06,سند درخواست كالا از انبار با شماره 6052 ثبت شد
,شركت كيهان راه شرق (سهامي خاص),1405,عليرضاسالاري,1405/04/06,12:34:45, ويرايش موجوديت,انبار,سند انبار,6039,1405/04/06,سند درخواست كالا از انبار با شماره 6039 ثبت شد
,شركت قدرت ايمان كوير(سهامي خاص),1405,پوريامومني3,1405/04/06,12:34:40,موجوديت جديد,خزانه داري,سند حسابداري,8071,1404/08/20,سند عمومي با شماره 8071 ذخيره شد
,شركت كيهان راه شرق (سهامي خاص),1405,سيدي,1405/04/06,12:34:27,موجوديت جديد,انبار,سند انبار,8120,1405/04/06,سند رسيد خريد  با شماره 8120 ثبت شد
,شركت قدرت ايمان كوير(سهامي خاص),1405,پوريامومني3,1405/04/06,12:34:00,موجوديت جديد,خزانه داري,سند خزانه داري,2429,1404/08/20,سند صورت هزينه تنخواه با شماره 2429 ذخيره شد
,شركت كيهان راه شرق (سهامي خاص),1405,ابوالفضل_سابقي1,1405/04/06,12:33:55, ويرايش موجوديت,انبار,سند انبار,6693,1405/03/04,سند رسيد خريد  با شماره 6693 ثبت شد
,شركت كيهان راه شرق (سهامي خاص),1405,مروي,1405/04/06,12:33:34,موجوديت جديد,انبار,سند انبار,6052,1405/04/06,سند درخواست كالا از انبار با شماره 6052 ثبت شد
,شركت كيهان راه شرق (سهامي خاص),1405,شهنواز1,1405/04/06,12:33:25,موجوديت جديد,انبار,سند انبار,8119,1405/01/01,سند رسيد خريد  با شماره 8119 ثبت شد
,تفتان ره ساز پارس,1404,فرزانه15,1405/04/06,12:33:11,موجوديت جديد,خزانه داري,سند حسابداري,430,1405/03/23,سند عمومي با شماره 430 ذخيره شد
,شركت كيهان راه شرق (سهامي خاص),1405,پاشايي,1405/04/06,12:32:53, ويرايش موجوديت,انبار,سند انبار,5059,1405/03/02,سند رسيد خريد  با شماره 5059 ثبت شد
,شركت قدرت ايمان كوير(سهامي خاص),1404,دادرس3,1405/04/06,12:32:47, ويرايش موجوديت,خزانه داري,سند حسابداري,3656,1404/09/05,سند عمومي با شماره 3656 تاييد شد
,شركت كيهان راه شرق (سهامي خاص),1405,سجادزنگويي1,1405/04/06,12:32:37,موجوديت جديد,انبار,سند انبار,8118,1405/01/17,سند رسيد خريد  با شماره 8118 ثبت شد
,تفتان ره ساز پارس,1404,فرزانه15,1405/04/06,12:32:30,موجوديت جديد,خزانه داري,سند خزانه داري,54,1405/03/23,سند اعلاميه واريز ريالي با شماره 54 ذخيره شد
,شركت كيهان راه شرق (سهامي خاص),1405,سيناسليماني,1405/04/06,12:32:09,موجوديت جديد,انبار,سند انبار,3995,1405/04/06,سند حواله مصرف ماشين آلات با شماره 3995 ثبت شد
,شركت كيهان راه شرق (سهامي خاص),1405,عليرضاسالاري,1405/04/06,12:31:36, ويرايش موجوديت,انبار,سند انبار,6043,1405/04/06,سند درخواست كالا از انبار با شماره 6043 ثبت شد
,شركت قدرت ايمان كوير(سهامي خاص),1404,جوانمرد3,1405/04/06,12:31:33,موجوديت جديد,خزانه داري,سند حسابداري,8070,1404/10/10,سند عمومي با شماره 8070 ذخيره شد
,شركت قدرت ايمان كوير(سهامي خاص),1404,جوانمرد3,1405/04/06,12:31:14,موجوديت جديد,خزانه داري,سند خزانه داري,2428,1404/10/10,سند صورت هزينه تنخواه با شماره 2428 ذخيره شد
,شركت كيهان راه شرق (سهامي خاص),1405,محدثه_قاسمي1,1405/04/06,12:31:14,موجوديت جديد,خزانه داري,سند حسابداري,2681,1405/03/31,سند عمومي با شماره 2681 ذخيره شد
,شركت كيهان راه شرق (سهامي خاص),1405,محدثه_قاسمي1,1405/04/06,12:31:05,موجوديت جديد,خزانه داري,سند خزانه داري,333,1405/03/31,سند اعلاميه برداشت ريالي با شماره 333 ذخيره شد
,شركت كيهان راه شرق (سهامي خاص),1405,مجتبي سابقي1,1405/04/06,12:30:53, ويرايش موجوديت,انبار,سند انبار,8117,1405/03/16,سند رسيد خريد  با شماره 8117 ثبت شد
,شركت كيهان راه شرق (سهامي خاص),1405,فرامرزسليماني,1405/04/06,12:30:47,موجوديت جديد,انبار,سند انبار,4733,1405/04/06,سند تاييد درخواست كالا با شماره 4733 ثبت شد
,شركت كيهان راه شرق (سهامي خاص),1405,عليرضاسالاري,1405/04/06,12:30:46, ويرايش موجوديت,انبار,سند انبار,6045,1405/04/06,سند درخواست كالا از انبار با شماره 6045 ثبت شد
,شركت كيهان راه شرق (سهامي خاص),1405,مجتبي سابقي1,1405/04/06,12:30:33, ويرايش موجوديت,انبار,سند انبار,8117,1405/03/16,سند رسيد خريد  با شماره 8117 ثبت شد
,شركت كيهان راه شرق (سهامي خاص),1405,مجتبي سابقي1,1405/04/06,12:30:28,موجوديت جديد,انبار,سند انبار,8117,1405/03/16,سند رسيد خريد  با شماره 8117 ثبت شد
,شركت كيهان راه شرق (سهامي خاص),1405,سجادزنگويي1,1405/04/06,12:29:52, ويرايش موجوديت,انبار,سند انبار,8116,1405/01/30,سند رسيد خريد  با شماره 8116 ثبت شد
,شركت كيهان راه شرق (سهامي خاص),1405,سجادزنگويي1,1405/04/06,12:29:26, ويرايش موجوديت,انبار,سند انبار,8116,1405/01/30,سند رسيد خريد  با شماره 8116 ثبت شد
,شركت كيهان راه شرق (سهامي خاص),1405,فرامرزسليماني,1405/04/06,12:29:26,موجوديت جديد,انبار,سند انبار,4732,1405/04/06,سند تاييد درخواست كالا با شماره 4732 ثبت شد
,شركت كيهان راه شرق (سهامي خاص),1405,سجادزنگويي1,1405/04/06,12:29:08,موجوديت جديد,انبار,سند انبار,8116,1405/01/30,سند رسيد خريد  با شماره 8116 ثبت شد
,شركت كيهان راه شرق (سهامي خاص),1405,عليرضاسالاري,1405/04/06,12:28:52, ويرايش موجوديت,انبار,سند انبار,5974,1405/04/02,سند درخواست كالا از انبار با شماره 5974 ثبت شد
,شركت كيهان راه شرق (سهامي خاص),1405,مجتبي سابقي1,1405/04/06,12:28:34, ويرايش موجوديت,انبار,سند انبار,8115,1405/03/17,سند رسيد خريد  با شماره 8115 ثبت شد
,شركت كيهان راه شرق (سهامي خاص),1405,مجتبي سابقي1,1405/04/06,12:28:29,موجوديت جديد,انبار,سند انبار,8115,1405/03/17,سند رسيد خريد  با شماره 8115 ثبت شد
,شركت كيهان راه شرق (سهامي خاص),1405,علي_اماني1,1405/04/06,12:28:22,ورود موفق,,نشست,,,
,شركت كيهان راه شرق (سهامي خاص),1405,عليرضاسالاري,1405/04/06,12:28:11, ويرايش موجوديت,انبار,سند انبار,5974,1405/04/02,سند درخواست كالا از انبار با شماره 5974 ثبت شد
,شركت كيهان راه شرق (سهامي خاص),1405,عليزاده,1405/04/06,12:27:52, ويرايش موجوديت,انبار,سند انبار,6038,1405/04/06,سند درخواست كالا از انبار با شماره 6038 ثبت شد
,شركت كيهان راه شرق (سهامي خاص),1405,عليرضاسالاري,1405/04/06,12:27:46, ويرايش موجوديت,انبار,سند انبار,5974,1405/04/02,سند درخواست كالا از انبار با شماره 5974 ثبت شد
,شركت كيهان راه شرق (سهامي خاص),1404,جلالي1,1405/04/06,12:27:38,موجوديت جديد,حسابداري,سند حسابداري,2680,1405/03/25,سند عمومي با شماره ثابت 2680 ذخيره شد
,شركت كيهان راه شرق (سهامي خاص),1405,قاسمي1,1405/04/06,12:27:34, ويرايش موجوديت,خزانه داري,سند حسابداري,16845,1404/09/10,سند عمومي با شماره 16845 ذخيره شد
,شركت كيهان راه شرق (سهامي خاص),1405,عليزاده,1405/04/06,12:27:27, ويرايش موجوديت,انبار,سند انبار,6040,1405/04/06,سند درخواست كالا از انبار با شماره 6040 ثبت شد
,شركت كيهان راه شرق (سهامي خاص),1405,سجادزنگويي1,1405/04/06,12:27:11,موجوديت جديد,انبار,سند انبار,8114,1405/01/17,سند رسيد خريد  با شماره 8114 ثبت شد
,شركت كيهان راه شرق (سهامي خاص),1405,فرامرزسليماني,1405/04/06,12:27:06, ويرايش موجوديت,انبار,سند انبار,5203,1405/03/24,سند درخواست كالا از انبار با شماره 5203 ثبت شد
,شركت كيهان راه شرق (سهامي خاص),1405,فرامرزسليماني,1405/04/06,12:26:58,موجوديت جديد,انبار,سند انبار,4731,1405/04/06,سند تاييد درخواست كالا با شماره 4731 ثبت شد
,شركت كيهان راه شرق (سهامي خاص),1405,ابوالفضل_سابقي1,1405/04/06,12:26:47,موجوديت جديد,انبار,سند انبار,8113,1405/02/30,سند رسيد خريد  با شماره 8113 ثبت شد
,شركت كيهان راه شرق (سهامي خاص),1405,پاشايي,1405/04/06,12:26:35, ويرايش موجوديت,انبار,سند انبار,5058,1405/02/26,سند رسيد خريد  با شماره 5058 ثبت شد
,شركت كيهان راه شرق (سهامي خاص),1405,شهنواز1,1405/04/06,12:26:31,ورود موفق,,نشست,,,
,شركت كيهان راه شرق (سهامي خاص),1405,فرامرزسليماني,1405/04/06,12:26:26, ويرايش موجوديت,انبار,سند انبار,5203,1405/03/24,سند درخواست كالا از انبار با شماره 5203 ثبت شد
,شركت كيهان راه شرق (سهامي خاص),1405,مجتبي سابقي1,1405/04/06,12:26:23,موجوديت جديد,انبار,سند انبار,8112,1405/03/02,سند رسيد خريد  با شماره 8112 ثبت شد
,شركت كيهان راه شرق (سهامي خاص),1405,پاشايي,1405/04/06,12:25:40, ويرايش موجوديت,انبار,سند انبار,5061,1405/02/19,سند رسيد خريد  با شماره 5061 ثبت شد
,شركت قدرت ايمان كوير(سهامي خاص),1405,مهيوند3,1405/04/06,12:25:25, ويرايش موجوديت,خزانه داري,سند خزانه داري,263,1405/03/31,سند صورت هزينه تنخواه با شماره 263 ذخيره شد
,شركت كيهان راه شرق (سهامي خاص),1405,فرامرزسليماني,1405/04/06,12:25:20,موجوديت جديد,انبار,سند انبار,4730,1405/04/06,سند تاييد درخواست كالا با شماره 4730 ثبت شد
,شركت قدرت ايمان كوير(سهامي خاص),1405,مهيوند3,1405/04/06,12:25:05,موجوديت جديد,خزانه داري,سند خزانه داري,263,1405/03/31,سند صورت هزينه تنخواه با شماره 263 ذخيره شد
,شركت قدرت ايمان كوير(سهامي خاص),1404,جوانمرد3,1405/04/06,12:25:04,موجوديت جديد,خزانه داري,سند حسابداري,8069,1404/10/10,سند عمومي با شماره 8069 ذخيره شد
,شركت كيهان راه شرق (سهامي خاص),1405,فرامرزسليماني,1405/04/06,12:24:53, ويرايش موجوديت,انبار,سند انبار,5194,1405/03/23,سند درخواست كالا از انبار با شماره 5194 ثبت شد
,شركت قدرت ايمان كوير(سهامي خاص),1404,جوانمرد3,1405/04/06,12:24:51,موجوديت جديد,خزانه داري,سند خزانه داري,2427,1404/10/10,سند صورت هزينه تنخواه با شماره 2427 ذخيره شد
,شركت كيهان راه شرق (سهامي خاص),1405,محدثه_قاسمي1,1405/04/06,12:24:48, ويرايش موجوديت,خزانه داري,سند حسابداري,2679,1405/03/30,سند عمومي با شماره 2679 ذخيره شد
,شركت كيهان راه شرق (سهامي خاص),1405,محمدمختاري,1405/04/06,12:24:31, ويرايش موجوديت,انبار,سند انبار,4729,1405/04/06,سند تاييد درخواست كالا با شماره 4729 ثبت شد
,شركت كيهان راه شرق (سهامي خاص),1405,محمدمختاري,1405/04/06,12:24:05,موجوديت جديد,انبار,سند انبار,4729,1405/04/06,سند تاييد درخواست كالا با شماره 4729 ثبت شد
,شركت كيهان راه شرق (سهامي خاص),1405,محمدمختاري,1405/04/06,12:23:41, ويرايش موجوديت,انبار,سند انبار,5958,1405/04/02,سند درخواست كالا از انبار با شماره 5958 ثبت شد
,شركت كيهان راه شرق (سهامي خاص),1405,عليرضاسالاري,1405/04/06,12:23:34, ويرايش موجوديت,انبار,سند انبار,5980,1405/04/02,سند درخواست كالا از انبار با شماره 5980 ثبت شد
,شركت كيهان راه شرق (سهامي خاص),1405,اكبري1,1405/04/06,12:23:30,موجوديت جديد,حسابداري,سند حسابداري,30759,1404/07/19,سند عمومي با شماره ثابت 30759 ذخيره شد
,شركت كيهان راه شرق (سهامي خاص),1405,سيدي,1405/04/06,12:23:22, ويرايش موجوديت,انبار,سند انبار,8111,1405/03/07,سند رسيد خريد  با شماره 8111 ثبت شد
,شركت قدرت ايمان كوير(سهامي خاص),1404,جوانمرد3,1405/04/06,12:23:21,موجوديت جديد,خزانه داري,سند حسابداري,8068,1404/10/11,سند عمومي با شماره 8068 ذخيره شد
,شركت قدرت ايمان كوير(سهامي خاص),1404,جوانمرد3,1405/04/06,12:23:08,موجوديت جديد,خزانه داري,سند خزانه داري,2426,1404/10/11,سند صورت هزينه تنخواه با شماره 2426 ذخيره شد
,شركت كيهان راه شرق (سهامي خاص),1405,عليرضاسالاري,1405/04/06,12:22:39, ويرايش موجوديت,انبار,سند انبار,4728,1405/04/06,سند تاييد درخواست كالا با شماره 4728 ثبت شد
,شركت كيهان راه شرق (سهامي خاص),1405,سيدي,1405/04/06,12:22:37,موجوديت جديد,انبار,سند انبار,8111,1405/04/06,سند رسيد خريد  با شماره 8111 ثبت شد
,شركت كيهان راه شرق (سهامي خاص),1404,اميررضارحيمي1,1405/04/06,12:22:35, ويرايش موجوديت,حسابداري,سند حسابداري,18732,1404/01/25,سند عمومي با شماره 18732 تاييد شد
,شركت كيهان راه شرق (سهامي خاص),1405,عليرضاسالاري,1405/04/06,12:22:27,موجوديت جديد,انبار,سند انبار,4728,1405/04/06,سند تاييد درخواست كالا با شماره 4728 ثبت شد
,شركت كيهان راه شرق (سهامي خاص),1405,عليرضاسالاري,1405/04/06,12:22:01, ويرايش موجوديت,انبار,سند انبار,6041,1405/04/06,سند درخواست كالا از انبار با شماره 6041 ثبت شد
,شركت كيهان راه شرق (سهامي خاص),1405,پاشايي,1405/04/06,12:21:52, ويرايش موجوديت,انبار,سند انبار,5061,1405/02/19,سند رسيد خريد  با شماره 5061 ثبت شد
,شركت قدرت ايمان كوير(سهامي خاص),1404,جوانمرد3,1405/04/06,12:21:34,موجوديت جديد,خزانه داري,سند حسابداري,8067,1404/10/11,سند عمومي با شماره 8067 ذخيره شد
,شركت كيهان راه شرق (سهامي خاص),1405,مجتبي سابقي1,1405/04/06,12:21:30, ويرايش موجوديت,انبار,سند انبار,8108,1405/03/07,سند رسيد خريد  با شماره 8108 ثبت شد
,شركت كيهان راه شرق (سهامي خاص),1405,محدثه_قاسمي1,1405/04/06,12:21:18,موجوديت جديد,خزانه داري,سند حسابداري,2679,1405/03/30,سند عمومي با شماره 2679 ذخيره شد
,شركت قدرت ايمان كوير(سهامي خاص),1404,جوانمرد3,1405/04/06,12:21:14,موجوديت جديد,خزانه داري,سند خزانه داري,2425,1404/10/11,سند صورت هزينه تنخواه با شماره 2425 ذخيره شد
,شركت كيهان راه شرق (سهامي خاص),1405,محدثه_قاسمي1,1405/04/06,12:21:06, ويرايش موجوديت,خزانه داري,سند خزانه داري,323,1405/03/30,سند اعلاميه برداشت ريالي با شماره 323 ذخيره شد
,شركت كيهان راه شرق (سهامي خاص),1405,عليرضاسالاري,1405/04/06,12:20:42, ويرايش موجوديت,انبار,سند انبار,6051,1405/04/06,سند درخواست كالا از انبار با شماره 6051 ثبت شد
,شركت كيهان راه شرق (سهامي خاص),1405,ارغواني1,1405/04/06,12:19:51, ويرايش موجوديت,انبار,سند انبار,3994,1405/03/23,سند حواله مصرف ماشين آلات با شماره 3994 ثبت شد
,شركت كيهان راه شرق (سهامي خاص),1405,جابرسرگزي1,1405/04/06,12:19:45,موجوديت جديد,انبار,سند انبار,167,1405/03/01,سند برگشت اماني ما نزد ديگران با شماره 167 ثبت شد
,شركت كيهان راه شرق (سهامي خاص),1405,محدثه_قاسمي1,1405/04/06,12:19:37, ويرايش موجوديت,خزانه داري,سند خزانه داري,323,1405/03/30,سند اعلاميه برداشت ريالي با شماره 323 ذخيره شد
,شركت قدرت ايمان كوير(سهامي خاص),1405,كاظميان3,1405/04/06,12:19:36, ويرايش موجوديت,خزانه داري,سند حسابداري,8066,1404/07/25,سند عمومي با شماره 8066 ذخيره شد
,شركت قدرت ايمان كوير(سهامي خاص),1405,كاظميان3,1405/04/06,12:19:31,موجوديت جديد,خزانه داري,سند حسابداري,8066,1404/07/25,سند عمومي با شماره 8066 ذخيره شد
,شركت كيهان راه شرق (سهامي خاص),1405,سرحدي,1405/04/06,12:19:16,موجوديت جديد,انبار,سند انبار,8110,1405/03/03,سند رسيد خريد  با شماره 8110 ثبت شد
,شركت كيهان راه شرق (سهامي خاص),1405,عليرضاسالاري,1405/04/06,12:19:07, ويرايش موجوديت,انبار,سند انبار,6051,1405/04/06,سند درخواست كالا از انبار با شماره 6051 ثبت شد
,شركت قدرت ايمان كوير(سهامي خاص),1405,كاظميان3,1405/04/06,12:19:04,موجوديت جديد,خزانه داري,سند خزانه داري,2424,1404/07/25,سند صورت هزينه تنخواه با شماره 2424 ذخيره شد
,شركت قدرت ايمان كوير(سهامي خاص),1404,جوانمرد3,1405/04/06,12:19:02,موجوديت جديد,خزانه داري,سند حسابداري,8065,1404/10/11,سند عمومي با شماره 8065 ذخيره شد
,شركت قدرت ايمان كوير(سهامي خاص),1404,جوانمرد3,1405/04/06,12:18:49,موجوديت جديد,خزانه داري,سند خزانه داري,2423,1404/10/11,سند صورت هزينه تنخواه با شماره 2423 ذخيره شد
,شركت كيهان راه شرق (سهامي خاص),1405,ارغواني1,1405/04/06,12:18:39, ويرايش موجوديت,انبار,سند انبار,3994,1405/03/23,سند حواله مصرف ماشين آلات با شماره 3994 ثبت شد
,شركت كيهان راه شرق (سهامي خاص),1405,ارغواني1,1405/04/06,12:18:29, ويرايش موجوديت,انبار,سند انبار,3994,1405/03/24,سند حواله مصرف ماشين آلات با شماره 3994 ثبت شد
,شركت كيهان راه شرق (سهامي خاص),1405,ارغواني1,1405/04/06,12:18:10,موجوديت جديد,انبار,سند انبار,3994,1405/04/06,سند حواله مصرف ماشين آلات با شماره 3994 ثبت شد
,شركت كيهان راه شرق (سهامي خاص),1405,فرامرزسليماني,1405/04/06,12:18:09,موجوديت جديد,انبار,سند انبار,4727,1405/04/06,سند تاييد درخواست كالا با شماره 4727 ثبت شد
,شركت كيهان راه شرق (سهامي خاص),1405,فرامرزسليماني,1405/04/06,12:17:53, ويرايش موجوديت,انبار,سند انبار,5190,1405/03/23,سند درخواست كالا از انبار با شماره 5190 ثبت شد
,شركت كيهان راه شرق (سهامي خاص),1405,محمد رضايي,1405/04/06,12:17:50, ويرايش موجوديت,انبار,سند انبار,4,1405/01/01,سند موجودي ابتداي دوره با شماره 4 ثبت شد
,شركت كيهان راه شرق (سهامي خاص),1405,محدثه_قاسمي1,1405/04/06,12:17:35,ورود موفق,,نشست,,,
,شركت كيهان راه شرق (سهامي خاص),1405,ابوالفضل_سابقي1,1405/04/06,12:17:29,موجوديت جديد,انبار,سند انبار,8109,1405/03/16,سند رسيد خريد  با شماره 8109 ثبت شد
,شركت قدرت ايمان كوير(سهامي خاص),1404,جوانمرد3,1405/04/06,12:16:49,موجوديت جديد,خزانه داري,سند حسابداري,8064,1404/10/11,سند عمومي با شماره 8064 ذخيره شد
,شركت كيهان راه شرق (سهامي خاص),1404,اميررضارحيمي1,1405/04/06,12:16:41, ويرايش موجوديت,حسابداري,سند حسابداري,18732,1404/01/25,سند عمومي با شماره ثابت 18732 ذخيره شد
,شركت قدرت ايمان كوير(سهامي خاص),1404,جوانمرد3,1405/04/06,12:16:34,موجوديت جديد,خزانه داري,سند خزانه داري,2422,1404/10/11,سند صورت هزينه تنخواه با شماره 2422 ذخيره شد
,شركت كيهان راه شرق (سهامي خاص),1404,برهان,1405/04/06,12:16:30, حذف موجوديت,خزانه داري,سند حسابداري,2554,1405/03/30,سند عمومي با شماره 2554 حذف شد
,شركت كيهان راه شرق (سهامي خاص),1405,جابرسرگزي1,1405/04/06,12:16:14,موجوديت جديد,انبار,سند انبار,166,1405/01/15,سند برگشت اماني ما نزد ديگران با شماره 166 ثبت شد
,شركت كيهان راه شرق (سهامي خاص),1405,مجتبي سابقي1,1405/04/06,12:16:00,موجوديت جديد,انبار,سند انبار,8108,1405/03/07,سند رسيد خريد  با شماره 8108 ثبت شد
,شركت دنا بنيان بيرجند (سهامي خاص),1404,اكبري2,1405/04/06,12:15:16, ويرايش موجوديت,حسابداري,سند حسابداري,8984,1404/07/30,سند عمومي با شماره ثابت 8984 ذخيره شد
,شركت كيهان راه شرق (سهامي خاص),1405,قاسمي1,1405/04/06,12:15:03,موجوديت جديد,خزانه داري,سند حسابداري,2678,1405/03/01,سند عمومي با شماره 2678 ذخيره شد
,شركت كيهان راه شرق (سهامي خاص),1405,قاسمي1,1405/04/06,12:14:59, ويرايش موجوديت,خزانه داري,سند خزانه داري,97,1405/03/01,سند اعلاميه واريز ريالي با شماره 97 ذخيره شد
,شركت كيهان راه شرق (سهامي خاص),1404,جلالي1,1405/04/06,12:14:57,موجوديت جديد,حسابداري,سند حسابداري,30758,1404/07/20,سند عمومي با شماره ثابت 30758 ذخيره شد
,شركت قدرت ايمان كوير(سهامي خاص),1405,مهيوند3,1405/04/06,12:14:52,ورود موفق,,نشست,,,
,شركت كيهان راه شرق (سهامي خاص),1405,ابوالفضل_سابقي1,1405/04/06,12:14:45, ويرايش موجوديت,انبار,سند انبار,8107,1405/03/19,سند رسيد خريد  با شماره 8107 ثبت شد
,,,,1405/04/06,12:14:37,ورود ناموفق (عدم صحت نام کاربر يا کلمه عبور),,نشست,,,
,,,,1405/04/06,12:14:34,ورود ناموفق (عدم صحت نام کاربر يا کلمه عبور),,نشست,,,
,شركت دنا بنيان بيرجند (سهامي خاص),1404,اكبري2,1405/04/06,12:14:21,ورود موفق,,نشست,,,
,شركت كيهان راه شرق (سهامي خاص),1405,ارغواني1,1405/04/06,12:14:15,موجوديت جديد,انبار,سند انبار,1477,1405/03/23,سند رسيد انتقال بين انبار با شماره 1477 ثبت شد
,شركت كيهان راه شرق (سهامي خاص),1405,عليرضاسالاري,1405/04/06,12:14:10, ويرايش موجوديت,انبار,سند انبار,6051,1405/04/06,سند درخواست كالا از انبار با شماره 6051 ثبت شد
,شركت كيهان راه شرق (سهامي خاص),1405,باباپور1,1405/04/06,12:14:01,موجوديت جديد,انبار,سند انبار,3993,1405/03/23,سند حواله مصرف ماشين آلات با شماره 3993 ثبت شد
,تفتان ره ساز پارس,1404,فرزانه15,1405/04/06,12:13:58,ورود موفق,,نشست,,,
,شركت كيهان راه شرق (سهامي خاص),1405,فرامرزسليماني,1405/04/06,12:13:47,موجوديت جديد,انبار,سند انبار,4726,1405/04/06,سند تاييد درخواست كالا با شماره 4726 ثبت شد
,شركت كيهان راه شرق (سهامي خاص),1405,فرامرزسليماني,1405/04/06,12:13:35, ويرايش موجوديت,انبار,سند انبار,5325,1405/03/25,سند درخواست كالا از انبار با شماره 5325 ثبت شد
,شركت قدرت ايمان كوير(سهامي خاص),1404,جوانمرد3,1405/04/06,12:13:28,موجوديت جديد,خزانه داري,سند حسابداري,8063,1404/10/12,سند عمومي با شماره 8063 ذخيره شد
,شركت قدرت ايمان كوير(سهامي خاص),1404,جوانمرد3,1405/04/06,12:13:12,موجوديت جديد,خزانه داري,سند خزانه داري,2421,1404/10/12,سند صورت هزينه تنخواه با شماره 2421 ذخيره شد
,شركت كيهان راه شرق (سهامي خاص),1405,مجتبي سابقي1,1405/04/06,12:12:54, ويرايش موجوديت,انبار,سند انبار,8106,1405/03/20,سند رسيد خريد  با شماره 8106 ثبت شد
,شركت كيهان راه شرق (سهامي خاص),1405,ابوالفضل_سابقي1,1405/04/06,12:12:53,موجوديت جديد,انبار,سند انبار,8107,1405/03/19,سند رسيد خريد  با شماره 8107 ثبت شد
,شركت كيهان راه شرق (سهامي خاص),1405,مجتبي سابقي1,1405/04/06,12:12:45,موجوديت جديد,انبار,سند انبار,8106,1405/03/20,سند رسيد خريد  با شماره 8106 ثبت شد
,شركت كيهان راه شرق (سهامي خاص),1405,محمد رضايي,1405/04/06,12:12:37, ويرايش موجوديت,انبار,سند انبار,4,1405/01/01,سند موجودي ابتداي دوره با شماره 4 ثبت شد
,شركت قدرت ايمان كوير(سهامي خاص),1405,پوريامومني3,1405/04/06,12:12:05,موجوديت جديد,خزانه داري,سند حسابداري,8062,1404/08/19,سند عمومي با شماره 8062 ذخيره شد
,شركت كيهان راه شرق (سهامي خاص),1405,يوسفي4خواف,1405/04/06,12:12:00, ويرايش موجوديت,انبار,سند انبار,6051,1405/04/06,سند درخواست كالا از انبار با شماره 6051 ثبت شد
,شركت كيهان راه شرق (سهامي خاص),1405,پاشايي,1405/04/06,12:11:58, ويرايش موجوديت,انبار,سند انبار,7083,1405/03/09,سند رسيد خريد  با شماره 7083 ثبت شد
,شركت قدرت ايمان كوير(سهامي خاص),1405,پوريامومني3,1405/04/06,12:11:43,موجوديت جديد,خزانه داري,سند خزانه داري,2420,1404/08/19,سند صورت هزينه تنخواه با شماره 2420 ذخيره شد
,شركت كيهان راه شرق (سهامي خاص),1405,عبدپور_طرق,1405/04/06,12:11:35, ويرايش موجوديت,انبار,سند انبار,8105,1405/03/27,سند رسيد خريد  با شماره 8105 ثبت شد
,شركت كيهان راه شرق (سهامي خاص),1405,يوسفي4خواف,1405/04/06,12:11:34, ويرايش موجوديت,انبار,سند انبار,6051,1405/04/06,سند درخواست كالا از انبار با شماره 6051 ثبت شد
,شركت كيهان راه شرق (سهامي خاص),1405,فرامرزسليماني,1405/04/06,12:11:33,موجوديت جديد,انبار,سند انبار,4725,1405/04/06,سند تاييد درخواست كالا با شماره 4725 ثبت شد
,شركت كيهان راه شرق (سهامي خاص),1405,فرامرزسليماني,1405/04/06,12:11:27, ويرايش موجوديت,انبار,سند انبار,5331,1405/03/25,سند درخواست كالا از انبار با شماره 5331 ثبت شد
,شركت كيهان راه شرق (سهامي خاص),1405,عليرضاسالاري,1405/04/06,12:11:11, ويرايش موجوديت,انبار,سند انبار,5949,1405/04/01,سند درخواست كالا از انبار با شماره 5949 ثبت شد
,شركت برش كوه آريا پارت (سهامي خاص),1405,شاهوردي5,1405/04/06,12:11:05,موجوديت جديد,خزانه داري,سند حسابداري,1046,1404/06/30,سند عمومي با شماره 1046 ذخيره شد
,شركت كيهان راه شرق (سهامي خاص),1405,عليرضاسالاري,1405/04/06,12:11:03,موجوديت جديد,انبار,سند انبار,4724,1405/04/06,سند تاييد درخواست كالا با شماره 4724 ثبت شد
,شركت برش كوه آريا پارت (سهامي خاص),1405,شاهوردي5,1405/04/06,12:11:00, ويرايش موجوديت,خزانه داري,سند خزانه داري,26,1404/06/30,سند اعلاميه واريز ريالي با شماره 26 ذخيره شد
,شركت كيهان راه شرق (سهامي خاص),1405,پاشايي,1405/04/06,12:10:59, ويرايش موجوديت,انبار,سند انبار,7083,1405/03/09,سند رسيد خريد  با شماره 7083 ثبت شد
,شركت كيهان راه شرق (سهامي خاص),1404,برهان,1405/04/06,12:10:36, حذف موجوديت,خزانه داري,سند حسابداري,1218,1405/03/01,سند عمومي با شماره 1218 حذف شد
,شركت برش كوه آريا پارت (سهامي خاص),1405,شاهوردي5,1405/04/06,12:10:23, حذف موجوديت,خزانه داري,سند حسابداري,461,1404/06/30,سند عمومي با شماره 461 حذف شد
,شركت كيهان راه شرق (سهامي خاص),1405,عليرضاسالاري,1405/04/06,12:10:21, ويرايش موجوديت,انبار,سند انبار,5949,1405/04/01,سند درخواست كالا از انبار با شماره 5949 ثبت شد
,شركت كيهان راه شرق (سهامي خاص),1405,عبدپور_طرق,1405/04/06,12:10:07,موجوديت جديد,انبار,سند انبار,8105,1405/03/27,سند رسيد خريد  با شماره 8105 ثبت شد
,شركت قدرت ايمان كوير(سهامي خاص),1404,جوانمرد3,1405/04/06,12:09:57,موجوديت جديد,خزانه داري,سند حسابداري,8061,1404/10/13,سند عمومي با شماره 8061 ذخيره شد
,شركت كيهان راه شرق (سهامي خاص),1405,ظريفي,1405/04/06,12:09:47, ويرايش موجوديت,انبار,سند انبار,4723,1405/04/06,سند تاييد درخواست كالا با شماره 4723 ثبت شد
,شركت قدرت ايمان كوير(سهامي خاص),1405,كاظميان3,1405/04/06,12:09:47,موجوديت جديد,خزانه داري,سند حسابداري,8060,1404/07/25,سند عمومي با شماره 8060 ذخيره شد
,شركت قدرت ايمان كوير(سهامي خاص),1404,جوانمرد3,1405/04/06,12:09:45,موجوديت جديد,خزانه داري,سند خزانه داري,2419,1404/10/13,سند صورت هزينه تنخواه با شماره 2419 ذخيره شد
,شركت كيهان راه شرق (سهامي خاص),1405,ظريفي,1405/04/06,12:09:17,موجوديت جديد,انبار,سند انبار,4723,1405/04/06,سند تاييد درخواست كالا با شماره 4723 ثبت شد
,شركت قدرت ايمان كوير(سهامي خاص),1405,كاظميان3,1405/04/06,12:09:16,موجوديت جديد,خزانه داري,سند خزانه داري,2418,1404/07/25,سند صورت هزينه تنخواه با شماره 2418 ذخيره شد
,شركت برش كوه آريا پارت (سهامي خاص),1405,شاهوردي5,1405/04/06,12:09:11,موجوديت جديد,خزانه داري,سند حسابداري,1045,1404/04/04,سند عمومي با شماره 1045 ذخيره شد
,شركت كيهان راه شرق (سهامي خاص),1405,ظريفي,1405/04/06,12:09:08, ويرايش موجوديت,انبار,سند انبار,5502,1405/03/26,سند درخواست كالا از انبار با شماره 5502 ثبت شد
,شركت برش كوه آريا پارت (سهامي خاص),1405,شاهوردي5,1405/04/06,12:09:06, ويرايش موجوديت,خزانه داري,سند خزانه داري,18,1404/04/04,سند اعلاميه واريز ريالي با شماره 18 ذخيره شد
,شركت كيهان راه شرق (سهامي خاص),1405,رحمانيان,1405/04/06,12:09:03, ويرايش موجوديت,انبار,سند انبار,6051,1405/04/06,سند درخواست كالا از انبار با شماره 6051 ثبت شد
,شركت كيهان راه شرق (سهامي خاص),1405,رحمانيان,1405/04/06,12:08:57, ويرايش موجوديت,انبار,سند انبار,6051,1405/04/06,سند درخواست كالا از انبار با شماره 6051 ثبت شد
,شركت كيهان راه شرق (سهامي خاص),1405,ظريفي,1405/04/06,12:08:51, ويرايش موجوديت,انبار,سند انبار,5502,1405/03/26,سند درخواست كالا از انبار با شماره 5502 ثبت شد
,شركت برش كوه آريا پارت (سهامي خاص),1405,شاهوردي5,1405/04/06,12:08:40, ويرايش موجوديت,خزانه داري,سند خزانه داري,18,1404/04/04,سند اعلاميه واريز ريالي با شماره 18 ذخيره شد
,شركت برش كوه آريا پارت (سهامي خاص),1405,شاهوردي5,1405/04/06,12:08:09, حذف موجوديت,خزانه داري,سند حسابداري,456,1404/04/04,سند عمومي با شماره 456 حذف شد
,شركت قدرت ايمان كوير(سهامي خاص),1404,جوانمرد3,1405/04/06,12:07:54,موجوديت جديد,خزانه داري,سند حسابداري,8059,1404/10/13,سند عمومي با شماره 8059 ذخيره شد
,شركت قدرت ايمان كوير(سهامي خاص),1404,جوانمرد3,1405/04/06,12:07:40,موجوديت جديد,خزانه داري,سند خزانه داري,2417,1404/10/13,سند صورت هزينه تنخواه با شماره 2417 ذخيره شد
,شركت كيهان راه شرق (سهامي خاص),1405,يوسفي4خواف,1405/04/06,12:07:26, ويرايش موجوديت,انبار,سند انبار,6051,1405/04/06,سند درخواست كالا از انبار با شماره 6051 ثبت شد
,شركت كيهان راه شرق (سهامي خاص),1405,سرحدي,1405/04/06,12:07:23, ويرايش موجوديت,انبار,سند انبار,1697,1405/03/27,سند حواله انتقال بين انبار با شماره 1697 ثبت شد
,شركت كيهان راه شرق (سهامي خاص),1405,سرحدي,1405/04/06,12:07:05,موجوديت جديد,انبار,سند انبار,1697,1405/03/27,سند حواله انتقال بين انبار با شماره 1697 ثبت شد
,شركت دنا بنيان بيرجند (سهامي خاص),1405,محدثه_قاسمي2,1405/04/06,12:06:14,موجوديت جديد,خزانه داري,سند حسابداري,1063,1405/03/31,سند عمومي با شماره 1063 ذخيره شد
,شركت دنا بنيان بيرجند (سهامي خاص),1405,سپهريان2,1405/04/06,12:06:05,ورود موفق,,نشست,,,
,شركت دنا بنيان بيرجند (سهامي خاص),1405,محدثه_قاسمي2,1405/04/06,12:06:01,موجوديت جديد,خزانه داري,سند خزانه داري,111,1405/03/31,سند اعلاميه واريز ريالي با شماره 111 ذخيره شد
,شركت كيهان راه شرق (سهامي خاص),1405,عليرضاسالاري,1405/04/06,12:05:50, ويرايش موجوديت,انبار,سند انبار,4350,1405/03/13,سند درخواست كالا از انبار با شماره 4350 ثبت شد
,شركت كيهان راه شرق (سهامي خاص),1405,فاطمي1,1405/04/06,12:05:38, ويرايش موجوديت,خزانه داري,سند حسابداري,1557,1405/03/05,سند عمومي با شماره 1557 تاييد شد
,شركت كيهان راه شرق (سهامي خاص),1405,عليرضاسالاري,1405/04/06,12:05:26, ويرايش موجوديت,انبار,سند انبار,4350,1405/03/13,سند درخواست كالا از انبار با شماره 4350 ثبت شد
,شركت كيهان راه شرق (سهامي خاص),1404,شاهروديان1,1405/04/06,12:05:15, ويرايش موجوديت,خزانه داري,سند حسابداري,29895,1404/09/28,سند عمومي با شماره 29895 تاييد شد
,شركت قدرت ايمان كوير(سهامي خاص),1405,پوريامومني3,1405/04/06,12:05:07,موجوديت جديد,خزانه داري,سند حسابداري,8058,1404/08/21,سند عمومي با شماره 8058 ذخيره شد
,شركت دنا بنيان بيرجند (سهامي خاص),1405,محدثه_قاسمي2,1405/04/06,12:04:52,ورود موفق,,نشست,,,
,شركت قدرت ايمان كوير(سهامي خاص),1405,پوريامومني3,1405/04/06,12:04:40,موجوديت جديد,خزانه داري,سند خزانه داري,2416,1404/08/21,سند صورت هزينه تنخواه با شماره 2416 ذخيره شد
,شركت كيهان راه شرق (سهامي خاص),1405,محمد رضايي,1405/04/06,12:04:35, ويرايش موجوديت,انبار,سند انبار,4,1405/01/01,سند موجودي ابتداي دوره با شماره 4 ثبت شد
,شركت كيهان راه شرق (سهامي خاص),1405,قاسمي1,1405/04/06,12:04:35,موجوديت جديد,خزانه داري,سند حسابداري,2677,1405/03/27,سند  با شماره 2677 ذخيره شد
,شركت كيهان راه شرق (سهامي خاص),1405,يوسفي4خواف,1405/04/06,12:04:26,موجوديت جديد,انبار,سند انبار,6051,1405/04/06,سند درخواست كالا از انبار با شماره 6051 ثبت شد
,شركت كيهان راه شرق (سهامي خاص),1405,سرحدي,1405/04/06,12:04:14,موجوديت جديد,انبار,سند انبار,8104,1405/03/27,سند رسيد خريد  با شماره 8104 ثبت شد
,شركت كيهان راه شرق (سهامي خاص),1405,قاسمي1,1405/04/06,12:04:12,موجوديت جديد,خزانه داري,سند خزانه داري,332,1405/03/27,سند اعلاميه برداشت ريالي با شماره 332 ذخيره شد
,شركت كيهان راه شرق (سهامي خاص),1405,قاسمي1,1405/04/06,12:03:26, ويرايش موجوديت,خزانه داري,سند خزانه داري,61,1405/03/27,سند پرداخت چك پرداختي با شماره 61 ذخيره شد
,شركت برش كوه آريا پارت (سهامي خاص),1404,جوانمرد5,1405/04/06,12:03:26,موجوديت جديد,حسابداري,سند حسابداري,1044,1404/12/27,سند عمومي با شماره ثابت 1044 ذخيره شد
,شركت كيهان راه شرق (سهامي خاص),1405,قاسمي1,1405/04/06,12:03:22, ويرايش موجوديت,خزانه داري,سند خزانه داري,61,1405/03/27,سند پرداخت چك پرداختي با شماره 61 ذخيره شد
,شركت كيهان راه شرق (سهامي خاص),1405,قاسمي1,1405/04/06,12:03:10,موجوديت جديد,خزانه داري,سند خزانه داري,61,1405/03/27,سند پرداخت چك پرداختي با شماره 61 ذخيره شد
,شركت كيهان راه شرق (سهامي خاص),1405,قاسمي1,1405/04/06,12:02:50, ويرايش موجوديت,خزانه داري,سند خزانه داري,175,1405/03/27,سند اعلاميه واريز ريالي با شماره 175 ذخيره شد
,شركت كيهان راه شرق (سهامي خاص),1405,باباپور1,1405/04/06,12:02:30,موجوديت جديد,انبار,سند انبار,3992,1405/03/21,سند حواله مصرف ماشين آلات با شماره 3992 ثبت شد
,شركت قدرت ايمان كوير(سهامي خاص),1405,محدثه_قاسمي3,1405/04/06,12:02:20,موجوديت جديد,خزانه داري,سند حسابداري,1017,1405/03/31,سند عمومي با شماره 1017 ذخيره شد
,شركت كيهان راه شرق (سهامي خاص),1405,قاسمي1,1405/04/06,12:02:19,موجوديت جديد,خزانه داري,سند خزانه داري,175,1405/03/27,سند اعلاميه واريز ريالي با شماره 175 ذخيره شد
,شركت كيهان راه شرق (سهامي خاص),1405,سپهريان1,1405/04/06,12:02:17,موجوديت جديد,خزانه داري,سند حسابداري,2676,1405/04/02,سند عمومي با شماره 2676 ذخيره شد
,شركت كيهان راه شرق (سهامي خاص),1405,سپهريان1,1405/04/06,12:02:09, ويرايش موجوديت,خزانه داري,سند خزانه داري,329,1405/04/02,سند اعلاميه برداشت ريالي با شماره 329 ذخيره شد
,شركت قدرت ايمان كوير(سهامي خاص),1405,محدثه_قاسمي3,1405/04/06,12:02:06,موجوديت جديد,خزانه داري,سند خزانه داري,256,1405/03/31,سند اعلاميه برداشت ريالي با شماره 256 ذخيره شد
,شركت كيهان راه شرق (سهامي خاص),1405,محمد رضايي,1405/04/06,12:02:02, ويرايش موجوديت,انبار,سند انبار,1408,1405/03/19,سند حواله انتقال بين انبار با شماره 1408 ثبت شد
,شركت كيهان راه شرق (سهامي خاص),1405,سپهريان1,1405/04/06,12:01:48, ويرايش موجوديت,خزانه داري,سند خزانه داري,329,1405/04/02,سند اعلاميه برداشت ريالي با شماره 329 ذخيره شد
,شركت قدرت ايمان كوير(سهامي خاص),1404,جوانمرد3,1405/04/06,12:01:43,موجوديت جديد,خزانه داري,سند حسابداري,8057,1404/10/15,سند عمومي با شماره 8057 ذخيره شد
,تفتان ره ساز پارس,1405,آقاحاجي15,1405/04/06,12:01:42,ورود موفق,,نشست,,,
,شركت قدرت ايمان كوير(سهامي خاص),1404,جوانمرد3,1405/04/06,12:01:29,موجوديت جديد,خزانه داري,سند خزانه داري,2415,1404/10/15,سند صورت هزينه تنخواه با شماره 2415 ذخيره شد
,شركت كيهان راه شرق (سهامي خاص),1405,محمدمختاري,1405/04/06,12:01:10,موجوديت جديد,انبار,سند انبار,4722,1405/04/06,سند تاييد درخواست كالا با شماره 4722 ثبت شد
,شركت برش كوه آريا پارت (سهامي خاص),1404,جوانمرد5,1405/04/06,12:01:07,موجوديت جديد,حسابداري,سند حسابداري,1043,1404/12/27,سند عمومي با شماره ثابت 1043 ذخيره شد
,شركت كيهان راه شرق (سهامي خاص),1405,قاسمي1,1405/04/06,12:00:59,ورود موفق,,نشست,,,
,,,قاسمي1,1405/04/06,12:00:58,ورود ناموفق (عدم صحت نام کاربر يا کلمه عبور),,نشست,,,
,شركت كيهان راه شرق (سهامي خاص),1405,محمدمختاري,1405/04/06,12:00:53, ويرايش موجوديت,انبار,سند انبار,6021,1405/04/06,سند درخواست كالا از انبار با شماره 6021 ثبت شد
,شركت قدرت ايمان كوير(سهامي خاص),1405,پوريامومني3,1405/04/06,12:00:40,موجوديت جديد,خزانه داري,سند حسابداري,8056,1404/08/22,سند عمومي با شماره 8056 ذخيره شد
,شركت كيهان راه شرق (سهامي خاص),1405,محمدمختاري,1405/04/06,12:00:31, ويرايش موجوديت,انبار,سند انبار,6021,1405/04/06,سند درخواست كالا از انبار با شماره 6021 ثبت شد
,شركت قدرت ايمان كوير(سهامي خاص),1405,محدثه_قاسمي3,1405/04/06,12:00:25,ورود موفق,,نشست,,,
,شركت قدرت ايمان كوير(سهامي خاص),1405,پوريامومني3,1405/04/06,12:00:21,موجوديت جديد,خزانه داري,سند خزانه داري,2414,1404/08/22,سند صورت هزينه تنخواه با شماره 2414 ذخيره شد
,شركت قدرت ايمان كوير(سهامي خاص),1404,جوانمرد3,1405/04/06,11:59:50,موجوديت جديد,خزانه داري,سند حسابداري,8055,1404/10/11,سند عمومي با شماره 8055 ذخيره شد
,شركت برش كوه آريا پارت (سهامي خاص),1404,جوانمرد5,1405/04/06,11:59:35,موجوديت جديد,حسابداري,سند حسابداري,1042,1404/12/27,سند عمومي با شماره ثابت 1042 ذخيره شد
,شركت قدرت ايمان كوير(سهامي خاص),1404,جوانمرد3,1405/04/06,11:59:33,موجوديت جديد,خزانه داري,سند خزانه داري,2413,1404/10/11,سند صورت هزينه تنخواه با شماره 2413 ذخيره شد
,شركت كيهان راه شرق (سهامي خاص),1405,محمد رضايي,1405/04/06,11:59:21, ويرايش موجوديت,انبار,سند انبار,1408,1405/03/19,سند حواله انتقال بين انبار با شماره 1408 ثبت شد
,شركت كيهان راه شرق (سهامي خاص),1404,جلالي1,1405/04/06,11:59:06,موجوديت جديد,حسابداري,سند حسابداري,2675,1405/03/25,سند عمومي با شماره ثابت 2675 ذخيره شد
,شركت كيهان راه شرق (سهامي خاص),1405,ظريفي,1405/04/06,11:58:48,ورود موفق,,نشست,,,
,شركت كيهان راه شرق (سهامي خاص),1405,كريمزاده1,1405/04/06,11:58:45,موجوديت جديد,انبار,سند انبار,2612,1405/03/09,سند حواله مصرف  با شماره 2612 ثبت شد
,شركت كيهان راه شرق (سهامي خاص),1405,علايي,1405/04/06,11:57:52,ورود موفق,,نشست,,,
,شركت كيهان راه شرق (سهامي خاص),1405,سجادي,1405/04/06,11:57:49,ورود موفق,,نشست,,,
,رايان سازه آذرخش,1405,فرزانه9,1405/04/06,11:57:42,ورود موفق,,نشست,,,
,تفتان ره ساز پارس,1405,غلامي15,1405/04/06,11:57:42,ورود موفق,,نشست,,,
,تفتان ره ساز پارس,1405,قاسمي15,1405/04/06,11:57:38,موجوديت جديد,خزانه داري,سند حسابداري,429,1405/03/27,سند عمومي با شماره 429 ذخيره شد
,تفتان ره ساز پارس,1405,قاسمي15,1405/04/06,11:57:29, ويرايش موجوديت,خزانه داري,سند خزانه داري,205,1405/03/27,سند اعلاميه برداشت ريالي با شماره 205 ذخيره شد
,شركت كيهان راه شرق (سهامي خاص),1404,صدوقي1,1405/04/06,11:57:27, ويرايش موجوديت,حسابداري,سند حسابداري,18761,1404/05/19,سند عمومي با شماره 18761 تاييد شد
,تفتان ره ساز پارس,1405,قاسمي15,1405/04/06,11:57:25, ويرايش موجوديت,خزانه داري,سند خزانه داري,205,1405/03/27,سند اعلاميه برداشت ريالي با شماره 205 ذخيره شد
,شركت كيهان راه شرق (سهامي خاص),1404,صدوقي1,1405/04/06,11:57:21, ويرايش موجوديت,حسابداري,سند حسابداري,18761,1404/05/19,سند عمومي با شماره ثابت 18761 ذخيره شد
,شركت قدرت ايمان كوير(سهامي خاص),1405,پوريامومني3,1405/04/06,11:57:20,موجوديت جديد,خزانه داري,سند حسابداري,8054,1404/08/22,سند عمومي با شماره 8054 ذخيره شد
,شركت كيهان راه شرق (سهامي خاص),1404,الاجگردي1,1405/04/06,11:56:56, ويرايش موجوديت,خزانه داري,سند حسابداري,30058,1404/11/28,سند عمومي با شماره 30058 تاييد شد
,شركت قدرت ايمان كوير(سهامي خاص),1405,پوريامومني3,1405/04/06,11:56:52,موجوديت جديد,خزانه داري,سند خزانه داري,2412,1404/08/22,سند صورت هزينه تنخواه با شماره 2412 ذخيره شد
,شركت كيهان راه شرق (سهامي خاص),1405,محمد رضايي,1405/04/06,11:56:40, ويرايش موجوديت,انبار,سند انبار,6629,1405/03/19,سند رسيد خريد  با شماره 6629 ثبت شد
,تفتان ره ساز پارس,1405,قاسمي15,1405/04/06,11:56:34,موجوديت جديد,خزانه داري,سند خزانه داري,205,1405/03/27,سند اعلاميه برداشت ريالي با شماره 205 ذخيره شد
,شركت كيهان راه شرق (سهامي خاص),1405,رحمانيان,1405/04/06,11:55:52, ويرايش موجوديت,انبار,سند انبار,6050,1405/04/06,سند درخواست كالا از انبار با شماره 6050 ثبت شد
,شركت كيهان راه شرق (سهامي خاص),1405,عليرضاسالاري,1405/04/06,11:55:45,ورود موفق,,نشست,,,
,شركت كيهان راه شرق (سهامي خاص),1405,محمد رضايي,1405/04/06,11:55:36, ويرايش موجوديت,انبار,سند انبار,6629,1405/03/19,سند رسيد خريد  با شماره 6629 ثبت شد
,شركت برش كوه آريا پارت (سهامي خاص),1405,شاهوردي5,1405/04/06,11:55:27, ويرايش موجوديت,حسابداري,سند حسابداري,1041,1404/12/27,سند عمومي با شماره ثابت 1041 ذخيره شد
,صولت پارس آمود,1404,فاطمي7,1405/04/06,11:55:12, ويرايش موجوديت,خزانه داري,سند حسابداري,707,1405/04/01,سند عمومي با شماره 707 تاييد شد
,شركت كيهان راه شرق (سهامي خاص),1405,محمد رضايي,1405/04/06,11:55:12, ويرايش موجوديت,انبار,سند انبار,4,1405/01/01,سند موجودي ابتداي دوره با شماره 4 ثبت شد
,شركت كيهان راه شرق (سهامي خاص),1405,رحمانيان,1405/04/06,11:55:07, ويرايش موجوديت,انبار,سند انبار,6037,1405/04/06,سند درخواست كالا از انبار با شماره 6037 ثبت شد
,شركت كيهان راه شرق (سهامي خاص),1405,سپهريان1,1405/04/06,11:54:32, ويرايش موجوديت,خزانه داري,سند خزانه داري,329,1405/04/02,سند اعلاميه برداشت ريالي با شماره 329 ذخيره شد
,شركت كيهان راه شرق (سهامي خاص),1405,رحمانيان,1405/04/06,11:54:30, ويرايش موجوديت,انبار,سند انبار,6038,1405/04/06,سند درخواست كالا از انبار با شماره 6038 ثبت شد
,شركت قدرت ايمان كوير(سهامي خاص),1405,غلامي3,1405/04/06,11:54:23,موجوديت جديد,حسابداري,سند حسابداري,1016,1405/03/31,سند عمومي با شماره ثابت 1016 ذخيره شد
,شركت كيهان راه شرق (سهامي خاص),1405,پاشايي,1405/04/06,11:54:12, ويرايش موجوديت,انبار,سند انبار,6162,1405/03/13,سند رسيد خريد  با شماره 6162 ثبت شد
,شركت كيهان راه شرق (سهامي خاص),1405,علايي,1405/04/06,11:53:58, ويرايش موجوديت,انبار,سند انبار,5652,1405/03/28,سند درخواست كالا از انبار با شماره 5652 ثبت شد
,شركت كيهان راه شرق (سهامي خاص),1405,رحمانيان,1405/04/06,11:53:48, ويرايش موجوديت,انبار,سند انبار,6039,1405/04/06,سند درخواست كالا از انبار با شماره 6039 ثبت شد
,شركت برش كوه آريا پارت (سهامي خاص),1404,جوانمرد5,1405/04/06,11:53:31,موجوديت جديد,حسابداري,سند حسابداري,1041,1404/12/27,سند عمومي با شماره ثابت 1041 ذخيره شد
,شركت كيهان راه شرق (سهامي خاص),1405,كريمزاده1,1405/04/06,11:53:27,موجوديت جديد,انبار,سند انبار,2611,1405/03/04,سند حواله مصرف  با شماره 2611 ثبت شد
,شركت كيهان راه شرق (سهامي خاص),1405,علايي,1405/04/06,11:53:08, ويرايش موجوديت,انبار,سند انبار,5809,1405/03/30,سند درخواست كالا از انبار با شماره 5809 ثبت شد
,شركت برش كوه آريا پارت (سهامي خاص),1405,شاهوردي5,1405/04/06,11:52:41, ويرايش موجوديت,حسابداري,سند حسابداري,1037,1404/12/27,سند عمومي با شماره ثابت 1037 ذخيره شد
,شركت كيهان راه شرق (سهامي خاص),1405,رحمانيان,1405/04/06,11:52:40, ويرايش موجوديت,انبار,سند انبار,6040,1405/04/06,سند درخواست كالا از انبار با شماره 6040 ثبت شد
,شركت كيهان راه شرق (سهامي خاص),1405,علي_اماني1,1405/04/06,11:52:21,موجوديت جديد,انبار,سند انبار,1476,1405/04/06,سند رسيد انتقال بين انبار با شماره 1476 ثبت شد
,شركت كيهان راه شرق (سهامي خاص),1405,علايي,1405/04/06,11:52:14, ويرايش موجوديت,انبار,سند انبار,5872,1405/03/31,سند درخواست كالا از انبار با شماره 5872 ثبت شد
,شركت كيهان راه شرق (سهامي خاص),1405,رحمانيان,1405/04/06,11:52:05, ويرايش موجوديت,انبار,سند انبار,6041,1405/04/06,سند درخواست كالا از انبار با شماره 6041 ثبت شد
,شركت كيهان راه شرق (سهامي خاص),1405,پوريامومني1,1405/04/06,11:51:42, ويرايش موجوديت,خزانه داري,سند حسابداري,29895,1404/09/28,سند عمومي با شماره 29895 ذخيره شد
,شركت برش كوه آريا پارت (سهامي خاص),1405,شاهوردي5,1405/04/06,11:51:26, ويرايش موجوديت,حسابداري,سند حسابداري,1040,1404/12/27,سند عمومي با شماره ثابت 1040 ذخيره شد
,شركت كيهان راه شرق (سهامي خاص),1405,علايي,1405/04/06,11:51:25, ويرايش موجوديت,انبار,سند انبار,5885,1405/03/31,سند درخواست كالا از انبار با شماره 5885 ثبت شد
,شركت كيهان راه شرق (سهامي خاص),1405,محمد رضايي,1405/04/06,11:51:16, ويرايش موجوديت,انبار,سند انبار,1408,1405/03/19,سند حواله انتقال بين انبار با شماره 1408 ثبت شد
,شركت برش كوه آريا پارت (سهامي خاص),1405,شاهوردي5,1405/04/06,11:50:47, ويرايش موجوديت,حسابداري,سند حسابداري,1039,1404/12/27,سند عمومي با شماره ثابت 1039 ذخيره شد
,شركت برش كوه آريا پارت (سهامي خاص),1404,جوانمرد5,1405/04/06,11:50:47,موجوديت جديد,حسابداري,سند حسابداري,1040,1404/12/27,سند عمومي با شماره ثابت 1040 ذخيره شد
,شركت كيهان راه شرق (سهامي خاص),1405,اجنوردي1,1405/04/06,11:50:01,موجوديت جديد,انبار,سند انبار,6050,1405/04/06,سند درخواست كالا از انبار با شماره 6050 ثبت شد
,شركت كيهان راه شرق (سهامي خاص),1405,علايي,1405/04/06,11:49:57, ويرايش موجوديت,انبار,سند انبار,5955,1405/04/02,سند درخواست كالا از انبار با شماره 5955 ثبت شد
,شركت كيهان راه شرق (سهامي خاص),1405,رحمانيان,1405/04/06,11:49:53, ويرايش موجوديت,انبار,سند انبار,6043,1405/04/06,سند درخواست كالا از انبار با شماره 6043 ثبت شد
,شركت برش كوه آريا پارت (سهامي خاص),1405,شاهوردي5,1405/04/06,11:49:42, ويرايش موجوديت,حسابداري,سند حسابداري,1038,1404/12/27,سند عمومي با شماره ثابت 1038 ذخيره شد
,شركت كيهان راه شرق (سهامي خاص),1405,رحمانيان,1405/04/06,11:49:20, ويرايش موجوديت,انبار,سند انبار,6045,1405/04/06,سند درخواست كالا از انبار با شماره 6045 ثبت شد
,شركت كيهان راه شرق (سهامي خاص),1405,محمد رضايي,1405/04/06,11:48:59, ويرايش موجوديت,انبار,سند انبار,1408,1405/03/19,سند حواله انتقال بين انبار با شماره 1408 ثبت شد
,شركت كيهان راه شرق (سهامي خاص),1405,علايي,1405/04/06,11:48:55, ويرايش موجوديت,انبار,سند انبار,5976,1405/04/02,سند درخواست كالا از انبار با شماره 5976 ثبت شد
,شركت كيهان راه شرق (سهامي خاص),1405,عليرضاسالاري,1405/04/06,11:48:53, ويرايش موجوديت,انبار,سند انبار,6043,1405/04/06,سند درخواست كالا از انبار با شماره 6043 ثبت شد
,شركت كيهان راه شرق (سهامي خاص),1405,رحمانيان,1405/04/06,11:48:35, ويرايش موجوديت,انبار,سند انبار,6046,1405/04/06,سند درخواست كالا از انبار با شماره 6046 ثبت شد
,شركت كيهان راه شرق (سهامي خاص),1405,محمد رضايي,1405/04/06,11:47:56, ويرايش موجوديت,انبار,سند انبار,4,1405/01/01,سند موجودي ابتداي دوره با شماره 4 ثبت شد
,شركت كيهان راه شرق (سهامي خاص),1405,رحمانيان,1405/04/06,11:47:48,موجوديت جديد,انبار,سند انبار,4721,1405/04/06,سند تاييد درخواست كالا با شماره 4721 ثبت شد
,شركت برش كوه آريا پارت (سهامي خاص),1404,جوانمرد5,1405/04/06,11:47:41,موجوديت جديد,حسابداري,سند حسابداري,1039,1404/12/27,سند عمومي با شماره ثابت 1039 ذخيره شد
,شركت كيهان راه شرق (سهامي خاص),1405,رحمانيان,1405/04/06,11:47:30, ويرايش موجوديت,انبار,سند انبار,6049,1405/04/06,سند درخواست كالا از انبار با شماره 6049 ثبت شد
,شركت كيهان راه شرق (سهامي خاص),1405,محدثه_قاسمي1,1405/04/06,11:47:13,موجوديت جديد,خزانه داري,سند حسابداري,2674,1405/03/31,سند عمومي با شماره 2674 ذخيره شد
,شركت كيهان راه شرق (سهامي خاص),1405,محدثه_قاسمي1,1405/04/06,11:47:01,موجوديت جديد,خزانه داري,سند خزانه داري,331,1405/03/31,سند اعلاميه برداشت ريالي با شماره 331 ذخيره شد
,شركت كيهان راه شرق (سهامي خاص),1405,باباپور1,1405/04/06,11:47:01,موجوديت جديد,انبار,سند انبار,3991,1405/03/20,سند حواله مصرف ماشين آلات با شماره 3991 ثبت شد
,شركت كيهان راه شرق (سهامي خاص),1405,محمد رضايي,1405/04/06,11:46:59, حذف موجوديت,انبار,سند انبار,1413,1405/03/31,سند رسيد انتقال بين انبار با شماره 1413 حذف شد
,شركت كيهان راه شرق (سهامي خاص),1405,سپهريان1,1405/04/06,11:46:20, ويرايش موجوديت,خزانه داري,سند خزانه داري,329,1405/04/02,سند اعلاميه برداشت ريالي با شماره 329 ذخيره شد
,شركت كيهان راه شرق (سهامي خاص),1405,كريمزاده1,1405/04/06,11:45:51,موجوديت جديد,انبار,سند انبار,2610,1405/03/18,سند حواله مصرف  با شماره 2610 ثبت شد
,شركت برش كوه آريا پارت (سهامي خاص),1405,شاهوردي5,1405/04/06,11:45:51, ويرايش موجوديت,حسابداري,سند حسابداري,1038,1404/12/27,سند عمومي با شماره ثابت 1038 ذخيره شد
,تفتان ره ساز پارس,1405,قاسمي15,1405/04/06,11:45:31,ورود موفق,,نشست,,,
,شركت برش كوه آريا پارت (سهامي خاص),1404,جوانمرد5,1405/04/06,11:44:59,موجوديت جديد,حسابداري,سند حسابداري,1038,1404/12/27,سند عمومي با شماره ثابت 1038 ذخيره شد
,شركت كيهان راه شرق (سهامي خاص),1405,كريمزاده1,1405/04/06,11:44:14, ويرايش موجوديت,انبار,سند انبار,2609,1405/03/17,سند حواله مصرف  با شماره 2609 ثبت شد
,شركت كيهان راه شرق (سهامي خاص),1405,قاسمي1,1405/04/06,11:44:08,موجوديت جديد,خزانه داري,سند حسابداري,2673,1405/03/18,سند عمومي با شماره 2673 ذخيره شد
,شركت كيهان راه شرق (سهامي خاص),1405,درويش_نيا_تربت,1405/04/06,11:44:07,موجوديت جديد,انبار,سند انبار,6049,1405/04/06,سند درخواست كالا از انبار با شماره 6049 ثبت شد
,شركت كيهان راه شرق (سهامي خاص),1405,قاسمي1,1405/04/06,11:44:00,موجوديت جديد,خزانه داري,سند خزانه داري,330,1405/03/18,سند اعلاميه برداشت ريالي با شماره 330 ذخيره شد
,شركت كيهان راه شرق (سهامي خاص),1405,رحمانيان,1405/04/06,11:43:02,موجوديت جديد,انبار,سند انبار,4720,1405/04/06,سند تاييد درخواست كالا با شماره 4720 ثبت شد
,شركت قدرت ايمان كوير(سهامي خاص),1405,پوريامومني3,1405/04/06,11:42:48,موجوديت جديد,خزانه داري,سند حسابداري,8053,1404/08/22,سند عمومي با شماره 8053 ذخيره شد
,شركت كيهان راه شرق (سهامي خاص),1405,رحمانيان,1405/04/06,11:42:47, ويرايش موجوديت,انبار,سند انبار,6048,1405/04/06,سند درخواست كالا از انبار با شماره 6048 ثبت شد
,شركت كيهان راه شرق (سهامي خاص),1405,محمد رضايي,1405/04/06,11:42:46, ويرايش موجوديت,انبار,سند انبار,4,1405/01/01,سند موجودي ابتداي دوره با شماره 4 ثبت شد
,شركت قدرت ايمان كوير(سهامي خاص),1404,جوانمرد3,1405/04/06,11:42:45,موجوديت جديد,خزانه داري,سند حسابداري,8052,1404/10/14,سند عمومي با شماره 8052 ذخيره شد
,شركت قدرت ايمان كوير(سهامي خاص),1404,جوانمرد3,1405/04/06,11:42:31,موجوديت جديد,خزانه داري,سند خزانه داري,2411,1404/10/14,سند صورت هزينه تنخواه با شماره 2411 ذخيره شد
,شركت قدرت ايمان كوير(سهامي خاص),1405,پوريامومني3,1405/04/06,11:42:10,موجوديت جديد,خزانه داري,سند خزانه داري,2410,1404/08/22,سند صورت هزينه تنخواه با شماره 2410 ذخيره شد
,شركت برش كوه آريا پارت (سهامي خاص),1404,جوانمرد5,1405/04/06,11:42:05,موجوديت جديد,حسابداري,سند حسابداري,1037,1404/12/27,سند عمومي با شماره ثابت 1037 ذخيره شد
,شركت كيهان راه شرق (سهامي خاص),1405,كريمزاده1,1405/04/06,11:41:46,موجوديت جديد,انبار,سند انبار,2609,1405/03/17,سند حواله مصرف  با شماره 2609 ثبت شد
,شركت كيهان راه شرق (سهامي خاص),1405,پوريامومني1,1405/04/06,11:41:23,ورود موفق,,نشست,,,
,شركت كيهان راه شرق (سهامي خاص),1405,فرامرزسليماني,1405/04/06,11:40:56,موجوديت جديد,انبار,سند انبار,4719,1405/04/06,سند تاييد درخواست كالا با شماره 4719 ثبت شد
,شركت كيهان راه شرق (سهامي خاص),1405,كريمزاده1,1405/04/06,11:39:54,موجوديت جديد,انبار,سند انبار,2608,1405/03/18,سند حواله مصرف  با شماره 2608 ثبت شد
,شركت كيهان راه شرق (سهامي خاص),1404,كاظميان1,1405/04/06,11:39:34, ويرايش موجوديت,خزانه داري,سند حسابداري,30754,1404/07/20,سند عمومي با شماره 30754 ذخيره شد
,شركت كيهان راه شرق (سهامي خاص),1405,محمد رضايي,1405/04/06,11:39:28, ويرايش موجوديت,انبار,سند انبار,4,1405/01/01,سند موجودي ابتداي دوره با شماره 4 ثبت شد
,شركت كيهان راه شرق (سهامي خاص),1405,رحمانيان,1405/04/06,11:39:26, ويرايش موجوديت,انبار,سند انبار,6048,1405/04/06,سند درخواست كالا از انبار با شماره 6048 ثبت شد
,شركت كيهان راه شرق (سهامي خاص),1405,مجتبي سابقي1,1405/04/06,11:39:19, ويرايش موجوديت,انبار,سند انبار,8103,1405/03/24,سند رسيد خريد  با شماره 8103 ثبت شد
,شركت كيهان راه شرق (سهامي خاص),1404,كاظميان1,1405/04/06,11:39:16,موجوديت جديد,خزانه داري,سند حسابداري,30754,1404/07/20,سند عمومي با شماره 30754 ذخيره شد
,شركت كيهان راه شرق (سهامي خاص),1405,مجتبي سابقي1,1405/04/06,11:39:15,موجوديت جديد,انبار,سند انبار,8103,1405/03/24,سند رسيد خريد  با شماره 8103 ثبت شد
,شركت كيهان راه شرق (سهامي خاص),1405,زبرجدي2,1405/04/06,11:38:38, ويرايش موجوديت,انبار,سند انبار,3988,1405/04/06,سند حواله مصرف ماشين آلات با شماره 3988 ثبت شد
,شركت كيهان راه شرق (سهامي خاص),1404,كاظميان1,1405/04/06,11:38:34, ويرايش موجوديت,خزانه داري,سند خزانه داري,5468,1404/07/20,سند صورت هزينه تنخواه با شماره 5468 ذخيره شد
,شركت برش كوه آريا پارت (سهامي خاص),1405,شاهوردي5,1405/04/06,11:38:33, ويرايش موجوديت,حسابداري,سند حسابداري,1036,1404/12/27,سند عمومي با شماره ثابت 1036 ذخيره شد
,شركت كيهان راه شرق (سهامي خاص),1405,محمد رضايي,1405/04/06,11:38:19, ويرايش موجوديت,انبار,سند انبار,4,1405/01/01,سند موجودي ابتداي دوره با شماره 4 ثبت شد
,شركت كيهان راه شرق (سهامي خاص),1405,سجادزنگويي1,1405/04/06,11:38:15,موجوديت جديد,انبار,سند انبار,8102,1405/01/10,سند رسيد خريد  با شماره 8102 ثبت شد
,شركت كيهان راه شرق (سهامي خاص),1405,صفري1,1405/04/06,11:38:09,موجوديت جديد,خزانه داري,سند خزانه داري,86,1405/04/06,سند پرداخت چك مدت دار با شماره 86 ذخيره شد
,شركت قدرت ايمان كوير(سهامي خاص),1405,پوريامومني3,1405/04/06,11:38:01,موجوديت جديد,خزانه داري,سند حسابداري,8051,1404/08/22,سند عمومي با شماره 8051 ذخيره شد
,شركت كيهان راه شرق (سهامي خاص),1404,جلالي1,1405/04/06,11:37:59,موجوديت جديد,حسابداري,سند حسابداري,2672,1405/03/26,سند عمومي با شماره ثابت 2672 ذخيره شد
,شركت قدرت ايمان كوير(سهامي خاص),1405,پوريامومني3,1405/04/06,11:37:36,موجوديت جديد,خزانه داري,سند خزانه داري,2409,1404/08/22,سند صورت هزينه تنخواه با شماره 2409 ذخيره شد
,شركت كيهان راه شرق (سهامي خاص),1405,عليرضاسالاري,1405/04/06,11:37:30, ويرايش موجوديت,انبار,سند انبار,6044,1405/04/06,سند درخواست كالا از انبار با شماره 6044 ثبت شد
,شركت برش كوه آريا پارت (سهامي خاص),1404,جوانمرد5,1405/04/06,11:37:29,موجوديت جديد,حسابداري,سند حسابداري,1036,1404/12/27,سند عمومي با شماره ثابت 1036 ذخيره شد
,شركت كيهان راه شرق (سهامي خاص),1405,درويش_نيا_تربت,1405/04/06,11:37:26,ورود موفق,,نشست,,,
,,,درويش_نيا_تربت,1405/04/06,11:37:03,ورود موفق,,نشست,,,
,شركت كيهان راه شرق (سهامي خاص),1405,عليرضاسالاري,1405/04/06,11:37:02, ويرايش موجوديت,انبار,سند انبار,6044,1405/04/06,سند درخواست كالا از انبار با شماره 6044 ثبت شد
,شركت كيهان راه شرق (سهامي خاص),1404,كاظميان1,1405/04/06,11:36:57,موجوديت جديد,خزانه داري,سند خزانه داري,5468,1404/07/20,سند صورت هزينه تنخواه با شماره 5468 ذخيره شد
,شركت كيهان راه شرق (سهامي خاص),1405,زبرجدي2,1405/04/06,11:36:53, ويرايش موجوديت,انبار,سند انبار,3988,1405/04/06,سند حواله مصرف ماشين آلات با شماره 3988 ثبت شد
,شركت كيهان راه شرق (سهامي خاص),1405,مجتبي سابقي1,1405/04/06,11:36:14, ويرايش موجوديت,انبار,سند انبار,8101,1405/03/04,سند رسيد خريد  با شماره 8101 ثبت شد
,شركت كيهان راه شرق (سهامي خاص),1405,عليرضاسالاري,1405/04/06,11:36:07, ويرايش موجوديت,انبار,سند انبار,6044,1405/04/06,سند درخواست كالا از انبار با شماره 6044 ثبت شد
,شركت كيهان راه شرق (سهامي خاص),1404,صدوقي1,1405/04/06,11:35:59, ويرايش موجوديت,حسابداري,سند حسابداري,18753,1404/05/14,سند عمومي با شماره 18753 تاييد شد
,شركت كيهان راه شرق (سهامي خاص),1405,مجتبي سابقي1,1405/04/06,11:35:59,موجوديت جديد,انبار,سند انبار,8101,1405/03/04,سند رسيد خريد  با شماره 8101 ثبت شد
,شركت كيهان راه شرق (سهامي خاص),1404,صدوقي1,1405/04/06,11:35:47, ويرايش موجوديت,حسابداري,سند حسابداري,18753,1404/05/14,سند عمومي با شماره ثابت 18753 ذخيره شد
,شركت كيهان راه شرق (سهامي خاص),1405,محمد رضايي,1405/04/06,11:35:29, ويرايش موجوديت,انبار,سند انبار,4,1405/01/01,سند موجودي ابتداي دوره با شماره 4 ثبت شد
,شركت كيهان راه شرق (سهامي خاص),1404,بهاريان م1,1405/04/06,11:34:48,موجوديت جديد,خزانه داري,سند خزانه داري,481,1405/04/06,سند صورت هزينه تنخواه با شماره 481 ذخيره شد
,شركت كيهان راه شرق (سهامي خاص),1405,سجادزنگويي1,1405/04/06,11:34:48,موجوديت جديد,انبار,سند انبار,8100,1405/01/03,سند رسيد خريد  با شماره 8100 ثبت شد
,شركت كيهان راه شرق (سهامي خاص),1405,صفري1,1405/04/06,11:34:41,ورود موفق,,نشست,,,
,شركت برش كوه آريا پارت (سهامي خاص),1404,جوانمرد5,1405/04/06,11:33:59,ورود موفق,,نشست,,,
,شركت كيهان راه شرق (سهامي خاص),1405,باباپور1,1405/04/06,11:33:40, ويرايش موجوديت,انبار,سند انبار,3990,1405/03/17,سند حواله مصرف ماشين آلات با شماره 3990 ثبت شد
,شركت كيهان راه شرق (سهامي خاص),1405,باباپور1,1405/04/06,11:33:04,موجوديت جديد,انبار,سند انبار,3990,1405/04/06,سند حواله مصرف ماشين آلات با شماره 3990 ثبت شد
,,,,1405/04/06,11:32:49,ورود ناموفق (عدم صحت نام کاربر يا کلمه عبور),,نشست,,,
,,,,1405/04/06,11:32:35,ورود ناموفق (عدم صحت نام کاربر يا کلمه عبور),,نشست,,,
,شركت كيهان راه شرق (سهامي خاص),1404,شاهروديان1,1405/04/06,11:31:49,ورود موفق,,نشست,,,
,شركت قدرت ايمان كوير(سهامي خاص),1405,پوريامومني3,1405/04/06,11:31:44,موجوديت جديد,خزانه داري,سند حسابداري,8050,1404/08/23,سند عمومي با شماره 8050 ذخيره شد
,,,شاهروديان1,1405/04/06,11:31:41,ورود ناموفق (عدم صحت نام کاربر يا کلمه عبور),,نشست,,,
,شركت كيهان راه شرق (سهامي خاص),1404,كاظميان1,1405/04/06,11:31:39,ورود موفق,,نشست,,,
,شركت كيهان راه شرق (سهامي خاص),1405,سپهريان1,1405/04/06,11:31:36, ويرايش موجوديت,خزانه داري,سند خزانه داري,329,1405/04/02,سند اعلاميه برداشت ريالي با شماره 329 ذخيره شد
,شركت كيهان راه شرق (سهامي خاص),1405,سجادزنگويي1,1405/04/06,11:31:31,موجوديت جديد,انبار,سند انبار,43710,1404/12/26,سند رسيد خريد  با شماره 43710 ثبت شد
,شركت قدرت ايمان كوير(سهامي خاص),1405,پوريامومني3,1405/04/06,11:31:26,موجوديت جديد,خزانه داري,سند خزانه داري,2408,1404/08/23,سند صورت هزينه تنخواه با شماره 2408 ذخيره شد
,شركت كيهان راه شرق (سهامي خاص),1405,فرامرزسليماني,1405/04/06,11:31:06,موجوديت جديد,انبار,سند انبار,4718,1405/04/06,سند تاييد درخواست كالا با شماره 4718 ثبت شد
,شركت كيهان راه شرق (سهامي خاص),1405,فرامرزسليماني,1405/04/06,11:30:52, ويرايش موجوديت,انبار,سند انبار,4919,1405/03/19,سند درخواست كالا از انبار با شماره 4919 ثبت شد
,شركت قدرت ايمان كوير(سهامي خاص),1405,كاظميان3,1405/04/06,11:30:40, ويرايش موجوديت,خزانه داري,سند حسابداري,8049,1404/07/24,سند عمومي با شماره 8049 ذخيره شد
,شركت قدرت ايمان كوير(سهامي خاص),1405,كاظميان3,1405/04/06,11:30:19,موجوديت جديد,خزانه داري,سند حسابداري,8049,1404/07/24,سند عمومي با شماره 8049 ذخيره شد
,شركت كيهان راه شرق (سهامي خاص),1405,بهرامي1بيرجند,1405/04/06,11:29:58,موجوديت جديد,انبار,سند انبار,3989,1405/04/02,سند حواله مصرف ماشين آلات با شماره 3989 ثبت شد
,شركت كيهان راه شرق (سهامي خاص),1405,عليرضاسالاري,1405/04/06,11:29:51, ويرايش موجوديت,انبار,سند انبار,6047,1405/04/06,سند درخواست كالا از انبار با شماره 6047 ثبت شد
,شركت كيهان راه شرق (سهامي خاص),1405,كريمزاده1,1405/04/06,11:29:28,موجوديت جديد,انبار,سند انبار,2607,1405/03/16,سند حواله مصرف  با شماره 2607 ثبت شد
,شركت كيهان راه شرق (سهامي خاص),1404,شاهروديان1,1405/04/06,11:29:15,ورود موفق,,نشست,,,
,شركت دنا بنيان بيرجند (سهامي خاص),1404,شاهروديان2,1405/04/06,11:29:05,ورود موفق,,نشست,,,
,شركت كيهان راه شرق (سهامي خاص),1405,محمد رضايي,1405/04/06,11:29:02, ويرايش موجوديت,انبار,سند انبار,4,1405/01/01,سند موجودي ابتداي دوره با شماره 4 ثبت شد
,شركت كيهان راه شرق (سهامي خاص),1405,يوسفي4خواف,1405/04/06,11:28:42,موجوديت جديد,انبار,سند انبار,6048,1405/04/06,سند درخواست كالا از انبار با شماره 6048 ثبت شد
,شركت كيهان راه شرق (سهامي خاص),1405,زبرجدي2,1405/04/06,11:28:40,موجوديت جديد,انبار,سند انبار,3988,1405/04/06,سند حواله مصرف ماشين آلات با شماره 3988 ثبت شد
,شركت قدرت ايمان كوير(سهامي خاص),1405,پوريامومني3,1405/04/06,11:28:37,موجوديت جديد,خزانه داري,سند حسابداري,8048,1404/08/22,سند عمومي با شماره 8048 ذخيره شد
,شركت كيهان راه شرق (سهامي خاص),1404,صدوقي1,1405/04/06,11:28:32,ورود موفق,,نشست,,,
,شركت قدرت ايمان كوير(سهامي خاص),1405,پوريامومني3,1405/04/06,11:28:10,موجوديت جديد,خزانه داري,سند خزانه داري,2407,1404/08/22,سند صورت هزينه تنخواه با شماره 2407 ذخيره شد
,شركت كيهان راه شرق (سهامي خاص),1405,محمدمختاري,1405/04/06,11:28:06,موجوديت جديد,انبار,سند انبار,4717,1405/04/06,سند تاييد درخواست كالا با شماره 4717 ثبت شد
,شركت كيهان راه شرق (سهامي خاص),1405,محمدمختاري,1405/04/06,11:27:46, ويرايش موجوديت,انبار,سند انبار,6025,1405/04/06,سند درخواست كالا از انبار با شماره 6025 ثبت شد
,شركت كيهان راه شرق (سهامي خاص),1405,محمدمختاري,1405/04/06,11:27:34, ويرايش موجوديت,انبار,سند انبار,6025,1405/04/06,سند درخواست كالا از انبار با شماره 6025 ثبت شد
,شركت كيهان راه شرق (سهامي خاص),1404,جلالي1,1405/04/06,11:27:00,ورود موفق,,نشست,,,
,,,جلالي1,1405/04/06,11:26:54,ورود ناموفق (عدم صحت نام کاربر يا کلمه عبور),,نشست,,,
,شركت كيهان راه شرق (سهامي خاص),1405,اجنوردي1,1405/04/06,11:26:52, ويرايش موجوديت,انبار,سند انبار,104,1405/02/12,سند رسيد ضايعات و كالاهاي تعميري با شماره 104 ثبت شد
,شركت كيهان راه شرق (سهامي خاص),1405,علايي,1405/04/06,11:26:21, ويرايش موجوديت,انبار,سند انبار,5978,1405/04/02,سند درخواست كالا از انبار با شماره 5978 ثبت شد
,شركت كيهان راه شرق (سهامي خاص),1405,سپهريان1,1405/04/06,11:25:45, ويرايش موجوديت,خزانه داري,سند خزانه داري,329,1405/04/02,سند اعلاميه برداشت ريالي با شماره 329 ذخيره شد
,شركت كيهان راه شرق (سهامي خاص),1405,مجتبي سابقي1,1405/04/06,11:25:20,موجوديت جديد,انبار,سند انبار,8099,1405/03/18,سند رسيد خريد  با شماره 8099 ثبت شد
,شركت كيهان راه شرق (سهامي خاص),1405,علايي,1405/04/06,11:25:16, ويرايش موجوديت,انبار,سند انبار,5978,1405/04/02,سند درخواست كالا از انبار با شماره 5978 ثبت شد
,شركت كيهان راه شرق (سهامي خاص),1405,اجنوردي1,1405/04/06,11:25:16, ويرايش موجوديت,انبار,سند انبار,885,1405/02/12,سند حواله مصرف ماشين آلات با شماره 885 ثبت شد
,شركت كيهان راه شرق (سهامي خاص),1404,كارآموز,1405/04/06,11:24:54,ورود موفق,,نشست,,,
,شركت كيهان راه شرق (سهامي خاص),1405,سجادزنگويي1,1405/04/06,11:24:49, ويرايش موجوديت,انبار,سند انبار,1660,1405/03/31,سند حواله انتقال بين انبار با شماره 1660 ثبت شد
,شركت كيهان راه شرق (سهامي خاص),1405,محمدمختاري,1405/04/06,11:24:16, ويرايش موجوديت,انبار,سند انبار,4716,1405/04/06,سند تاييد درخواست كالا با شماره 4716 ثبت شد
,شركت كيهان راه شرق (سهامي خاص),1405,محمد رضايي,1405/04/06,11:24:08, ويرايش موجوديت,انبار,سند انبار,4,1405/01/01,سند موجودي ابتداي دوره با شماره 4 ثبت شد
,شركت كيهان راه شرق (سهامي خاص),1405,عبدپور_طرق,1405/04/06,11:23:55,موجوديت جديد,انبار,سند انبار,1475,1405/04/06,سند رسيد انتقال بين انبار با شماره 1475 ثبت شد
,شركت كيهان راه شرق (سهامي خاص),1405,محمدمختاري,1405/04/06,11:23:54,موجوديت جديد,انبار,سند انبار,4716,1405/04/06,سند تاييد درخواست كالا با شماره 4716 ثبت شد
,شركت قدرت ايمان كوير(سهامي خاص),1404,جلالي3,1405/04/06,11:23:41,موجوديت جديد,حسابداري,سند حسابداري,8048,1404/12/20,سند عمومي با شماره ثابت 8048 ذخيره شد
,شركت كيهان راه شرق (سهامي خاص),1405,بهرامي1بيرجند,1405/04/06,11:23:34,موجوديت جديد,انبار,سند انبار,6047,1405/04/06,سند درخواست كالا از انبار با شماره 6047 ثبت شد
,شركت كيهان راه شرق (سهامي خاص),1405,محمد رضايي,1405/04/06,11:23:29, ويرايش موجوديت,انبار,سند انبار,6,1405/01/01,سند موجودي ابتداي دوره با شماره 6 ثبت شد
,شركت قدرت ايمان كوير(سهامي خاص),1405,كاظميان3,1405/04/06,11:23:28,موجوديت جديد,خزانه داري,سند خزانه داري,2406,1404/07/24,سند صورت هزينه تنخواه با شماره 2406 ذخيره شد
,شركت كيهان راه شرق (سهامي خاص),1405,محمدمختاري,1405/04/06,11:23:28, ويرايش موجوديت,انبار,سند انبار,6010,1405/04/02,سند درخواست كالا از انبار با شماره 6010 ثبت شد
,شركت كيهان راه شرق (سهامي خاص),1405,سجادزنگويي1,1405/04/06,11:23:19, ويرايش موجوديت,انبار,سند انبار,43709,1404/12/28,سند رسيد خريد  با شماره 43709 ثبت شد
,شركت كيهان راه شرق (سهامي خاص),1405,يوسفي4خواف,1405/04/06,11:22:54,موجوديت جديد,انبار,سند انبار,6046,1405/04/06,سند درخواست كالا از انبار با شماره 6046 ثبت شد
,شركت كيهان راه شرق (سهامي خاص),1405,مجتبي سابقي1,1405/04/06,11:22:44, ويرايش موجوديت,انبار,سند انبار,8098,1405/03/11,سند رسيد خريد  با شماره 8098 ثبت شد
,شركت كيهان راه شرق (سهامي خاص),1405,مجتبي سابقي1,1405/04/06,11:22:32,موجوديت جديد,انبار,سند انبار,8098,1405/03/11,سند رسيد خريد  با شماره 8098 ثبت شد
,شركت كيهان راه شرق (سهامي خاص),1405,محمدمختاري,1405/04/06,11:22:26, ويرايش موجوديت,انبار,سند انبار,4715,1405/04/06,سند تاييد درخواست كالا با شماره 4715 ثبت شد
,شركت كيهان راه شرق (سهامي خاص),1405,محمدمختاري,1405/04/06,11:22:18,موجوديت جديد,انبار,سند انبار,4715,1405/04/06,سند تاييد درخواست كالا با شماره 4715 ثبت شد
,صولت پارس آمود,1404,فاطمي7,1405/04/06,11:22:18,ورود موفق,,نشست,,,
,شركت كيهان راه شرق (سهامي خاص),1405,سجادزنگويي1,1405/04/06,11:22:07,موجوديت جديد,انبار,سند انبار,43709,1404/12/28,سند رسيد خريد  با شماره 43709 ثبت شد
,شركت كيهان راه شرق (سهامي خاص),1405,يوسفي4خواف,1405/04/06,11:21:56, ويرايش موجوديت,انبار,سند انبار,5974,1405/04/02,سند درخواست كالا از انبار با شماره 5974 ثبت شد
,شركت قدرت ايمان كوير(سهامي خاص),1400,فاطمي3,1405/04/06,11:21:53, ويرايش موجوديت,خزانه داري,سند حسابداري,1002,1405/04/01,سند عمومي با شماره 1002 تاييد شد
,شركت كيهان راه شرق (سهامي خاص),1405,محمدمختاري,1405/04/06,11:21:46, ويرايش موجوديت,انبار,سند انبار,6022,1405/04/06,سند درخواست كالا از انبار با شماره 6022 ثبت شد
,شركت كيهان راه شرق (سهامي خاص),1405,مروي,1405/04/06,11:21:42,موجوديت جديد,انبار,سند انبار,6045,1405/04/06,سند درخواست كالا از انبار با شماره 6045 ثبت شد
,شركت كيهان راه شرق (سهامي خاص),1405,كريمزاده1,1405/04/06,11:20:49,موجوديت جديد,انبار,سند انبار,2606,1405/03/19,سند حواله مصرف  با شماره 2606 ثبت شد
,شركت كيهان راه شرق (سهامي خاص),1405,محمد رضايي,1405/04/06,11:20:48, ويرايش موجوديت,انبار,سند انبار,4,1405/01/01,سند موجودي ابتداي دوره با شماره 4 ثبت شد
,شركت كيهان راه شرق (سهامي خاص),1405,يوسفي4خواف,1405/04/06,11:20:30, ويرايش موجوديت,انبار,سند انبار,5974,1405/04/02,سند درخواست كالا از انبار با شماره 5974 ثبت شد
,شركت كيهان راه شرق (سهامي خاص),1405,محدثه_قاسمي1,1405/04/06,11:20:04,ورود موفق,,نشست,,,
,شركت كيهان راه شرق (سهامي خاص),1405,بهرامي1بيرجند,1405/04/06,11:19:54, ويرايش موجوديت,انبار,سند انبار,3985,1405/04/02,سند حواله مصرف ماشين آلات با شماره 3985 ثبت شد
,شركت كيهان راه شرق (سهامي خاص),1405,محمد رضايي,1405/04/06,11:19:33, ويرايش موجوديت,انبار,سند انبار,6,1405/01/01,سند موجودي ابتداي دوره با شماره 6 ثبت شد
,شركت كيهان راه شرق (سهامي خاص),1405,زبرجدي2,1405/04/06,11:19:27,موجوديت جديد,انبار,سند انبار,3987,1405/04/06,سند حواله مصرف ماشين آلات با شماره 3987 ثبت شد
,شركت قدرت ايمان كوير(سهامي خاص),1400,فاطمي3,1405/04/06,11:19:27,ورود موفق,,نشست,,,
,صولت پارس آمود,1405,آقاحاجي7,1405/04/06,11:18:54,موجوديت جديد,حسابداري,سند حسابداري,711,1405/03/23,سند عمومي با شماره ثابت 711 ذخيره شد
,شركت دنا بنيان بيرجند (سهامي خاص),1405,فاطمي2,1405/04/06,11:18:38, ويرايش موجوديت,خزانه داري,سند حسابداري,1054,1405/04/01,سند عمومي با شماره 1054 تاييد شد
,شركت كيهان راه شرق (سهامي خاص),1405,محمد رضايي,1405/04/06,11:18:32, ويرايش موجوديت,انبار,سند انبار,6,1405/01/01,سند موجودي ابتداي دوره با شماره 6 ثبت شد
,شركت كيهان راه شرق (سهامي خاص),1405,علي_اماني1,1405/04/06,11:17:36,موجوديت جديد,انبار,سند انبار,194,1405/03/30,سند رسيد ضايعات و كالاهاي تعميري با شماره 194 ثبت شد
,شركت كيهان راه شرق (سهامي خاص),1405,محمد رضايي,1405/04/06,11:17:16, ويرايش موجوديت,انبار,سند انبار,4,1405/01/01,سند موجودي ابتداي دوره با شماره 4 ثبت شد
,شركت كيهان راه شرق (سهامي خاص),1405,زبرجدي2,1405/04/06,11:17:03,موجوديت جديد,انبار,سند انبار,3986,1405/04/06,سند حواله مصرف ماشين آلات با شماره 3986 ثبت شد
,شركت قدرت ايمان كوير(سهامي خاص),1405,كاظميان3,1405/04/06,11:16:51,موجوديت جديد,خزانه داري,سند حسابداري,8046,1404/07/24,سند عمومي با شماره 8046 ذخيره شد
,شركت كيهان راه شرق (سهامي خاص),1405,سجادزنگويي1,1405/04/06,11:16:27,موجوديت جديد,انبار,سند انبار,43708,1404/12/28,سند رسيد خريد  با شماره 43708 ثبت شد
,شركت قدرت ايمان كوير(سهامي خاص),1405,كاظميان3,1405/04/06,11:16:20,موجوديت جديد,خزانه داري,سند خزانه داري,2405,1404/07/24,سند صورت هزينه تنخواه با شماره 2405 ذخيره شد
,شركت كيهان راه شرق (سهامي خاص),1405,عليرضاسالاري,1405/04/06,11:16:05, ويرايش موجوديت,انبار,سند انبار,6042,1405/04/06,سند درخواست كالا از انبار با شماره 6042 ثبت شد
,شركت كيهان راه شرق (سهامي خاص),1405,پاشايي,1405/04/06,11:15:47, ويرايش موجوديت,انبار,سند انبار,7005,1405/03/03,سند رسيد خريد  با شماره 7005 ثبت شد
,شركت كيهان راه شرق (سهامي خاص),1405,علي_اماني1,1405/04/06,11:15:38,موجوديت جديد,انبار,سند انبار,193,1405/03/28,سند رسيد ضايعات و كالاهاي تعميري با شماره 193 ثبت شد
,شركت قدرت ايمان كوير(سهامي خاص),1404,جلالي3,1405/04/06,11:15:35,ورود موفق,,نشست,,,
,شركت قدرت ايمان كوير(سهامي خاص),1405,شاهروديان3,1405/04/06,11:15:21, ويرايش موجوديت,خزانه داري,سند حسابداري,7856,1404/12/05,سند عمومي با شماره 7856 تاييد شد
,شركت كيهان راه شرق (سهامي خاص),1405,محمد رضايي,1405/04/06,11:15:01, ويرايش موجوديت,انبار,سند انبار,4,1405/01/01,سند موجودي ابتداي دوره با شماره 4 ثبت شد
,شركت قدرت ايمان كوير(سهامي خاص),1405,شاهروديان3,1405/04/06,11:15:00, ويرايش موجوديت,خزانه داري,سند حسابداري,7860,1404/12/05,سند عمومي با شماره 7860 تاييد شد
,شركت قدرت ايمان كوير(سهامي خاص),1404,جوانمرد3,1405/04/06,11:14:47,موجوديت جديد,خزانه داري,سند حسابداري,8045,1404/09/19,سند عمومي با شماره 8045 ذخيره شد
,شركت قدرت ايمان كوير(سهامي خاص),1405,شاهروديان3,1405/04/06,11:14:43, ويرايش موجوديت,خزانه داري,سند حسابداري,7861,1404/12/04,سند عمومي با شماره 7861 تاييد شد
,شركت قدرت ايمان كوير(سهامي خاص),1404,جوانمرد3,1405/04/06,11:14:34,موجوديت جديد,خزانه داري,سند خزانه داري,2404,1404/09/19,سند صورت هزينه تنخواه با شماره 2404 ذخيره شد
,شركت قدرت ايمان كوير(سهامي خاص),1405,شاهروديان3,1405/04/06,11:14:26, ويرايش موجوديت,خزانه داري,سند حسابداري,7862,1404/12/05,سند عمومي با شماره 7862 تاييد شد
,شركت كيهان راه شرق (سهامي خاص),1405,محمد رضايي,1405/04/06,11:14:21, ويرايش موجوديت,انبار,سند انبار,6,1405/01/01,سند موجودي ابتداي دوره با شماره 6 ثبت شد
,شركت قدرت ايمان كوير(سهامي خاص),1405,شاهروديان3,1405/04/06,11:14:09, ويرايش موجوديت,خزانه داري,سند حسابداري,7864,1404/12/04,سند عمومي با شماره 7864 تاييد شد
,شركت كيهان راه شرق (سهامي خاص),1405,علي_اماني1,1405/04/06,11:14:07,موجوديت جديد,انبار,سند انبار,2605,1405/03/20,سند حواله مصرف  با شماره 2605 ثبت شد
,شركت قدرت ايمان كوير(سهامي خاص),1405,شاهروديان3,1405/04/06,11:14:03, ويرايش موجوديت,خزانه داري,سند حسابداري,7865,1404/12/04,سند عمومي با شماره 7865 تاييد شد
,شركت كيهان راه شرق (سهامي خاص),1405,سجادزنگويي1,1405/04/06,11:14:02,موجوديت جديد,انبار,سند انبار,43707,1404/12/26,سند رسيد خريد  با شماره 43707 ثبت شد
,شركت كيهان راه شرق (سهامي خاص),1405,عليرضاسالاري,1405/04/06,11:14:01, ويرايش موجوديت,انبار,سند انبار,6042,1405/04/06,سند درخواست كالا از انبار با شماره 6042 ثبت شد
,شركت كيهان راه شرق (سهامي خاص),1405,مجتبي سابقي1,1405/04/06,11:13:46, ويرايش موجوديت,انبار,سند انبار,8097,1405/03/11,سند رسيد خريد  با شماره 8097 ثبت شد
,شركت قدرت ايمان كوير(سهامي خاص),1405,شاهروديان3,1405/04/06,11:13:41, ويرايش موجوديت,خزانه داري,سند حسابداري,7866,1404/12/04,سند عمومي با شماره 7866 تاييد شد
,شركت كيهان راه شرق (سهامي خاص),1405,عليزاده,1405/04/06,11:13:40, ويرايش موجوديت,انبار,سند انبار,5954,1405/04/02,سند درخواست كالا از انبار با شماره 5954 ثبت شد
,شركت كيهان راه شرق (سهامي خاص),1405,عليزاده,1405/04/06,11:13:23, ويرايش موجوديت,انبار,سند انبار,5954,1405/04/02,سند درخواست كالا از انبار با شماره 5954 ثبت شد
,شركت قدرت ايمان كوير(سهامي خاص),1405,پوريامومني3,1405/04/06,11:13:13,موجوديت جديد,خزانه داري,سند حسابداري,8044,1404/08/21,سند عمومي با شماره 8044 ذخيره شد
,شركت قدرت ايمان كوير(سهامي خاص),1404,جوانمرد3,1405/04/06,11:13:07,موجوديت جديد,خزانه داري,سند حسابداري,8043,1404/09/20,سند عمومي با شماره 8043 ذخيره شد
,شركت قدرت ايمان كوير(سهامي خاص),1405,شاهروديان3,1405/04/06,11:13:06, ويرايش موجوديت,خزانه داري,سند حسابداري,7868,1404/12/03,سند عمومي با شماره 7868 تاييد شد
,شركت قدرت ايمان كوير(سهامي خاص),1404,جوانمرد3,1405/04/06,11:12:55,موجوديت جديد,خزانه داري,سند خزانه داري,2403,1404/09/20,سند صورت هزينه تنخواه با شماره 2403 ذخيره شد
,شركت قدرت ايمان كوير(سهامي خاص),1405,پوريامومني3,1405/04/06,11:12:54,موجوديت جديد,خزانه داري,سند خزانه داري,2402,1404/08/21,سند صورت هزينه تنخواه با شماره 2402 ذخيره شد
,شركت كيهان راه شرق (سهامي خاص),1405,مجتبي سابقي1,1405/04/06,11:12:50, ويرايش موجوديت,انبار,سند انبار,6044,1405/04/06,سند درخواست كالا از انبار با شماره 6044 ثبت شد
,شركت كيهان راه شرق (سهامي خاص),1405,مجتبي سابقي1,1405/04/06,11:12:39, ويرايش موجوديت,انبار,سند انبار,6044,1405/04/06,سند درخواست كالا از انبار با شماره 6044 ثبت شد
,شركت قدرت ايمان كوير(سهامي خاص),1405,شاهروديان3,1405/04/06,11:12:36, ويرايش موجوديت,خزانه داري,سند حسابداري,7875,1404/12/03,سند عمومي با شماره 7875 تاييد شد
,شركت كيهان راه شرق (سهامي خاص),1405,علي_اماني1,1405/04/06,11:12:27,موجوديت جديد,انبار,سند انبار,2604,1405/03/30,سند حواله مصرف  با شماره 2604 ثبت شد
,شركت كيهان راه شرق (سهامي خاص),1405,عليرضاسالاري,1405/04/06,11:12:26, ويرايش موجوديت,انبار,سند انبار,6015,1405/04/06,سند درخواست كالا از انبار با شماره 6015 ثبت شد
,شركت كيهان راه شرق (سهامي خاص),1405,مجتبي سابقي1,1405/04/06,11:12:22,موجوديت جديد,انبار,سند انبار,6044,1405/04/06,سند درخواست كالا از انبار با شماره 6044 ثبت شد
,شركت قدرت ايمان كوير(سهامي خاص),1405,شاهروديان3,1405/04/06,11:12:16, ويرايش موجوديت,خزانه داري,سند حسابداري,7876,1404/12/04,سند عمومي با شماره 7876 تاييد شد
,شركت كيهان راه شرق (سهامي خاص),1405,عليرضاسالاري,1405/04/06,11:12:12, ويرايش موجوديت,انبار,سند انبار,6015,1405/04/06,سند درخواست كالا از انبار با شماره 6015 ثبت شد
,شركت كيهان راه شرق (سهامي خاص),1405,محمد رضايي,1405/04/06,11:12:10, ويرايش موجوديت,انبار,سند انبار,6,1405/01/01,سند موجودي ابتداي دوره با شماره 6 ثبت شد
,شركت قدرت ايمان كوير(سهامي خاص),1405,شاهروديان3,1405/04/06,11:12:05, ويرايش موجوديت,خزانه داري,سند حسابداري,7878,1404/12/03,سند عمومي با شماره 7878 تاييد شد
,شركت كيهان راه شرق (سهامي خاص),1405,سجادزنگويي1,1405/04/06,11:11:49,موجوديت جديد,انبار,سند انبار,43706,1404/12/26,سند رسيد خريد  با شماره 43706 ثبت شد
,شركت كيهان راه شرق (سهامي خاص),1405,علي_اماني1,1405/04/06,11:11:40,موجوديت جديد,انبار,سند انبار,2603,1405/03/27,سند حواله مصرف  با شماره 2603 ثبت شد
,شركت قدرت ايمان كوير(سهامي خاص),1405,شاهروديان3,1405/04/06,11:11:34, ويرايش موجوديت,خزانه داري,سند حسابداري,7879,1404/12/03,سند عمومي با شماره 7879 تاييد شد
,شركت كيهان راه شرق (سهامي خاص),1405,عليزاده,1405/04/06,11:11:25, ويرايش موجوديت,انبار,سند انبار,5954,1405/04/02,سند درخواست كالا از انبار با شماره 5954 ثبت شد
,شركت قدرت ايمان كوير(سهامي خاص),1405,شاهروديان3,1405/04/06,11:11:13, ويرايش موجوديت,خزانه داري,سند حسابداري,7881,1404/12/02,سند عمومي با شماره 7881 تاييد شد
,شركت كيهان راه شرق (سهامي خاص),1405,عبدپور_طرق,1405/04/06,11:11:03,موجوديت جديد,انبار,سند انبار,6043,1405/04/06,سند درخواست كالا از انبار با شماره 6043 ثبت شد
,شركت قدرت ايمان كوير(سهامي خاص),1404,جوانمرد3,1405/04/06,11:10:53,موجوديت جديد,خزانه داري,سند حسابداري,8042,1404/09/20,سند عمومي با شماره 8042 ذخيره شد
,شركت كيهان راه شرق (سهامي خاص),1405,علي_اماني1,1405/04/06,11:10:51,موجوديت جديد,انبار,سند انبار,2602,1405/03/28,سند حواله مصرف  با شماره 2602 ثبت شد
,شركت قدرت ايمان كوير(سهامي خاص),1405,شاهروديان3,1405/04/06,11:10:47, ويرايش موجوديت,خزانه داري,سند حسابداري,7883,1404/12/03,سند عمومي با شماره 7883 تاييد شد
,شركت كيهان راه شرق (سهامي خاص),1405,كريمزاده1,1405/04/06,11:10:29,موجوديت جديد,انبار,سند انبار,2601,1405/03/19,سند حواله مصرف  با شماره 2601 ثبت شد
,شركت قدرت ايمان كوير(سهامي خاص),1405,شاهروديان3,1405/04/06,11:10:27, ويرايش موجوديت,خزانه داري,سند حسابداري,7884,1404/12/02,سند عمومي با شماره 7884 تاييد شد
,شركت كيهان راه شرق (سهامي خاص),1405,محمد رضايي,1405/04/06,11:10:21, ويرايش موجوديت,انبار,سند انبار,4,1405/01/01,سند موجودي ابتداي دوره با شماره 4 ثبت شد
,شركت كيهان راه شرق (سهامي خاص),1405,بهرامي1بيرجند,1405/04/06,11:10:05,موجوديت جديد,انبار,سند انبار,3985,1405/04/02,سند حواله مصرف ماشين آلات با شماره 3985 ثبت شد
,شركت كيهان راه شرق (سهامي خاص),1405,بهرامي1بيرجند,1405/04/06,11:10:05, ويرايش موجوديت,انبار,سند انبار,6042,1405/04/06,سند درخواست كالا از انبار با شماره 6042 ثبت شد
,شركت كيهان راه شرق (سهامي خاص),1405,مجتبي سابقي1,1405/04/06,11:09:58,موجوديت جديد,انبار,سند انبار,8097,1405/03/11,سند رسيد خريد  با شماره 8097 ثبت شد
,شركت قدرت ايمان كوير(سهامي خاص),1405,شاهروديان3,1405/04/06,11:09:48, ويرايش موجوديت,خزانه داري,سند حسابداري,7885,1404/12/02,سند عمومي با شماره 7885 تاييد شد
,شركت كيهان راه شرق (سهامي خاص),1405,بهرامي1بيرجند,1405/04/06,11:09:27,موجوديت جديد,انبار,سند انبار,6042,1405/04/06,سند درخواست كالا از انبار با شماره 6042 ثبت شد
,شركت قدرت ايمان كوير(سهامي خاص),1405,شاهروديان3,1405/04/06,11:09:24, ويرايش موجوديت,خزانه داري,سند حسابداري,7887,1404/12/02,سند عمومي با شماره 7887 تاييد شد
,شركت قدرت ايمان كوير(سهامي خاص),1405,پوريامومني3,1405/04/06,11:09:24,موجوديت جديد,خزانه داري,سند حسابداري,8041,1404/08/25,سند عمومي با شماره 8041 ذخيره شد
,شركت قدرت ايمان كوير(سهامي خاص),1404,جوانمرد3,1405/04/06,11:09:21,موجوديت جديد,خزانه داري,سند خزانه داري,2401,1404/09/20,سند صورت هزينه تنخواه با شماره 2401 ذخيره شد
,شركت كيهان راه شرق (سهامي خاص),1405,محبوبي1,1405/04/06,11:09:17,موجوديت جديد,انبار,سند انبار,1696,1405/03/27,سند حواله انتقال بين انبار با شماره 1696 ثبت شد
,شركت كيهان راه شرق (سهامي خاص),1405,علي_اماني1,1405/04/06,11:09:10,موجوديت جديد,انبار,سند انبار,2600,1405/03/28,سند حواله مصرف  با شماره 2600 ثبت شد
,شركت قدرت ايمان كوير(سهامي خاص),1405,شاهروديان3,1405/04/06,11:08:59, ويرايش موجوديت,خزانه داري,سند حسابداري,7890,1404/11/30,سند عمومي با شماره 7890 تاييد شد
,شركت قدرت ايمان كوير(سهامي خاص),1405,پوريامومني3,1405/04/06,11:08:53,موجوديت جديد,خزانه داري,سند خزانه داري,2400,1404/08/25,سند صورت هزينه تنخواه با شماره 2400 ذخيره شد
,شركت قدرت ايمان كوير(سهامي خاص),1405,غلامي3,1405/04/06,11:08:50,ورود موفق,,نشست,,,
,صولت پارس آمود,1405,آقاحاجي7,1405/04/06,11:08:26,موجوديت جديد,حسابداري,سند حسابداري,710,1405/03/19,سند عمومي با شماره ثابت 710 ذخيره شد
,شركت كيهان راه شرق (سهامي خاص),1405,محمد رضايي,1405/04/06,11:08:17, ويرايش موجوديت,انبار,سند انبار,4,1405/01/01,سند موجودي ابتداي دوره با شماره 4 ثبت شد
,شركت كيهان راه شرق (سهامي خاص),1405,عبدپور_طرق,1405/04/06,11:08:13,موجوديت جديد,انبار,سند انبار,6041,1405/04/06,سند درخواست كالا از انبار با شماره 6041 ثبت شد
,شركت قدرت ايمان كوير(سهامي خاص),1405,محدثه_قاسمي3,1405/04/06,11:08:10,موجوديت جديد,خزانه داري,سند حسابداري,1015,1405/03/30,سند عمومي با شماره 1015 ذخيره شد
,شركت كيهان راه شرق (سهامي خاص),1405,رحمانيان,1405/04/06,11:08:04, ويرايش موجوديت,انبار,سند انبار,6036,1405/04/06,سند درخواست كالا از انبار با شماره 6036 ثبت شد
,شركت قدرت ايمان كوير(سهامي خاص),1405,محدثه_قاسمي3,1405/04/06,11:07:55, ويرايش موجوديت,خزانه داري,سند خزانه داري,255,1405/03/30,سند اعلاميه برداشت ريالي با شماره 255 ذخيره شد
,شركت كيهان راه شرق (سهامي خاص),1405,سجادزنگويي1,1405/04/06,11:07:54,موجوديت جديد,انبار,سند انبار,43705,1404/12/16,سند رسيد خريد  با شماره 43705 ثبت شد
,شركت كيهان راه شرق (سهامي خاص),1405,غلامي1,1405/04/06,11:07:21, ويرايش موجوديت,حسابداري,سند حسابداري,1700,1405/03/12,سند عمومي با شماره ثابت 1700 ذخيره شد
,شركت كيهان راه شرق (سهامي خاص),1405,سيناسليماني,1405/04/06,11:07:17,ورود موفق,,نشست,,,
,شركت قدرت ايمان كوير(سهامي خاص),1404,جوانمرد3,1405/04/06,11:07:06,موجوديت جديد,خزانه داري,سند حسابداري,8040,1404/09/20,سند عمومي با شماره 8040 ذخيره شد
,شركت قدرت ايمان كوير(سهامي خاص),1405,محدثه_قاسمي3,1405/04/06,11:07:02,موجوديت جديد,خزانه داري,سند خزانه داري,255,1405/03/30,سند اعلاميه برداشت ريالي با شماره 255 ذخيره شد
,شركت كيهان راه شرق (سهامي خاص),1405,علي_اماني1,1405/04/06,11:07:01,موجوديت جديد,انبار,سند انبار,2599,1405/03/24,سند حواله مصرف  با شماره 2599 ثبت شد
,شركت كيهان راه شرق (سهامي خاص),1405,محمد رضايي,1405/04/06,11:06:59, ويرايش موجوديت,انبار,سند انبار,6,1405/01/01,سند موجودي ابتداي دوره با شماره 6 ثبت شد
,شركت قدرت ايمان كوير(سهامي خاص),1404,جوانمرد3,1405/04/06,11:06:45,موجوديت جديد,خزانه داري,سند خزانه داري,2399,1404/09/20,سند صورت هزينه تنخواه با شماره 2399 ذخيره شد
,شركت كيهان راه شرق (سهامي خاص),1405,محمد رضايي,1405/04/06,11:06:41, ويرايش موجوديت,انبار,سند انبار,4,1405/01/01,سند موجودي ابتداي دوره با شماره 4 ثبت شد
,شركت قدرت ايمان كوير(سهامي خاص),1405,كاظميان3,1405/04/06,11:06:25,موجوديت جديد,خزانه داري,سند حسابداري,8039,1404/07/24,سند عمومي با شماره 8039 ذخيره شد
,شركت كيهان راه شرق (سهامي خاص),1405,بهرامي1بيرجند,1405/04/06,11:06:09,ورود موفق,,نشست,,,
,شركت قدرت ايمان كوير(سهامي خاص),1405,كاظميان3,1405/04/06,11:05:52,موجوديت جديد,خزانه داري,سند خزانه داري,2398,1404/07/24,سند صورت هزينه تنخواه با شماره 2398 ذخيره شد
,شركت كيهان راه شرق (سهامي خاص),1405,علي_اماني1,1405/04/06,11:05:49,موجوديت جديد,انبار,سند انبار,2598,1405/03/23,سند حواله مصرف  با شماره 2598 ثبت شد
,شركت قدرت ايمان كوير(سهامي خاص),1405,محدثه_قاسمي3,1405/04/06,11:05:18,ورود موفق,,نشست,,,
,شركت كيهان راه شرق (سهامي خاص),1405,محمد رضايي,1405/04/06,11:05:18, ويرايش موجوديت,انبار,سند انبار,6,1405/01/01,سند موجودي ابتداي دوره با شماره 6 ثبت شد
,شركت قدرت ايمان كوير(سهامي خاص),1405,پوريامومني3,1405/04/06,11:05:13, ويرايش موجوديت,خزانه داري,سند حسابداري,7537,1404/11/28,سند عمومي با شماره 7537 ذخيره شد
,شركت كيهان راه شرق (سهامي خاص),1405,بهرامي1بيرجند,1405/04/06,11:04:28,موجوديت جديد,انبار,سند انبار,192,1405/04/06,سند رسيد ضايعات و كالاهاي تعميري با شماره 192 ثبت شد
,شركت كيهان راه شرق (سهامي خاص),1405,محمد رضايي,1405/04/06,11:04:12, ويرايش موجوديت,انبار,سند انبار,4,1405/01/01,سند موجودي ابتداي دوره با شماره 4 ثبت شد
,شركت كيهان راه شرق (سهامي خاص),1405,علي_اماني1,1405/04/06,11:03:44,موجوديت جديد,انبار,سند انبار,3984,1405/03/30,سند حواله مصرف ماشين آلات با شماره 3984 ثبت شد
,شركت قدرت ايمان كوير(سهامي خاص),1404,جوانمرد3,1405/04/06,11:03:42,موجوديت جديد,خزانه داري,سند حسابداري,8038,1404/09/21,سند عمومي با شماره 8038 ذخيره شد
,شركت قدرت ايمان كوير(سهامي خاص),1404,جوانمرد3,1405/04/06,11:03:24,موجوديت جديد,خزانه داري,سند خزانه داري,2397,1404/09/21,سند صورت هزينه تنخواه با شماره 2397 ذخيره شد
,شركت قدرت ايمان كوير(سهامي خاص),1405,پوريامومني3,1405/04/06,11:03:24,ورود موفق,,نشست,,,
,شركت كيهان راه شرق (سهامي خاص),1405,محمد رضايي,1405/04/06,11:03:02, ويرايش موجوديت,انبار,سند انبار,4,1405/01/01,سند موجودي ابتداي دوره با شماره 4 ثبت شد
,شركت كيهان راه شرق (سهامي خاص),1405,علي_اماني1,1405/04/06,11:01:54,موجوديت جديد,انبار,سند انبار,3983,1405/03/28,سند حواله مصرف ماشين آلات با شماره 3983 ثبت شد
,شركت كيهان راه شرق (سهامي خاص),1405,برزگررشتخواري,1405/04/06,11:01:15,موجوديت جديد,انبار,سند انبار,6040,1405/04/06,سند درخواست كالا از انبار با شماره 6040 ثبت شد
,شركت قدرت ايمان كوير(سهامي خاص),1404,جوانمرد3,1405/04/06,11:01:06,موجوديت جديد,خزانه داري,سند حسابداري,8037,1404/09/20,سند عمومي با شماره 8037 ذخيره شد
,شركت كيهان راه شرق (سهامي خاص),1405,غلامي1,1405/04/06,11:01:05, ويرايش موجوديت,حسابداري,سند حسابداري,1159,1405/03/02,سند عمومي با شماره ثابت 1159 ذخيره شد
,شركت قدرت ايمان كوير(سهامي خاص),1404,جوانمرد3,1405/04/06,11:00:54,موجوديت جديد,خزانه داري,سند خزانه داري,2396,1404/09/20,سند صورت هزينه تنخواه با شماره 2396 ذخيره شد
,شركت برش كوه آريا پارت (سهامي خاص),1405,شاهوردي5,1405/04/06,11:00:28,موجوديت جديد,خزانه داري,سند حسابداري,102,1405/03/16,سند عمومي با شماره 102 ذخيره شد
,صولت پارس آمود,1405,آقاحاجي7,1405/04/06,11:00:26,ورود موفق,,نشست,,,
,شركت برش كوه آريا پارت (سهامي خاص),1405,شاهوردي5,1405/04/06,11:00:09, ويرايش موجوديت,خزانه داري,سند خزانه داري,7,1405/03/16,سند انتقال بين بانك ها با شماره 7 ذخيره شد
,شركت كيهان راه شرق (سهامي خاص),1405,عبدپور_طرق,1405/04/06,11:00:04,موجوديت جديد,انبار,سند انبار,1474,1405/04/06,سند رسيد انتقال بين انبار با شماره 1474 ثبت شد
,شركت كيهان راه شرق (سهامي خاص),1405,غلامي1,1405/04/06,11:00:03,ورود موفق,,نشست,,,
,شركت كيهان راه شرق (سهامي خاص),1405,محمدحداد,1405/04/06,10:59:37, ويرايش موجوديت,انبار,سند انبار,3994,1405/03/09,سند درخواست كالا از انبار با شماره 3994 ثبت شد
,شركت قدرت ايمان كوير(سهامي خاص),1404,جوانمرد3,1405/04/06,10:59:11,موجوديت جديد,خزانه داري,سند حسابداري,8036,1404/09/20,سند عمومي با شماره 8036 ذخيره شد
,شركت برش كوه آريا پارت (سهامي خاص),1405,شاهوردي5,1405/04/06,10:58:59,موجوديت جديد,خزانه داري,سند حسابداري,101,1405/03/16,سند عمومي با شماره 101 ذخيره شد
,شركت قدرت ايمان كوير(سهامي خاص),1404,جوانمرد3,1405/04/06,10:58:55,موجوديت جديد,خزانه داري,سند خزانه داري,2395,1404/09/20,سند صورت هزينه تنخواه با شماره 2395 ذخيره شد
,شركت برش كوه آريا پارت (سهامي خاص),1405,شاهوردي5,1405/04/06,10:58:53, ويرايش موجوديت,خزانه داري,سند خزانه داري,62,1405/03/16,سند اعلاميه برداشت ريالي با شماره 62 ذخيره شد
,شركت برش كوه آريا پارت (سهامي خاص),1405,شاهوردي5,1405/04/06,10:58:29, ويرايش موجوديت,خزانه داري,سند خزانه داري,62,1405/03/16,سند اعلاميه برداشت ريالي با شماره 62 ذخيره شد
,شركت كيهان راه شرق (سهامي خاص),1405,صابونيزاده1,1405/04/06,10:58:29,ورود موفق,,نشست,,,
,شركت كيهان راه شرق (سهامي خاص),1405,عبدپور_طرق,1405/04/06,10:58:18,موجوديت جديد,انبار,سند انبار,1473,1405/04/06,سند رسيد انتقال بين انبار با شماره 1473 ثبت شد
,شركت كيهان راه شرق (سهامي خاص),1405,سپهريان1,1405/04/06,10:57:51,موجوديت جديد,خزانه داري,سند خزانه داري,329,1405/04/02,سند اعلاميه برداشت ريالي با شماره 329 ذخيره شد
,شركت كيهان راه شرق (سهامي خاص),1405,علي_اماني1,1405/04/06,10:57:05,موجوديت جديد,انبار,سند انبار,3982,1405/03/27,سند حواله مصرف ماشين آلات با شماره 3982 ثبت شد
,شركت كيهان راه شرق (سهامي خاص),1405,محمدحداد,1405/04/06,10:57:04, ويرايش موجوديت,انبار,سند انبار,3994,1405/03/09,سند درخواست كالا از انبار با شماره 3994 ثبت شد
,شركت برش كوه آريا پارت (سهامي خاص),1405,شاهوردي5,1405/04/06,10:57:02,موجوديت جديد,خزانه داري,سند حسابداري,100,1405/03/17,سند عمومي با شماره 100 ذخيره شد
,شركت كيهان راه شرق (سهامي خاص),1405,سجادزنگويي1,1405/04/06,10:56:55,موجوديت جديد,انبار,سند انبار,43704,1404/12/25,سند رسيد خريد  با شماره 43704 ثبت شد
,شركت برش كوه آريا پارت (سهامي خاص),1405,شاهوردي5,1405/04/06,10:56:53, ويرايش موجوديت,خزانه داري,سند خزانه داري,58,1405/03/17,سند اعلاميه برداشت ريالي با شماره 58 ذخيره شد
,شركت قدرت ايمان كوير(سهامي خاص),1405,كاظميان3,1405/04/06,10:56:16,موجوديت جديد,خزانه داري,سند حسابداري,8035,1404/07/24,سند عمومي با شماره 8035 ذخيره شد
,شركت كيهان راه شرق (سهامي خاص),1405,محبوبي1,1405/04/06,10:56:15,موجوديت جديد,انبار,سند انبار,8096,1405/03/27,سند رسيد خريد  با شماره 8096 ثبت شد
,شركت قدرت ايمان كوير(سهامي خاص),1404,جوانمرد3,1405/04/06,10:55:42,موجوديت جديد,خزانه داري,سند حسابداري,8034,1404/09/22,سند عمومي با شماره 8034 ذخيره شد
,شركت دنا بنيان بيرجند (سهامي خاص),1405,محدثه_قاسمي2,1405/04/06,10:55:40,موجوديت جديد,خزانه داري,سند حسابداري,1062,1405/03/31,سند عمومي با شماره 1062 ذخيره شد
,شركت قدرت ايمان كوير(سهامي خاص),1404,جوانمرد3,1405/04/06,10:55:27,موجوديت جديد,خزانه داري,سند خزانه داري,2394,1404/09/22,سند صورت هزينه تنخواه با شماره 2394 ذخيره شد
,شركت دنا بنيان بيرجند (سهامي خاص),1405,محدثه_قاسمي2,1405/04/06,10:55:25,موجوديت جديد,خزانه داري,سند خزانه داري,110,1405/03/31,سند اعلاميه واريز ريالي با شماره 110 ذخيره شد
,شركت كيهان راه شرق (سهامي خاص),1405,علي_اماني1,1405/04/06,10:54:31,موجوديت جديد,انبار,سند انبار,3981,1405/03/19,سند حواله مصرف ماشين آلات با شماره 3981 ثبت شد
,شركت قدرت ايمان كوير(سهامي خاص),1405,كاظميان3,1405/04/06,10:53:49,موجوديت جديد,خزانه داري,سند خزانه داري,2393,1404/07/24,سند صورت هزينه تنخواه با شماره 2393 ذخيره شد
,شركت برش كوه آريا پارت (سهامي خاص),1405,شاهوردي5,1405/04/06,10:53:38,موجوديت جديد,خزانه داري,سند حسابداري,99,1405/03/04,سند عمومي با شماره 99 ذخيره شد
,شركت قدرت ايمان كوير(سهامي خاص),1404,جوانمرد3,1405/04/06,10:53:35,موجوديت جديد,خزانه داري,سند حسابداري,8033,1404/09/23,سند عمومي با شماره 8033 ذخيره شد
,شركت برش كوه آريا پارت (سهامي خاص),1405,شاهوردي5,1405/04/06,10:53:32, ويرايش موجوديت,خزانه داري,سند خزانه داري,55,1405/03/04,سند اعلاميه برداشت ريالي با شماره 55 ذخيره شد
,شركت كيهان راه شرق (سهامي خاص),1405,علي_اماني1,1405/04/06,10:53:28,موجوديت جديد,انبار,سند انبار,3980,1405/03/31,سند حواله مصرف ماشين آلات با شماره 3980 ثبت شد
,شركت قدرت ايمان كوير(سهامي خاص),1404,جوانمرد3,1405/04/06,10:53:20,موجوديت جديد,خزانه داري,سند خزانه داري,2392,1404/09/23,سند صورت هزينه تنخواه با شماره 2392 ذخيره شد
,شركت كيهان راه شرق (سهامي خاص),1405,كريمزاده1,1405/04/06,10:53:10,موجوديت جديد,انبار,سند انبار,2597,1405/04/19,سند حواله مصرف  با شماره 2597 ثبت شد
,شركت قدرت ايمان كوير(سهامي خاص),1404,دادرس3,1405/04/06,10:52:50,ورود موفق,,نشست,,,
,شركت دنا بنيان بيرجند (سهامي خاص),1405,محدثه_قاسمي2,1405/04/06,10:52:49,ورود موفق,,نشست,,,
,شركت قدرت ايمان كوير(سهامي خاص),1405,شاهروديان3,1405/04/06,10:52:48, ويرايش موجوديت,خزانه داري,سند حسابداري,7897,1404/11/30,سند عمومي با شماره 7897 تاييد شد
,شركت كيهان راه شرق (سهامي خاص),1404,الاجگردي1,1405/04/06,10:52:47, ويرايش موجوديت,خزانه داري,سند حسابداري,28038,1404/12/29,سند عمومي با شماره 28038 تاييد شد
,شركت كيهان راه شرق (سهامي خاص),1405,محمد رضايي,1405/04/06,10:52:41, ويرايش موجوديت,انبار,سند انبار,6,1405/01/01,سند موجودي ابتداي دوره با شماره 6 ثبت شد
,شركت قدرت ايمان كوير(سهامي خاص),1405,شاهروديان3,1405/04/06,10:52:05, ويرايش موجوديت,خزانه داري,سند حسابداري,7900,1404/11/30,سند عمومي با شماره 7900 تاييد شد
,شركت كيهان راه شرق (سهامي خاص),1405,محمد رضايي,1405/04/06,10:51:40, ويرايش موجوديت,انبار,سند انبار,4,1405/01/01,سند موجودي ابتداي دوره با شماره 4 ثبت شد
,شركت قدرت ايمان كوير(سهامي خاص),1405,شاهروديان3,1405/04/06,10:51:30, ويرايش موجوديت,خزانه داري,سند حسابداري,7901,1404/11/30,سند عمومي با شماره 7901 تاييد شد
,شركت كيهان راه شرق (سهامي خاص),1405,محمد رضايي,1405/04/06,10:51:24, ويرايش موجوديت,انبار,سند انبار,6,1405/01/01,سند موجودي ابتداي دوره با شماره 6 ثبت شد
,شركت قدرت ايمان كوير(سهامي خاص),1405,كاظميان3,1405/04/06,10:51:21,موجوديت جديد,خزانه داري,سند حسابداري,8032,1404/07/22,سند عمومي با شماره 8032 ذخيره شد
,شركت قدرت ايمان كوير(سهامي خاص),1405,شاهروديان3,1405/04/06,10:51:21, ويرايش موجوديت,خزانه داري,سند حسابداري,7902,1404/11/30,سند عمومي با شماره 7902 تاييد شد
,شركت قدرت ايمان كوير(سهامي خاص),1404,جوانمرد3,1405/04/06,10:51:21,موجوديت جديد,خزانه داري,سند حسابداري,8031,1404/09/22,سند عمومي با شماره 8031 ذخيره شد
,شركت قدرت ايمان كوير(سهامي خاص),1404,جعفري3,1405/04/06,10:51:16,موجوديت جديد,خزانه داري,سند حسابداري,8030,1404/09/10,سند عمومي با شماره 8030 ذخيره شد
,شركت كيهان راه شرق (سهامي خاص),1405,علي_اماني1,1405/04/06,10:51:11,موجوديت جديد,انبار,سند انبار,3979,1405/03/27,سند حواله مصرف ماشين آلات با شماره 3979 ثبت شد
,شركت قدرت ايمان كوير(سهامي خاص),1404,جوانمرد3,1405/04/06,10:51:08,موجوديت جديد,خزانه داري,سند خزانه داري,2391,1404/09/22,سند صورت هزينه تنخواه با شماره 2391 ذخيره شد
,شركت قدرت ايمان كوير(سهامي خاص),1405,شاهروديان3,1405/04/06,10:50:58, ويرايش موجوديت,خزانه داري,سند حسابداري,7903,1404/11/29,سند عمومي با شماره 7903 تاييد شد
,شركت قدرت ايمان كوير(سهامي خاص),1405,شاهروديان3,1405/04/06,10:50:35, ويرايش موجوديت,خزانه داري,سند حسابداري,7905,1404/11/29,سند عمومي با شماره 7905 تاييد شد
,شركت قدرت ايمان كوير(سهامي خاص),1404,جعفري3,1405/04/06,10:50:33,موجوديت جديد,خزانه داري,سند خزانه داري,2390,1404/09/10,سند صورت هزينه تنخواه با شماره 2390 ذخيره شد
,شركت قدرت ايمان كوير(سهامي خاص),1405,كاظميان3,1405/04/06,10:50:28,موجوديت جديد,خزانه داري,سند خزانه داري,2389,1404/07/22,سند صورت هزينه تنخواه با شماره 2389 ذخيره شد
,شركت كيهان راه شرق (سهامي خاص),1405,كريمزاده1,1405/04/06,10:50:26,موجوديت جديد,انبار,سند انبار,2596,1405/04/06,سند حواله مصرف  با شماره 2596 ثبت شد
,رايان سازه آذرخش,1405,آقاحاجي9,1405/04/06,10:50:26,موجوديت جديد,حسابداري,سند حسابداري,230,1405/03/26,سند عمومي با شماره ثابت 230 ذخيره شد
,شركت قدرت ايمان كوير(سهامي خاص),1405,شاهروديان3,1405/04/06,10:50:10, ويرايش موجوديت,خزانه داري,سند حسابداري,7908,1404/11/29,سند عمومي با شماره 7908 تاييد شد
,شركت برش كوه آريا پارت (سهامي خاص),1405,شاهوردي5,1405/04/06,10:49:53,موجوديت جديد,خزانه داري,سند حسابداري,98,1405/03/16,سند عمومي با شماره 98 ذخيره شد
,شركت قدرت ايمان كوير(سهامي خاص),1405,شاهروديان3,1405/04/06,10:49:49, ويرايش موجوديت,خزانه داري,سند حسابداري,7911,1404/11/29,سند عمومي با شماره 7911 تاييد شد
,شركت برش كوه آريا پارت (سهامي خاص),1405,شاهوردي5,1405/04/06,10:49:45, ويرايش موجوديت,خزانه داري,سند خزانه داري,56,1405/03/16,سند اعلاميه برداشت ريالي با شماره 56 ذخيره شد
,شركت برش كوه آريا پارت (سهامي خاص),1405,شاهوردي5,1405/04/06,10:49:17, ويرايش موجوديت,خزانه داري,سند خزانه داري,56,1405/03/16,سند اعلاميه برداشت ريالي با شماره 56 ذخيره شد
,شركت كيهان راه شرق (سهامي خاص),1405,محمد رضايي,1405/04/06,10:49:17, ويرايش موجوديت,انبار,سند انبار,6,1405/01/01,سند موجودي ابتداي دوره با شماره 6 ثبت شد
,شركت كيهان راه شرق (سهامي خاص),1405,فرامرزسليماني,1405/04/06,10:49:15,موجوديت جديد,انبار,سند انبار,4714,1405/04/06,سند تاييد درخواست كالا با شماره 4714 ثبت شد
,شركت قدرت ايمان كوير(سهامي خاص),1405,شاهروديان3,1405/04/06,10:49:08, ويرايش موجوديت,خزانه داري,سند حسابداري,7914,1404/11/28,سند عمومي با شماره 7914 تاييد شد
,شركت كيهان راه شرق (سهامي خاص),1405,فرامرزسليماني,1405/04/06,10:49:07, ويرايش موجوديت,انبار,سند انبار,3937,1405/03/08,سند درخواست كالا از انبار با شماره 3937 ثبت شد
,شركت كيهان راه شرق (سهامي خاص),1405,زبرجدي2,1405/04/06,10:49:05,موجوديت جديد,انبار,سند انبار,35,1405/04/06,سند ارسال به تعميرات با شماره 35 ثبت شد
,شركت كيهان راه شرق (سهامي خاص),1405,محبوبي1,1405/04/06,10:48:51,ورود موفق,,نشست,,,
,شركت قدرت ايمان كوير(سهامي خاص),1405,شاهروديان3,1405/04/06,10:48:28, ويرايش موجوديت,خزانه داري,سند حسابداري,7915,1404/11/28,سند عمومي با شماره 7915 تاييد شد
,شركت كيهان راه شرق (سهامي خاص),1405,رحمانيان,1405/04/06,10:48:18, ويرايش موجوديت,انبار,سند انبار,4711,1405/04/06,سند تاييد درخواست كالا با شماره 4711 ثبت شد
,شركت قدرت ايمان كوير(سهامي خاص),1404,جعفري3,1405/04/06,10:48:09,موجوديت جديد,خزانه داري,سند حسابداري,8029,1404/09/10,سند عمومي با شماره 8029 ذخيره شد
,شركت قدرت ايمان كوير(سهامي خاص),1405,شاهروديان3,1405/04/06,10:47:58, ويرايش موجوديت,خزانه داري,سند حسابداري,7916,1404/11/28,سند عمومي با شماره 7916 تاييد شد
,شركت قدرت ايمان كوير(سهامي خاص),1404,جعفري3,1405/04/06,10:47:20, ويرايش موجوديت,خزانه داري,سند خزانه داري,2388,1404/09/10,سند صورت هزينه تنخواه با شماره 2388 ذخيره شد
,شركت قدرت ايمان كوير(سهامي خاص),1404,جعفري3,1405/04/06,10:47:16,موجوديت جديد,خزانه داري,سند خزانه داري,2388,1404/09/10,سند صورت هزينه تنخواه با شماره 2388 ذخيره شد
,شركت كيهان راه شرق (سهامي خاص),1405,فرامرزسليماني,1405/04/06,10:47:09,موجوديت جديد,انبار,سند انبار,4713,1405/04/06,سند تاييد درخواست كالا با شماره 4713 ثبت شد
,شركت كيهان راه شرق (سهامي خاص),1405,فرامرزسليماني,1405/04/06,10:46:33,موجوديت جديد,انبار,سند انبار,4712,1405/04/06,سند تاييد درخواست كالا با شماره 4712 ثبت شد
,شركت قدرت ايمان كوير(سهامي خاص),1404,جوانمرد3,1405/04/06,10:45:54,موجوديت جديد,خزانه داري,سند حسابداري,8028,1404/09/24,سند عمومي با شماره 8028 ذخيره شد
,شركت كيهان راه شرق (سهامي خاص),1405,رحمانيان,1405/04/06,10:45:50,موجوديت جديد,انبار,سند انبار,4711,1405/04/06,سند تاييد درخواست كالا با شماره 4711 ثبت شد
,شركت كيهان راه شرق (سهامي خاص),1405,رحمانيان,1405/04/06,10:45:42, ويرايش موجوديت,انبار,سند انبار,6036,1405/04/06,سند درخواست كالا از انبار با شماره 6036 ثبت شد
,شركت قدرت ايمان كوير(سهامي خاص),1404,جوانمرد3,1405/04/06,10:45:39,موجوديت جديد,خزانه داري,سند خزانه داري,2387,1404/09/24,سند صورت هزينه تنخواه با شماره 2387 ذخيره شد
,شركت كيهان راه شرق (سهامي خاص),1405,رحمانيان,1405/04/06,10:45:26, ويرايش موجوديت,انبار,سند انبار,6036,1405/04/06,سند درخواست كالا از انبار با شماره 6036 ثبت شد
,شركت برش كوه آريا پارت (سهامي خاص),1405,شاهوردي5,1405/04/06,10:45:15,موجوديت جديد,خزانه داري,سند حسابداري,97,1405/03/16,سند عمومي با شماره 97 ذخيره شد
,شركت برش كوه آريا پارت (سهامي خاص),1405,شاهوردي5,1405/04/06,10:45:06, ويرايش موجوديت,خزانه داري,سند خزانه داري,57,1405/03/16,سند اعلاميه برداشت ريالي با شماره 57 ذخيره شد
,شركت قدرت ايمان كوير(سهامي خاص),1404,جوانمرد3,1405/04/06,10:43:54,موجوديت جديد,خزانه داري,سند حسابداري,8027,1404/09/23,سند عمومي با شماره 8027 ذخيره شد
,شركت قدرت ايمان كوير(سهامي خاص),1404,جوانمرد3,1405/04/06,10:43:39,موجوديت جديد,خزانه داري,سند خزانه داري,2386,1404/09/23,سند صورت هزينه تنخواه با شماره 2386 ذخيره شد
,شركت كيهان راه شرق (سهامي خاص),1405,فرامرزسليماني,1405/04/06,10:43:21,موجوديت جديد,انبار,سند انبار,4710,1405/04/06,سند تاييد درخواست كالا با شماره 4710 ثبت شد
,شركت برش كوه آريا پارت (سهامي خاص),1405,شاهوردي5,1405/04/06,10:42:37,موجوديت جديد,خزانه داري,سند حسابداري,96,1405/03/19,سند عمومي با شماره 96 ذخيره شد
,شركت برش كوه آريا پارت (سهامي خاص),1405,شاهوردي5,1405/04/06,10:42:31, ويرايش موجوديت,خزانه داري,سند خزانه داري,59,1405/03/19,سند اعلاميه برداشت ريالي با شماره 59 ذخيره شد
,شركت كيهان راه شرق (سهامي خاص),1405,فرامرزسليماني,1405/04/06,10:42:11, ويرايش موجوديت,انبار,سند انبار,5113,1405/03/22,سند درخواست كالا از انبار با شماره 5113 ثبت شد
,شركت كيهان راه شرق (سهامي خاص),1405,فرامرزسليماني,1405/04/06,10:42:04,موجوديت جديد,انبار,سند انبار,4709,1405/04/06,سند تاييد درخواست كالا با شماره 4709 ثبت شد
,شركت كيهان راه شرق (سهامي خاص),1405,فرامرزسليماني,1405/04/06,10:41:54, ويرايش موجوديت,انبار,سند انبار,5113,1405/03/22,سند درخواست كالا از انبار با شماره 5113 ثبت شد
,شركت كيهان راه شرق (سهامي خاص),1405,شماعيل زاده,1405/04/06,10:41:51,ورود موفق,,نشست,,,
,شركت برش كوه آريا پارت (سهامي خاص),1405,شاهوردي5,1405/04/06,10:41:44,موجوديت جديد,خزانه داري,سند حسابداري,95,1405/03/20,سند عمومي با شماره 95 ذخيره شد
,شركت برش كوه آريا پارت (سهامي خاص),1405,شاهوردي5,1405/04/06,10:41:39, ويرايش موجوديت,خزانه داري,سند خزانه داري,60,1405/03/20,سند اعلاميه برداشت ريالي با شماره 60 ذخيره شد
,تفتان ره ساز پارس,1405,فرزانه15,1405/04/06,10:41:33,موجوديت جديد,خزانه داري,سند حسابداري,428,1405/04/01,سند عمومي با شماره 428 ذخيره شد
,تفتان ره ساز پارس,1405,فرزانه15,1405/04/06,10:41:12, ويرايش موجوديت,خزانه داري,سند خزانه داري,53,1405/04/01,سند اعلاميه واريز ريالي با شماره 53 ذخيره شد
,شركت كيهان راه شرق (سهامي خاص),1405,جابرسرگزي1,1405/04/06,10:41:04,ورود موفق,,نشست,,,
,شركت قدرت ايمان كوير(سهامي خاص),1405,كاظميان3,1405/04/06,10:40:29,موجوديت جديد,خزانه داري,سند حسابداري,8026,1404/07/22,سند عمومي با شماره 8026 ذخيره شد
,شركت كيهان راه شرق (سهامي خاص),1405,اسماعيلنژاد1,1405/04/06,10:40:27,ورود موفق,,نشست,,,
,شركت قدرت ايمان كوير(سهامي خاص),1405,كاظميان3,1405/04/06,10:40:04,موجوديت جديد,خزانه داري,سند خزانه داري,2385,1404/07/22,سند صورت هزينه تنخواه با شماره 2385 ذخيره شد
,شركت قدرت ايمان كوير(سهامي خاص),1404,جعفري3,1405/04/06,10:39:22,موجوديت جديد,خزانه داري,سند حسابداري,8025,1404/09/10,سند عمومي با شماره 8025 ذخيره شد
,شركت برش كوه آريا پارت (سهامي خاص),1405,شاهوردي5,1405/04/06,10:39:05,موجوديت جديد,خزانه داري,سند حسابداري,94,1405/03/21,سند عمومي با شماره 94 ذخيره شد
,شركت برش كوه آريا پارت (سهامي خاص),1405,شاهوردي5,1405/04/06,10:38:58, ويرايش موجوديت,خزانه داري,سند خزانه داري,61,1405/03/21,سند اعلاميه برداشت ريالي با شماره 61 ذخيره شد
,شركت كيهان راه شرق (سهامي خاص),1405,كريمزاده1,1405/04/06,10:38:53,موجوديت جديد,انبار,سند انبار,2595,1405/03/18,سند حواله مصرف  با شماره 2595 ثبت شد
,شركت قدرت ايمان كوير(سهامي خاص),1404,جعفري3,1405/04/06,10:38:52,موجوديت جديد,خزانه داري,سند خزانه داري,2384,1404/09/10,سند صورت هزينه تنخواه با شماره 2384 ذخيره شد
,شركت كيهان راه شرق (سهامي خاص),1405,عبدپور_طرق,1405/04/06,10:38:20,موجوديت جديد,انبار,سند انبار,6039,1405/04/06,سند درخواست كالا از انبار با شماره 6039 ثبت شد
,رايان سازه آذرخش,1405,آقاحاجي9,1405/04/06,10:38:18,موجوديت جديد,حسابداري,سند حسابداري,229,1405/03/18,سند عمومي با شماره ثابت 229 ذخيره شد
,شعبه ششم,1405,غلامي6,1405/04/06,10:38:15,ورود موفق,,نشست,,,
,شركت قدرت ايمان كوير(سهامي خاص),1405,كاظميان3,1405/04/06,10:38:05,موجوديت جديد,خزانه داري,سند حسابداري,8024,1404/07/23,سند عمومي با شماره 8024 ذخيره شد
,شركت قدرت ايمان كوير(سهامي خاص),1404,جوانمرد3,1405/04/06,10:37:40,موجوديت جديد,خزانه داري,سند حسابداري,8023,1404/09/23,سند عمومي با شماره 8023 ذخيره شد
,شركت قدرت ايمان كوير(سهامي خاص),1405,كاظميان3,1405/04/06,10:37:34,موجوديت جديد,خزانه داري,سند خزانه داري,2383,1404/07/23,سند صورت هزينه تنخواه با شماره 2383 ذخيره شد
,شركت قدرت ايمان كوير(سهامي خاص),1404,جوانمرد3,1405/04/06,10:37:27,موجوديت جديد,خزانه داري,سند خزانه داري,2382,1404/09/23,سند صورت هزينه تنخواه با شماره 2382 ذخيره شد
,شركت كيهان راه شرق (سهامي خاص),1405,عبدپور_طرق,1405/04/06,10:36:47,موجوديت جديد,انبار,سند انبار,2594,1405/03/12,سند حواله مصرف  با شماره 2594 ثبت شد
,شركت دنا بنيان بيرجند (سهامي خاص),1405,پوريامومني2,1405/04/06,10:36:12,موجوديت جديد,حسابداري,سند حسابداري,1061,1405/04/01,سند عمومي با شماره ثابت 1061 ذخيره شد
,شركت قدرت ايمان كوير(سهامي خاص),1404,جعفري3,1405/04/06,10:36:00,موجوديت جديد,خزانه داري,سند حسابداري,8022,1404/09/10,سند عمومي با شماره 8022 ذخيره شد
,شركت قدرت ايمان كوير(سهامي خاص),1405,كاظميان3,1405/04/06,10:35:39,موجوديت جديد,خزانه داري,سند حسابداري,8021,1404/07/22,سند عمومي با شماره 8021 ذخيره شد
,شركت قدرت ايمان كوير(سهامي خاص),1404,جوانمرد3,1405/04/06,10:35:35,موجوديت جديد,خزانه داري,سند حسابداري,8020,1404/09/23,سند عمومي با شماره 8020 ذخيره شد
,شركت قدرت ايمان كوير(سهامي خاص),1404,جعفري3,1405/04/06,10:35:35,موجوديت جديد,خزانه داري,سند خزانه داري,2381,1404/09/10,سند صورت هزينه تنخواه با شماره 2381 ذخيره شد
,شركت قدرت ايمان كوير(سهامي خاص),1404,جوانمرد3,1405/04/06,10:35:19,موجوديت جديد,خزانه داري,سند خزانه داري,2380,1404/09/23,سند صورت هزينه تنخواه با شماره 2380 ذخيره شد
,شركت قدرت ايمان كوير(سهامي خاص),1405,كاظميان3,1405/04/06,10:35:14,موجوديت جديد,خزانه داري,سند خزانه داري,2379,1404/07/22,سند صورت هزينه تنخواه با شماره 2379 ذخيره شد
,شركت كيهان راه شرق (سهامي خاص),1405,عبدپور_طرق,1405/04/06,10:34:33, ويرايش موجوديت,انبار,سند انبار,191,1405/02/15,سند رسيد ضايعات و كالاهاي تعميري با شماره 191 ثبت شد
,شركت كيهان راه شرق (سهامي خاص),1404,جلالي1,1405/04/06,10:34:25,موجوديت جديد,حسابداري,سند حسابداري,2671,1405/03/16,سند عمومي با شماره ثابت 2671 ذخيره شد
,شركت كيهان راه شرق (سهامي خاص),1405,عبد1,1405/04/06,10:34:21,ورود موفق,,نشست,,,
,شركت كيهان راه شرق (سهامي خاص),1405,عبدپور_طرق,1405/04/06,10:34:14,موجوديت جديد,انبار,سند انبار,191,1405/04/06,سند رسيد ضايعات و كالاهاي تعميري با شماره 191 ثبت شد
,شركت كيهان راه شرق (سهامي خاص),1405,غلامي1,1405/04/06,10:33:24,موجوديت جديد,حسابداري,سند حسابداري,2670,1405/03/31,سند عمومي با شماره ثابت 2670 ذخيره شد
,شركت كيهان راه شرق (سهامي خاص),1405,كريمزاده1,1405/04/06,10:33:13,موجوديت جديد,انبار,سند انبار,2593,1405/03/18,سند حواله مصرف  با شماره 2593 ثبت شد
,شركت كيهان راه شرق (سهامي خاص),1405,شهنواز1,1405/04/06,10:33:08,ورود موفق,,نشست,,,
,شركت كيهان راه شرق (سهامي خاص),1405,علي_اماني1,1405/04/06,10:33:04,موجوديت جديد,انبار,سند انبار,3978,1405/03/25,سند حواله مصرف ماشين آلات با شماره 3978 ثبت شد
,شركت قدرت ايمان كوير(سهامي خاص),1405,كاظميان3,1405/04/06,10:32:36,موجوديت جديد,خزانه داري,سند حسابداري,8019,1404/07/21,سند عمومي با شماره 8019 ذخيره شد
,شركت كيهان راه شرق (سهامي خاص),1404,بهاريان م1,1405/04/06,10:32:32,موجوديت جديد,خزانه داري,سند خزانه داري,480,1405/04/06,سند صورت هزينه تنخواه با شماره 480 ذخيره شد
,شركت كيهان راه شرق (سهامي خاص),1405,عليزاده,1405/04/06,10:32:30, ويرايش موجوديت,انبار,سند انبار,5959,1405/04/02,سند درخواست كالا از انبار با شماره 5959 ثبت شد
,شركت قدرت ايمان كوير(سهامي خاص),1404,جوانمرد3,1405/04/06,10:32:25,موجوديت جديد,خزانه داري,سند حسابداري,8018,1404/09/24,سند عمومي با شماره 8018 ذخيره شد
,رايان سازه آذرخش,1405,آقاحاجي9,1405/04/06,10:32:22,ورود موفق,,نشست,,,
,شركت قدرت ايمان كوير(سهامي خاص),1405,كاظميان3,1405/04/06,10:32:12,موجوديت جديد,خزانه داري,سند خزانه داري,2378,1404/07/21,سند صورت هزينه تنخواه با شماره 2378 ذخيره شد
,شركت قدرت ايمان كوير(سهامي خاص),1404,جوانمرد3,1405/04/06,10:32:11,موجوديت جديد,خزانه داري,سند خزانه داري,2377,1404/09/24,سند صورت هزينه تنخواه با شماره 2377 ذخيره شد
,تفتان ره ساز پارس,1405,فرزانه15,1405/04/06,10:31:57,موجوديت جديد,خزانه داري,سند خزانه داري,53,1405/04/01,سند اعلاميه واريز ريالي با شماره 53 ذخيره شد
,شركت كيهان راه شرق (سهامي خاص),1405,ميرزايي,1405/04/06,10:31:42, ويرايش موجوديت,انبار,سند انبار,2399,1405/01/30,سند رسيد خريد  با شماره 2399 ثبت شد
,شركت قدرت ايمان كوير(سهامي خاص),1405,محدثه_قاسمي3,1405/04/06,10:31:24,موجوديت جديد,خزانه داري,سند حسابداري,1014,1405/03/31,سند عمومي با شماره 1014 ذخيره شد
,شركت قدرت ايمان كوير(سهامي خاص),1405,محدثه_قاسمي3,1405/04/06,10:31:15, ويرايش موجوديت,خزانه داري,سند خزانه داري,103,1405/03/31,سند اعلاميه واريز ريالي با شماره 103 ذخيره شد
,شركت قدرت ايمان كوير(سهامي خاص),1405,محدثه_قاسمي3,1405/04/06,10:31:06,موجوديت جديد,خزانه داري,سند خزانه داري,103,1405/03/31,سند اعلاميه واريز ريالي با شماره 103 ذخيره شد
,شركت كيهان راه شرق (سهامي خاص),1405,عليزاده,1405/04/06,10:30:34, ويرايش موجوديت,انبار,سند انبار,5959,1405/04/02,سند درخواست كالا از انبار با شماره 5959 ثبت شد
,شركت كيهان راه شرق (سهامي خاص),1405,مروي,1405/04/06,10:30:15,موجوديت جديد,انبار,سند انبار,6038,1405/04/06,سند درخواست كالا از انبار با شماره 6038 ثبت شد
,شركت كيهان راه شرق (سهامي خاص),1405,علايي,1405/04/06,10:30:13, ويرايش موجوديت,انبار,سند انبار,4702,1405/03/17,سند درخواست كالا از انبار با شماره 4702 ثبت شد
,شركت قدرت ايمان كوير(سهامي خاص),1404,جوانمرد3,1405/04/06,10:30:11,موجوديت جديد,خزانه داري,سند حسابداري,8017,1404/09/26,سند عمومي با شماره 8017 ذخيره شد
,شركت قدرت ايمان كوير(سهامي خاص),1404,جوانمرد3,1405/04/06,10:29:58,موجوديت جديد,خزانه داري,سند خزانه داري,2376,1404/09/26,سند صورت هزينه تنخواه با شماره 2376 ذخيره شد
,شركت قدرت ايمان كوير(سهامي خاص),1404,جعفري3,1405/04/06,10:29:50,موجوديت جديد,خزانه داري,سند حسابداري,8016,1404/09/11,سند عمومي با شماره 8016 ذخيره شد
,شركت كيهان راه شرق (سهامي خاص),1405,بهرامي1بيرجند,1405/04/06,10:29:38,موجوديت جديد,انبار,سند انبار,1472,1405/04/06,سند رسيد انتقال بين انبار با شماره 1472 ثبت شد
,شركت قدرت ايمان كوير(سهامي خاص),1404,جعفري3,1405/04/06,10:29:27,موجوديت جديد,خزانه داري,سند خزانه داري,2375,1404/09/11,سند صورت هزينه تنخواه با شماره 2375 ذخيره شد
,شعبه ششم,1405,آقاحاجي6,1405/04/06,10:29:03,موجوديت جديد,حسابداري,سند حسابداري,127,1405/04/06,سند عمومي با شماره ثابت 127 ذخيره شد
,شركت كيهان راه شرق (سهامي خاص),1405,سپهريان1,1405/04/06,10:29:01,ورود موفق,,نشست,,,
,شركت كيهان راه شرق (سهامي خاص),1405,بهرامي1بيرجند,1405/04/06,10:28:30,موجوديت جديد,انبار,سند انبار,1471,1405/04/06,سند رسيد انتقال بين انبار با شماره 1471 ثبت شد
,صولت پارس آمود,1405,سپهريان,1405/04/06,10:28:27,ورود موفق,,نشست,,,
,شركت كيهان راه شرق (سهامي خاص),1405,محمد رضايي,1405/04/06,10:28:05, ويرايش موجوديت,انبار,سند انبار,4,1405/01/01,سند موجودي ابتداي دوره با شماره 4 ثبت شد
,شركت كيهان راه شرق (سهامي خاص),1405,محمدحداد,1405/04/06,10:28:03, ويرايش موجوديت,انبار,سند انبار,5928,1405/04/01,سند درخواست كالا از انبار با شماره 5928 ثبت شد
,شركت كيهان راه شرق (سهامي خاص),1404,برهان,1405/04/06,10:27:54, ويرايش موجوديت,خزانه داري,سند حسابداري,1557,1405/03/05,سند عمومي با شماره 1557 ذخيره شد
,شركت كيهان راه شرق (سهامي خاص),1405,سجادزنگويي1,1405/04/06,10:27:45,موجوديت جديد,انبار,سند انبار,43703,1404/12/25,سند رسيد خريد  با شماره 43703 ثبت شد
,شركت كيهان راه شرق (سهامي خاص),1405,ابوالفضل_سابقي1,1405/04/06,10:27:28, ويرايش موجوديت,انبار,سند انبار,6452,1405/03/12,سند رسيد خريد  با شماره 6452 ثبت شد
,شركت كيهان راه شرق (سهامي خاص),1404,برهان,1405/04/06,10:27:27, ويرايش موجوديت,خزانه داري,سند حسابداري,1557,1405/03/05,سند عمومي با شماره 1557 برگشت از تاييد شد
,شركت قدرت ايمان كوير(سهامي خاص),1404,جوانمرد3,1405/04/06,10:27:08,موجوديت جديد,خزانه داري,سند حسابداري,8015,1404/09/30,سند عمومي با شماره 8015 ذخيره شد
,شركت قدرت ايمان كوير(سهامي خاص),1404,جعفري3,1405/04/06,10:27:00,موجوديت جديد,خزانه داري,سند حسابداري,8014,1404/09/12,سند عمومي با شماره 8014 ذخيره شد
,شركت قدرت ايمان كوير(سهامي خاص),1404,جوانمرد3,1405/04/06,10:26:57,موجوديت جديد,خزانه داري,سند خزانه داري,2374,1404/09/30,سند صورت هزينه تنخواه با شماره 2374 ذخيره شد
,شركت قدرت ايمان كوير(سهامي خاص),1405,كاظميان3,1405/04/06,10:26:22,موجوديت جديد,خزانه داري,سند حسابداري,8013,1404/07/20,سند عمومي با شماره 8013 ذخيره شد
,شركت قدرت ايمان كوير(سهامي خاص),1404,جعفري3,1405/04/06,10:26:03,موجوديت جديد,خزانه داري,سند خزانه داري,2373,1404/09/12,سند صورت هزينه تنخواه با شماره 2373 ذخيره شد
,شركت قدرت ايمان كوير(سهامي خاص),1405,كاظميان3,1405/04/06,10:25:54,موجوديت جديد,خزانه داري,سند خزانه داري,2372,1404/07/20,سند صورت هزينه تنخواه با شماره 2372 ذخيره شد
,شركت كيهان راه شرق (سهامي خاص),1405,عليزاده,1405/04/06,10:25:52, ويرايش موجوديت,انبار,سند انبار,6034,1405/04/06,سند درخواست كالا از انبار با شماره 6034 ثبت شد
,شركت كيهان راه شرق (سهامي خاص),1405,محمدحداد,1405/04/06,10:25:35,موجوديت جديد,انبار,سند انبار,4708,1405/04/06,سند تاييد درخواست كالا با شماره 4708 ثبت شد
,شركت كيهان راه شرق (سهامي خاص),1405,محمدحداد,1405/04/06,10:25:25, ويرايش موجوديت,انبار,سند انبار,6016,1405/04/06,سند درخواست كالا از انبار با شماره 6016 ثبت شد
,شركت كيهان راه شرق (سهامي خاص),1405,كريمزاده1,1405/04/06,10:25:06,موجوديت جديد,انبار,سند انبار,6037,1405/04/06,سند درخواست كالا از انبار با شماره 6037 ثبت شد
,شركت قدرت ايمان كوير(سهامي خاص),1404,جوانمرد3,1405/04/06,10:25:01,موجوديت جديد,خزانه داري,سند حسابداري,8012,1404/10/01,سند عمومي با شماره 8012 ذخيره شد
,شعبه ششم,1405,آقاحاجي6,1405/04/06,10:24:56,ورود موفق,,نشست,,,
,شركت قدرت ايمان كوير(سهامي خاص),1404,جوانمرد3,1405/04/06,10:24:47,موجوديت جديد,خزانه داري,سند خزانه داري,2371,1404/10/01,سند صورت هزينه تنخواه با شماره 2371 ذخيره شد
,شركت كيهان راه شرق (سهامي خاص),1405,مجتبي سابقي1,1405/04/06,10:24:22, ويرايش موجوديت,انبار,سند انبار,8095,1405/03/14,سند رسيد خريد  با شماره 8095 ثبت شد
,شركت كيهان راه شرق (سهامي خاص),1405,مجتبي سابقي1,1405/04/06,10:24:15,موجوديت جديد,انبار,سند انبار,8095,1405/03/14,سند رسيد خريد  با شماره 8095 ثبت شد
,شركت قدرت ايمان كوير(سهامي خاص),1405,محدثه_قاسمي3,1405/04/06,10:23:25,ورود موفق,,نشست,,,
,شركت كيهان راه شرق (سهامي خاص),1404,اميررضارحيمي1,1405/04/06,10:23:24, ويرايش موجوديت,حسابداري,سند حسابداري,1057,1404/02/21,سند عمومي با شماره 1057 تاييد شد
,شركت كيهان راه شرق (سهامي خاص),1405,ميرزايي,1405/04/06,10:23:21, ويرايش موجوديت,انبار,سند انبار,6616,1405/02/20,سند رسيد خريد  با شماره 6616 ثبت شد
,شركت قدرت ايمان كوير(سهامي خاص),1404,جوانمرد3,1405/04/06,10:23:08,موجوديت جديد,خزانه داري,سند حسابداري,8011,1404/10/01,سند عمومي با شماره 8011 ذخيره شد
,شركت قدرت ايمان كوير(سهامي خاص),1405,شاهروديان3,1405/04/06,10:22:59, ويرايش موجوديت,خزانه داري,سند حسابداري,7948,1404/10/29,سند عمومي با شماره 7948 تاييد شد
,شركت قدرت ايمان كوير(سهامي خاص),1404,جوانمرد3,1405/04/06,10:22:55,موجوديت جديد,خزانه داري,سند خزانه داري,2370,1404/10/01,سند صورت هزينه تنخواه با شماره 2370 ذخيره شد
,شركت كيهان راه شرق (سهامي خاص),1405,اكبري1,1405/04/06,10:22:54,موجوديت جديد,حسابداري,سند حسابداري,2669,1405/03/31,سند عمومي با شماره ثابت 2669 ذخيره شد
,شركت قدرت ايمان كوير(سهامي خاص),1405,شاهروديان3,1405/04/06,10:22:50, ويرايش موجوديت,خزانه داري,سند حسابداري,7950,1404/10/28,سند عمومي با شماره 7950 تاييد شد
,شركت بنا بام بيستون (سهامي خاص),1405,محدثه_قاسمي4,1405/04/06,10:22:37,ورود موفق,,نشست,,,
,شركت قدرت ايمان كوير(سهامي خاص),1405,شاهروديان3,1405/04/06,10:22:28, ويرايش موجوديت,خزانه داري,سند حسابداري,7951,1404/10/28,سند عمومي با شماره 7951 تاييد شد
,شركت قدرت ايمان كوير(سهامي خاص),1405,شاهروديان3,1405/04/06,10:22:14, ويرايش موجوديت,خزانه داري,سند حسابداري,7952,1404/10/28,سند عمومي با شماره 7952 تاييد شد
,شركت قدرت ايمان كوير(سهامي خاص),1405,شاهروديان3,1405/04/06,10:21:51, ويرايش موجوديت,خزانه داري,سند حسابداري,7955,1404/10/27,سند عمومي با شماره 7955 تاييد شد
,شركت كيهان راه شرق (سهامي خاص),1405,ميرزايي,1405/04/06,10:21:45, ويرايش موجوديت,انبار,سند انبار,6601,1405/03/10,سند رسيد خريد  با شماره 6601 ثبت شد
,شركت كيهان راه شرق (سهامي خاص),1404,اميررضارحيمي1,1405/04/06,10:21:38, ويرايش موجوديت,حسابداري,سند حسابداري,1057,1404/02/21,سند عمومي با شماره ثابت 1057 ذخيره شد
,شركت قدرت ايمان كوير(سهامي خاص),1404,جوانمرد3,1405/04/06,10:21:22,موجوديت جديد,خزانه داري,سند حسابداري,8010,1404/10/01,سند عمومي با شماره 8010 ذخيره شد
,شركت قدرت ايمان كوير(سهامي خاص),1404,جوانمرد3,1405/04/06,10:20:58,موجوديت جديد,خزانه داري,سند خزانه داري,2369,1404/10/01,سند صورت هزينه تنخواه با شماره 2369 ذخيره شد
,شركت قدرت ايمان كوير(سهامي خاص),1405,شاهروديان3,1405/04/06,10:20:57, ويرايش موجوديت,خزانه داري,سند حسابداري,7956,1404/10/27,سند عمومي با شماره 7956 تاييد شد
,شركت قدرت ايمان كوير(سهامي خاص),1405,شاهروديان3,1405/04/06,10:20:32, ويرايش موجوديت,خزانه داري,سند حسابداري,7957,1404/10/27,سند عمومي با شماره 7957 تاييد شد
,شركت قدرت ايمان كوير(سهامي خاص),1405,شاهروديان3,1405/04/06,10:20:09, ويرايش موجوديت,خزانه داري,سند حسابداري,7959,1404/10/26,سند عمومي با شماره 7959 تاييد شد
,ساختار بناي هونام,1405,آقاحاجي17,1405/04/06,10:19:53,موجوديت جديد,حسابداري,سند حسابداري,73,1405/03/26,سند عمومي با شماره ثابت 73 ذخيره شد
,شركت كيهان راه شرق (سهامي خاص),1405,فرامرزسليماني,1405/04/06,10:19:51, ويرايش موجوديت,انبار,سند انبار,4707,1405/04/06,سند تاييد درخواست كالا با شماره 4707 ثبت شد
,شركت قدرت ايمان كوير(سهامي خاص),1405,شاهروديان3,1405/04/06,10:19:34, ويرايش موجوديت,خزانه داري,سند حسابداري,7961,1404/10/26,سند عمومي با شماره 7961 تاييد شد
,شركت قدرت ايمان كوير(سهامي خاص),1405,شاهروديان3,1405/04/06,10:19:14, ويرايش موجوديت,خزانه داري,سند حسابداري,7962,1404/10/25,سند عمومي با شماره 7962 تاييد شد
,شركت قدرت ايمان كوير(سهامي خاص),1405,كاظميان3,1405/04/06,10:18:48, ويرايش موجوديت,خزانه داري,سند حسابداري,7917,1404/07/16,سند عمومي با شماره 7917 ذخيره شد
,شركت كيهان راه شرق (سهامي خاص),1405,فرامرزسليماني,1405/04/06,10:18:47,موجوديت جديد,انبار,سند انبار,4707,1405/04/06,سند تاييد درخواست كالا با شماره 4707 ثبت شد
,شركت قدرت ايمان كوير(سهامي خاص),1405,شاهروديان3,1405/04/06,10:18:40, ويرايش موجوديت,خزانه داري,سند حسابداري,7964,1404/10/22,سند عمومي با شماره 7964 تاييد شد
,شركت قدرت ايمان كوير(سهامي خاص),1405,شاهروديان3,1405/04/06,10:18:17, ويرايش موجوديت,خزانه داري,سند حسابداري,7966,1404/10/21,سند عمومي با شماره 7966 تاييد شد
,شركت كيهان راه شرق (سهامي خاص),1405,ابوالفضل_سابقي1,1405/04/06,10:17:52, ويرايش موجوديت,انبار,سند انبار,6458,1405/02/15,سند رسيد خريد  با شماره 6458 ثبت شد
,شركت قدرت ايمان كوير(سهامي خاص),1405,شاهروديان3,1405/04/06,10:17:48, ويرايش موجوديت,خزانه داري,سند حسابداري,7970,1404/10/21,سند عمومي با شماره 7970 تاييد شد
,شركت كيهان راه شرق (سهامي خاص),1405,ابوالفضل_سابقي1,1405/04/06,10:17:44, ويرايش موجوديت,انبار,سند انبار,2592,1405/02/15,سند حواله مصرف  با شماره 2592 ثبت شد
,شركت دنا بنيان بيرجند (سهامي خاص),1405,فاطمي2,1405/04/06,10:17:35,ورود موفق,,نشست,,,
,شركت قدرت ايمان كوير(سهامي خاص),1404,جعفري3,1405/04/06,10:17:28,موجوديت جديد,خزانه داري,سند حسابداري,8009,1404/09/12,سند عمومي با شماره 8009 ذخيره شد
,شركت قدرت ايمان كوير(سهامي خاص),1404,جعفري3,1405/04/06,10:17:04,موجوديت جديد,خزانه داري,سند خزانه داري,2368,1404/09/12,سند صورت هزينه تنخواه با شماره 2368 ذخيره شد
,شركت دنا بنيان بيرجند (سهامي خاص),1405,پوريامومني2,1405/04/06,10:17:03,ورود موفق,,نشست,,,
,شركت كيهان راه شرق (سهامي خاص),1405,فرامرزسليماني,1405/04/06,10:16:24, ويرايش موجوديت,انبار,سند انبار,5988,1405/04/03,سند درخواست كالا از انبار با شماره 5988 ثبت شد
,شركت كيهان راه شرق (سهامي خاص),1405,عبدپور_طرق,1405/04/06,10:16:22,موجوديت جديد,انبار,سند انبار,2592,1405/02/15,سند حواله مصرف  با شماره 2592 ثبت شد
,شركت قدرت ايمان كوير(سهامي خاص),1404,جوانمرد3,1405/04/06,10:16:20,موجوديت جديد,خزانه داري,سند حسابداري,8008,1404/10/01,سند عمومي با شماره 8008 ذخيره شد
,شركت قدرت ايمان كوير(سهامي خاص),1404,جوانمرد3,1405/04/06,10:16:05,موجوديت جديد,خزانه داري,سند خزانه داري,2367,1404/10/01,سند صورت هزينه تنخواه با شماره 2367 ذخيره شد
,شركت قدرت ايمان كوير(سهامي خاص),1405,شاهروديان3,1405/04/06,10:15:59, ويرايش موجوديت,خزانه داري,سند حسابداري,7971,1404/10/21,سند عمومي با شماره 7971 تاييد شد
,شركت كيهان راه شرق (سهامي خاص),1405,پوريامومني1,1405/04/06,10:15:32,ورود موفق,,نشست,,,
,شركت كيهان راه شرق (سهامي خاص),1405,فرامرزسليماني,1405/04/06,10:15:30, ويرايش موجوديت,انبار,سند انبار,5988,1405/04/03,سند درخواست كالا از انبار با شماره 5988 ثبت شد
,شركت كيهان راه شرق (سهامي خاص),1405,محمدمختاري,1405/04/06,10:15:23, ويرايش موجوديت,انبار,سند انبار,4699,1405/03/17,سند درخواست كالا از انبار با شماره 4699 ثبت شد
,شركت قدرت ايمان كوير(سهامي خاص),1405,كاظميان3,1405/04/06,10:15:16,موجوديت جديد,خزانه داري,سند حسابداري,8007,1404/07/20,سند عمومي با شماره 8007 ذخيره شد
,شركت كيهان راه شرق (سهامي خاص),1405,كارآموز,1405/04/06,10:15:11,ورود موفق,,نشست,,,
,,,كارآموز1,1405/04/06,10:15:03,ورود ناموفق (عدم صحت نام کاربر يا کلمه عبور),,نشست,,,
,شركت قدرت ايمان كوير(سهامي خاص),1405,كاظميان3,1405/04/06,10:14:54,موجوديت جديد,خزانه داري,سند خزانه داري,2366,1404/07/20,سند صورت هزينه تنخواه با شماره 2366 ذخيره شد
,شركت قدرت ايمان كوير(سهامي خاص),1404,جوانمرد3,1405/04/06,10:14:16,موجوديت جديد,خزانه داري,سند حسابداري,8006,1404/10/02,سند عمومي با شماره 8006 ذخيره شد
,شركت قدرت ايمان كوير(سهامي خاص),1404,جوانمرد3,1405/04/06,10:14:02,موجوديت جديد,خزانه داري,سند خزانه داري,2365,1404/10/02,سند صورت هزينه تنخواه با شماره 2365 ذخيره شد
,ساختار بناي هونام,1405,آقاحاجي17,1405/04/06,10:13:29,ورود موفق,,نشست,,,
,شركت كيهان راه شرق (سهامي خاص),1405,مجتبي سابقي1,1405/04/06,10:13:02, ويرايش موجوديت,انبار,سند انبار,2302,1405/03/06,سند رسيد خريد  با شماره 2302 ثبت شد
,شركت كيهان راه شرق (سهامي خاص),1405,هرمزي2,1405/04/06,10:12:40,ورود موفق,,نشست,,,
,شركت كيهان راه شرق (سهامي خاص),1405,غلامي1,1405/04/06,10:12:36,موجوديت جديد,حسابداري,سند حسابداري,2668,1405/03/31,سند عمومي با شماره ثابت 2668 ذخيره شد
,شركت كيهان راه شرق (سهامي خاص),1405,مجتبي سابقي1,1405/04/06,10:12:24, ويرايش موجوديت,انبار,سند انبار,2302,1405/03/06,سند رسيد خريد  با شماره 2302 ثبت شد
,شركت قدرت ايمان كوير(سهامي خاص),1404,جوانمرد3,1405/04/06,10:12:06,موجوديت جديد,خزانه داري,سند حسابداري,8005,1404/10/17,سند عمومي با شماره 8005 ذخيره شد
,شركت كيهان راه شرق (سهامي خاص),1404,جلالي1,1405/04/06,10:11:57,موجوديت جديد,حسابداري,سند حسابداري,2667,1405/03/09,سند عمومي با شماره ثابت 2667 ذخيره شد
,شركت قدرت ايمان كوير(سهامي خاص),1404,جوانمرد3,1405/04/06,10:11:55,موجوديت جديد,خزانه داري,سند خزانه داري,2364,1404/10/17,سند صورت هزينه تنخواه با شماره 2364 ذخيره شد
,شركت كيهان راه شرق (سهامي خاص),1405,عليرضاسالاري,1405/04/06,10:11:38, ويرايش موجوديت,انبار,سند انبار,6020,1405/04/06,سند درخواست كالا از انبار با شماره 6020 ثبت شد
,شركت قدرت ايمان كوير(سهامي خاص),1404,جعفري3,1405/04/06,10:11:36,موجوديت جديد,خزانه داري,سند حسابداري,8004,1404/09/13,سند عمومي با شماره 8004 ذخيره شد
,شركت كيهان راه شرق (سهامي خاص),1405,محمد رضايي,1405/04/06,10:11:36, ويرايش موجوديت,انبار,سند انبار,4,1405/01/01,سند موجودي ابتداي دوره با شماره 4 ثبت شد
,شركت كيهان راه شرق (سهامي خاص),1405,پاشايي,1405/04/06,10:11:25, ويرايش موجوديت,انبار,سند انبار,8091,1405/03/07,سند رسيد خريد  با شماره 8091 ثبت شد
,شركت كيهان راه شرق (سهامي خاص),1405,فاطمي1,1405/04/06,10:11:24, ويرايش موجوديت,خزانه داري,سند حسابداري,2655,1405/04/02,سند عمومي با شماره 2655 تاييد شد
,شركت كيهان راه شرق (سهامي خاص),1405,پاشايي,1405/04/06,10:11:18, ويرايش موجوديت,انبار,سند انبار,1695,1405/03/07,سند حواله انتقال بين انبار با شماره 1695 ثبت شد
,شركت كيهان راه شرق (سهامي خاص),1405,زبرجدي2,1405/04/06,10:11:04,موجوديت جديد,انبار,سند انبار,3977,1405/04/06,سند حواله مصرف ماشين آلات با شماره 3977 ثبت شد
,شركت كيهان راه شرق (سهامي خاص),1405,ميرزايي,1405/04/06,10:10:58,ورود موفق,,نشست,,,
,شركت قدرت ايمان كوير(سهامي خاص),1404,جعفري3,1405/04/06,10:10:52,موجوديت جديد,خزانه داري,سند خزانه داري,2363,1404/09/13,سند صورت هزينه تنخواه با شماره 2363 ذخيره شد
,شركت كيهان راه شرق (سهامي خاص),1405,پاشايي,1405/04/06,10:10:44, ويرايش موجوديت,انبار,سند انبار,1695,1405/03/07,سند حواله انتقال بين انبار با شماره 1695 ثبت شد
,شركت قدرت ايمان كوير(سهامي خاص),1404,جوانمرد3,1405/04/06,10:10:03,موجوديت جديد,خزانه داري,سند حسابداري,8003,1404/10/02,سند عمومي با شماره 8003 ذخيره شد
,شركت قدرت ايمان كوير(سهامي خاص),1404,جوانمرد3,1405/04/06,10:09:50,موجوديت جديد,خزانه داري,سند خزانه داري,2362,1404/10/02,سند صورت هزينه تنخواه با شماره 2362 ذخيره شد
,شركت كيهان راه شرق (سهامي خاص),1405,اكبري1,1405/04/06,10:09:29,موجوديت جديد,حسابداري,سند حسابداري,2666,1405/02/31,سند عمومي با شماره ثابت 2666 ذخيره شد
,شركت كيهان راه شرق (سهامي خاص),1405,پاشايي,1405/04/06,10:09:28, ويرايش موجوديت,انبار,سند انبار,1695,1405/03/07,سند حواله انتقال بين انبار با شماره 1695 ثبت شد
,شركت كيهان راه شرق (سهامي خاص),1405,پاشايي,1405/04/06,10:09:07, ويرايش موجوديت,انبار,سند انبار,8091,1405/03/07,سند رسيد خريد  با شماره 8091 ثبت شد
,شركت كيهان راه شرق (سهامي خاص),1405,عليزاده,1405/04/06,10:08:54, ويرايش موجوديت,انبار,سند انبار,5921,1405/04/01,سند درخواست كالا از انبار با شماره 5921 ثبت شد
,شركت كيهان راه شرق (سهامي خاص),1405,پاشايي,1405/04/06,10:08:39, ويرايش موجوديت,انبار,سند انبار,1695,1405/03/07,سند حواله انتقال بين انبار با شماره 1695 ثبت شد
,شركت كيهان راه شرق (سهامي خاص),1405,عليرضاسالاري,1405/04/06,10:08:35, ويرايش موجوديت,انبار,سند انبار,6035,1405/04/06,سند درخواست كالا از انبار با شماره 6035 ثبت شد
,شركت كيهان راه شرق (سهامي خاص),1405,مجتبي سابقي1,1405/04/06,10:08:02, ويرايش موجوديت,انبار,سند انبار,8093,1405/02/02,سند رسيد خريد  با شماره 8093 ثبت شد
,شركت كيهان راه شرق (سهامي خاص),1405,عليرضاسالاري,1405/04/06,10:08:00, ويرايش موجوديت,انبار,سند انبار,6035,1405/04/06,سند درخواست كالا از انبار با شماره 6035 ثبت شد
,شركت كيهان راه شرق (سهامي خاص),1405,عليزاده,1405/04/06,10:07:43, ويرايش موجوديت,انبار,سند انبار,5921,1405/04/01,سند درخواست كالا از انبار با شماره 5921 ثبت شد
,شركت كيهان راه شرق (سهامي خاص),1405,پاشايي,1405/04/06,10:07:39, ويرايش موجوديت,انبار,سند انبار,8091,1405/03/07,سند رسيد خريد  با شماره 8091 ثبت شد
,شركت كيهان راه شرق (سهامي خاص),1405,عليرضاسالاري,1405/04/06,10:07:30, ويرايش موجوديت,انبار,سند انبار,6035,1405/04/06,سند درخواست كالا از انبار با شماره 6035 ثبت شد
,كيهان ريل تهران,1405,الاجگردي19,1405/04/06,10:07:28, ويرايش موجوديت,حسابداري,سند حسابداري,71,1405/02/09,سند عمومي با شماره ثابت 71 ذخيره شد
,شركت كيهان راه شرق (سهامي خاص),1405,عليزاده,1405/04/06,10:07:23,موجوديت جديد,انبار,سند انبار,4706,1405/04/06,سند تاييد درخواست كالا با شماره 4706 ثبت شد
,شركت كيهان راه شرق (سهامي خاص),1405,سجادزنگويي1,1405/04/06,10:07:10, ويرايش موجوديت,انبار,سند انبار,8094,1405/03/05,سند رسيد خريد  با شماره 8094 ثبت شد
,شركت كيهان راه شرق (سهامي خاص),1405,محدثه_قاسمي1,1405/04/06,10:07:07,موجوديت جديد,خزانه داري,سند حسابداري,2665,1405/03/31,سند عمومي با شماره 2665 ذخيره شد
,تفتان ره ساز پارس,1405,فرزانه15,1405/04/06,10:07:06,موجوديت جديد,خزانه داري,سند حسابداري,427,1405/04/02,سند عمومي با شماره 427 ذخيره شد
,شركت كيهان راه شرق (سهامي خاص),1405,محدثه_قاسمي1,1405/04/06,10:06:51,موجوديت جديد,خزانه داري,سند خزانه داري,174,1405/03/31,سند اعلاميه واريز ريالي با شماره 174 ذخيره شد
,شركت بنا بام بيستون (سهامي خاص),1405,آقاحاجي4,1405/04/06,10:06:50,موجوديت جديد,حسابداري,سند حسابداري,479,1405/03/26,سند عمومي با شماره ثابت 479 ذخيره شد
,شركت كيهان راه شرق (سهامي خاص),1405,مجتبي سابقي1,1405/04/06,10:06:49, ويرايش موجوديت,انبار,سند انبار,8093,1405/02/02,سند رسيد خريد  با شماره 8093 ثبت شد
,شركت كيهان راه شرق (سهامي خاص),1405,غلامي1,1405/04/06,10:06:41,ورود موفق,,نشست,,,
,كيهان ريل تهران,1405,الاجگردي19,1405/04/06,10:06:38,ورود موفق,,نشست,,,
,شركت كيهان راه شرق (سهامي خاص),1405,ميرزايي,1405/04/06,10:06:31, ويرايش موجوديت,انبار,سند انبار,5129,1405/02/16,سند رسيد خريد  با شماره 5129 ثبت شد
,شركت كيهان راه شرق (سهامي خاص),1405,عليرضاسالاري,1405/04/06,10:06:29, ويرايش موجوديت,انبار,سند انبار,6031,1405/04/06,سند درخواست كالا از انبار با شماره 6031 ثبت شد
,تفتان ره ساز پارس,1405,فرزانه15,1405/04/06,10:06:20,موجوديت جديد,خزانه داري,سند خزانه داري,52,1405/04/02,سند اعلاميه واريز ريالي با شماره 52 ذخيره شد
,شركت كيهان راه شرق (سهامي خاص),1405,مجتبي سابقي1,1405/04/06,10:06:06, ويرايش موجوديت,انبار,سند انبار,8093,1405/02/02,سند رسيد خريد  با شماره 8093 ثبت شد
,شركت قدرت ايمان كوير(سهامي خاص),1404,جعفري3,1405/04/06,10:06:06,ورود موفق,,نشست,,,
,شركت كيهان راه شرق (سهامي خاص),1404,جلالي1,1405/04/06,10:06:05,موجوديت جديد,حسابداري,سند حسابداري,2664,1405/03/13,سند عمومي با شماره ثابت 2664 ذخيره شد
,شركت كيهان راه شرق (سهامي خاص),1405,سجادزنگويي1,1405/04/06,10:06:04, ويرايش موجوديت,انبار,سند انبار,8094,1405/04/05,سند رسيد خريد  با شماره 8094 ثبت شد
,شركت كيهان راه شرق (سهامي خاص),1405,ميرزايي,1405/04/06,10:05:59, ويرايش موجوديت,انبار,سند انبار,5129,1405/02/16,سند رسيد خريد  با شماره 5129 ثبت شد
,شركت كيهان راه شرق (سهامي خاص),1405,محمدمختاري,1405/04/06,10:05:38, ويرايش موجوديت,انبار,سند انبار,4699,1405/03/17,سند درخواست كالا از انبار با شماره 4699 ثبت شد
,شركت كيهان راه شرق (سهامي خاص),1405,عليزاده,1405/04/06,10:05:37, ويرايش موجوديت,انبار,سند انبار,5936,1405/04/01,سند درخواست كالا از انبار با شماره 5936 ثبت شد
,شركت كيهان راه شرق (سهامي خاص),1405,سجادزنگويي1,1405/04/06,10:05:19,موجوديت جديد,انبار,سند انبار,8094,1405/04/05,سند رسيد خريد  با شماره 8094 ثبت شد
,شركت دنا بنيان بيرجند (سهامي خاص),1405,غلامي2,1405/04/06,10:05:14,موجوديت جديد,حسابداري,سند حسابداري,1060,1405/04/01,سند عمومي با شماره ثابت 1060 ذخيره شد
,شركت كيهان راه شرق (سهامي خاص),1405,محدثه_قاسمي1,1405/04/06,10:05:13,ورود موفق,,نشست,,,
,شركت كيهان راه شرق (سهامي خاص),1405,مجتبي سابقي1,1405/04/06,10:04:53,موجوديت جديد,انبار,سند انبار,8093,1405/02/02,سند رسيد خريد  با شماره 8093 ثبت شد
,شركت كيهان راه شرق (سهامي خاص),1405,عليزاده,1405/04/06,10:04:39,موجوديت جديد,انبار,سند انبار,4705,1405/04/06,سند تاييد درخواست كالا با شماره 4705 ثبت شد
,شركت كيهان راه شرق (سهامي خاص),1405,عليرضاسالاري,1405/04/06,10:04:30, ويرايش موجوديت,انبار,سند انبار,6035,1405/04/06,سند درخواست كالا از انبار با شماره 6035 ثبت شد
,شركت كيهان راه شرق (سهامي خاص),1405,عليزاده,1405/04/06,10:04:28, ويرايش موجوديت,انبار,سند انبار,5950,1405/04/01,سند درخواست كالا از انبار با شماره 5950 ثبت شد
,شركت دنا بنيان بيرجند (سهامي خاص),1405,محدثه_قاسمي2,1405/04/06,10:04:20,موجوديت جديد,خزانه داري,سند حسابداري,1059,1405/03/31,سند عمومي با شماره 1059 ذخيره شد
,شركت دنا بنيان بيرجند (سهامي خاص),1405,محدثه_قاسمي2,1405/04/06,10:04:00,موجوديت جديد,خزانه داري,سند خزانه داري,268,1405/03/31,سند اعلاميه برداشت ريالي با شماره 268 ذخيره شد
,شركت كيهان راه شرق (سهامي خاص),1405,عليزاده,1405/04/06,10:03:59,موجوديت جديد,انبار,سند انبار,4704,1405/04/06,سند تاييد درخواست كالا با شماره 4704 ثبت شد
,شركت كيهان راه شرق (سهامي خاص),1405,عليزاده,1405/04/06,10:03:49, ويرايش موجوديت,انبار,سند انبار,5951,1405/04/01,سند درخواست كالا از انبار با شماره 5951 ثبت شد
,شركت كيهان راه شرق (سهامي خاص),1405,سجادزنگويي1,1405/04/06,10:03:46, ويرايش موجوديت,انبار,سند انبار,8092,1405/02/30,سند رسيد خريد  با شماره 8092 ثبت شد
,شركت كيهان راه شرق (سهامي خاص),1405,ميرزايي,1405/04/06,10:03:42, ويرايش موجوديت,انبار,سند انبار,5230,1405/02/16,سند رسيد خريد  با شماره 5230 ثبت شد
,شركت كيهان راه شرق (سهامي خاص),1405,عليرضاسالاري,1405/04/06,10:03:38, ويرايش موجوديت,انبار,سند انبار,6035,1405/04/06,سند درخواست كالا از انبار با شماره 6035 ثبت شد
,شركت كيهان راه شرق (سهامي خاص),1405,سجادزنگويي1,1405/04/06,10:03:26,موجوديت جديد,انبار,سند انبار,8092,1405/02/30,سند رسيد خريد  با شماره 8092 ثبت شد
,شركت كيهان راه شرق (سهامي خاص),1405,فرامرزسليماني,1405/04/06,10:03:18, ويرايش موجوديت,انبار,سند انبار,5816,1405/03/30,سند درخواست كالا از انبار با شماره 5816 ثبت شد
,شركت كيهان راه شرق (سهامي خاص),1405,فرامرزسليماني,1405/04/06,10:03:06, ويرايش موجوديت,انبار,سند انبار,5816,1405/03/30,سند درخواست كالا از انبار با شماره 5816 ثبت شد
,شركت كيهان راه شرق (سهامي خاص),1405,فرامرزسليماني,1405/04/06,10:03:01, ويرايش موجوديت,انبار,سند انبار,5816,1405/03/30,سند درخواست كالا از انبار با شماره 5816 ثبت شد
,شركت كيهان راه شرق (سهامي خاص),1405,فرامرزسليماني,1405/04/06,10:02:50, ويرايش موجوديت,انبار,سند انبار,5816,1405/03/30,سند درخواست كالا از انبار با شماره 5816 ثبت شد
,شركت كيهان راه شرق (سهامي خاص),1405,ميرزايي,1405/04/06,10:02:28, ويرايش موجوديت,انبار,سند انبار,4783,1405/02/16,سند رسيد خريد  با شماره 4783 ثبت شد
,شركت كيهان راه شرق (سهامي خاص),1404,جعفري1,1405/04/06,10:02:15, ويرايش موجوديت,خزانه داري,سند حسابداري,30030,1404/12/28,سند عمومي با شماره 30030 ذخيره شد
,شركت كيهان راه شرق (سهامي خاص),1404,جعفري1,1405/04/06,10:02:10, ويرايش موجوديت,خزانه داري,سند حسابداري,30030,1404/12/28,سند عمومي با شماره 30030 ذخيره شد
,شركت قدرت ايمان كوير(سهامي خاص),1404,جوانمرد3,1405/04/06,10:02:00,موجوديت جديد,خزانه داري,سند حسابداري,8002,1404/10/02,سند عمومي با شماره 8002 ذخيره شد
,شركت قدرت ايمان كوير(سهامي خاص),1404,جوانمرد3,1405/04/06,10:01:46,موجوديت جديد,خزانه داري,سند خزانه داري,2361,1404/10/02,سند صورت هزينه تنخواه با شماره 2361 ذخيره شد
,شركت كيهان راه شرق (سهامي خاص),1405,عليرضاسالاري,1405/04/06,10:01:36, ويرايش موجوديت,انبار,سند انبار,6028,1405/04/06,سند درخواست كالا از انبار با شماره 6028 ثبت شد
,شركت كيهان راه شرق (سهامي خاص),1405,پاشايي,1405/04/06,10:01:17,موجوديت جديد,انبار,سند انبار,1695,1405/03/07,سند حواله انتقال بين انبار با شماره 1695 ثبت شد
,شركت كيهان راه شرق (سهامي خاص),1405,سيناسليماني,1405/04/06,10:01:12,ورود موفق,,نشست,,,
,شركت كيهان راه شرق (سهامي خاص),1405,ميرزايي,1405/04/06,10:00:31, ويرايش موجوديت,انبار,سند انبار,5131,1405/02/16,سند رسيد خريد  با شماره 5131 ثبت شد
,شركت كيهان راه شرق (سهامي خاص),1405,رحمانيان,1405/04/06,10:00:02, ويرايش موجوديت,انبار,سند انبار,6036,1405/04/06,سند درخواست كالا از انبار با شماره 6036 ثبت شد
,تفتان ره ساز پارس,1405,فرزانه15,1405/04/06,09:59:51,ورود موفق,,نشست,,,
,شركت قدرت ايمان كوير(سهامي خاص),1404,جوانمرد3,1405/04/06,09:59:44,موجوديت جديد,خزانه داري,سند حسابداري,8001,1404/10/02,سند عمومي با شماره 8001 ذخيره شد
,شركت قدرت ايمان كوير(سهامي خاص),1404,جوانمرد3,1405/04/06,09:59:28,موجوديت جديد,خزانه داري,سند خزانه داري,2360,1404/10/02,سند صورت هزينه تنخواه با شماره 2360 ذخيره شد
,شركت كيهان راه شرق (سهامي خاص),1405,قاسمي1,1405/04/06,09:59:01,ورود موفق,,نشست,,,
,شركت دنا بنيان بيرجند (سهامي خاص),1405,محدثه_قاسمي2,1405/04/06,09:58:50,ورود موفق,,نشست,,,
,شركت كيهان راه شرق (سهامي خاص),1404,جلالي1,1405/04/06,09:58:31,موجوديت جديد,حسابداري,سند حسابداري,2663,1405/03/18,سند عمومي با شماره ثابت 2663 ذخيره شد
,شركت كيهان راه شرق (سهامي خاص),1405,عليرضاسالاري,1405/04/06,09:58:13, ويرايش موجوديت,انبار,سند انبار,6028,1405/04/06,سند درخواست كالا از انبار با شماره 6028 ثبت شد
,شركت كيهان راه شرق (سهامي خاص),1405,عليرضاسالاري,1405/04/06,09:58:06, ويرايش موجوديت,انبار,سند انبار,6028,1405/04/06,سند درخواست كالا از انبار با شماره 6028 ثبت شد
,شركت كيهان راه شرق (سهامي خاص),1405,اكبري1,1405/04/06,09:57:54, ويرايش موجوديت,حسابداري,سند حسابداري,2660,1405/01/31,سند عمومي با شماره ثابت 2660 ذخيره شد
,شركت كيهان راه شرق (سهامي خاص),1405,محدثه_قاسمي1,1405/04/06,09:57:43,موجوديت جديد,خزانه داري,سند حسابداري,2662,1405/03/31,سند عمومي با شماره 2662 ذخيره شد
,شركت كيهان راه شرق (سهامي خاص),1405,محدثه_قاسمي1,1405/04/06,09:57:30,موجوديت جديد,خزانه داري,سند خزانه داري,328,1405/03/31,سند اعلاميه برداشت ريالي با شماره 328 ذخيره شد
,شركت كيهان راه شرق (سهامي خاص),1405,يوسفي4خواف,1405/04/06,09:56:15,موجوديت جديد,انبار,سند انبار,6036,1405/04/06,سند درخواست كالا از انبار با شماره 6036 ثبت شد
,شركت كيهان راه شرق (سهامي خاص),1405,جفايي,1405/04/06,09:56:10,ورود موفق,,نشست,,,
,شركت قدرت ايمان كوير(سهامي خاص),1405,شاهروديان3,1405/04/06,09:56:04, ويرايش موجوديت,خزانه داري,سند حسابداري,7972,1404/10/21,سند عمومي با شماره 7972 تاييد شد
,شركت كيهان راه شرق (سهامي خاص),1405,پاشايي,1405/04/06,09:55:58,موجوديت جديد,انبار,سند انبار,8091,1405/03/07,سند رسيد خريد  با شماره 8091 ثبت شد
,شركت قدرت ايمان كوير(سهامي خاص),1405,شاهروديان3,1405/04/06,09:55:36, ويرايش موجوديت,خزانه داري,سند حسابداري,7973,1404/10/21,سند عمومي با شماره 7973 تاييد شد
,شركت كيهان راه شرق (سهامي خاص),1405,رحمانيان,1405/04/06,09:55:26, ويرايش موجوديت,انبار,سند انبار,6034,1405/04/06,سند درخواست كالا از انبار با شماره 6034 ثبت شد
,شركت كيهان راه شرق (سهامي خاص),1405,محدثه_قاسمي1,1405/04/06,09:55:00,ورود موفق,,نشست,,,
,شركت قدرت ايمان كوير(سهامي خاص),1405,شاهروديان3,1405/04/06,09:55:00, ويرايش موجوديت,خزانه داري,سند حسابداري,7974,1404/10/20,سند عمومي با شماره 7974 تاييد شد
,شركت كيهان راه شرق (سهامي خاص),1405,سجادزنگويي1,1405/04/06,09:54:34,موجوديت جديد,انبار,سند انبار,8090,1405/02/30,سند رسيد خريد  با شماره 8090 ثبت شد
,شركت قدرت ايمان كوير(سهامي خاص),1405,شاهروديان3,1405/04/06,09:54:33, ويرايش موجوديت,خزانه داري,سند حسابداري,7975,1404/10/19,سند عمومي با شماره 7975 تاييد شد
,شركت قدرت ايمان كوير(سهامي خاص),1405,محدثه_قاسمي3,1405/04/06,09:54:05,موجوديت جديد,خزانه داري,سند حسابداري,1013,1405/03/31,سند عمومي با شماره 1013 ذخيره شد
,شركت قدرت ايمان كوير(سهامي خاص),1405,شاهروديان3,1405/04/06,09:54:05, ويرايش موجوديت,خزانه داري,سند حسابداري,7976,1404/10/19,سند عمومي با شماره 7976 تاييد شد
,شركت قدرت ايمان كوير(سهامي خاص),1405,محدثه_قاسمي3,1405/04/06,09:53:51,موجوديت جديد,خزانه داري,سند خزانه داري,254,1405/03/31,سند اعلاميه برداشت ريالي با شماره 254 ذخيره شد
,شركت قدرت ايمان كوير(سهامي خاص),1405,شاهروديان3,1405/04/06,09:53:36, ويرايش موجوديت,خزانه داري,سند حسابداري,7977,1404/10/18,سند عمومي با شماره 7977 تاييد شد
,شركت قدرت ايمان كوير(سهامي خاص),1405,شاهروديان3,1405/04/06,09:53:14, ويرايش موجوديت,خزانه داري,سند حسابداري,7978,1404/10/18,سند عمومي با شماره 7978 تاييد شد
,شركت كيهان راه شرق (سهامي خاص),1405,رحمانيان,1405/04/06,09:52:57, ويرايش موجوديت,انبار,سند انبار,6035,1405/04/06,سند درخواست كالا از انبار با شماره 6035 ثبت شد
,شركت قدرت ايمان كوير(سهامي خاص),1405,شاهروديان3,1405/04/06,09:52:53, ويرايش موجوديت,خزانه داري,سند حسابداري,7992,1404/10/15,سند عمومي با شماره 7992 تاييد شد
,شركت كيهان راه شرق (سهامي خاص),1405,سجادزنگويي1,1405/04/06,09:52:48,موجوديت جديد,انبار,سند انبار,8089,1405/03/16,سند رسيد خريد  با شماره 8089 ثبت شد
,شركت كيهان راه شرق (سهامي خاص),1404,جلالي1,1405/04/06,09:52:46,موجوديت جديد,حسابداري,سند حسابداري,2661,1405/03/24,سند عمومي با شماره ثابت 2661 ذخيره شد
,شركت قدرت ايمان كوير(سهامي خاص),1404,جوانمرد3,1405/04/06,09:52:35,موجوديت جديد,خزانه داري,سند حسابداري,8000,1404/10/02,سند عمومي با شماره 8000 ذخيره شد
,شركت قدرت ايمان كوير(سهامي خاص),1405,شاهروديان3,1405/04/06,09:52:28, ويرايش موجوديت,خزانه داري,سند حسابداري,7980,1404/10/18,سند عمومي با شماره 7980 تاييد شد
,شركت كيهان راه شرق (سهامي خاص),1405,رحمانيان,1405/04/06,09:52:26,موجوديت جديد,انبار,سند انبار,4703,1405/04/06,سند تاييد درخواست كالا با شماره 4703 ثبت شد
,شركت قدرت ايمان كوير(سهامي خاص),1404,جوانمرد3,1405/04/06,09:52:23,موجوديت جديد,خزانه داري,سند خزانه داري,2359,1404/10/02,سند صورت هزينه تنخواه با شماره 2359 ذخيره شد
,شركت كيهان راه شرق (سهامي خاص),1405,اكبري1,1405/04/06,09:52:21,موجوديت جديد,حسابداري,سند حسابداري,2660,1405/01/31,سند عمومي با شماره ثابت 2660 ذخيره شد
,شركت كيهان راه شرق (سهامي خاص),1405,رحمانيان,1405/04/06,09:52:18, ويرايش موجوديت,انبار,سند انبار,6033,1405/04/06,سند درخواست كالا از انبار با شماره 6033 ثبت شد
,شركت كيهان راه شرق (سهامي خاص),1405,اجنوردي1,1405/04/06,09:52:06,موجوديت جديد,انبار,سند انبار,1470,1405/01/29,سند رسيد انتقال بين انبار با شماره 1470 ثبت شد
,شركت قدرت ايمان كوير(سهامي خاص),1405,شاهروديان3,1405/04/06,09:52:02, ويرايش موجوديت,خزانه داري,سند حسابداري,7982,1404/10/18,سند عمومي با شماره 7982 تاييد شد
,شركت كيهان راه شرق (سهامي خاص),1405,ارغواني1,1405/04/06,09:51:51, ويرايش موجوديت,انبار,سند انبار,2591,1405/03/10,سند حواله مصرف  با شماره 2591 ثبت شد
,شركت قدرت ايمان كوير(سهامي خاص),1405,محدثه_قاسمي3,1405/04/06,09:51:38,ورود موفق,,نشست,,,
,شركت كيهان راه شرق (سهامي خاص),1405,محمد رضايي,1405/04/06,09:51:38, ويرايش موجوديت,انبار,سند انبار,4,1405/01/01,سند موجودي ابتداي دوره با شماره 4 ثبت شد
,شركت كيهان راه شرق (سهامي خاص),1405,محمد رضايي,1405/04/06,09:51:23, ويرايش موجوديت,انبار,سند انبار,4,1405/01/01,سند موجودي ابتداي دوره با شماره 4 ثبت شد
,شركت كيهان راه شرق (سهامي خاص),1405,رحمانيان,1405/04/06,09:51:20, ويرايش موجوديت,انبار,سند انبار,6032,1405/04/06,سند درخواست كالا از انبار با شماره 6032 ثبت شد
,شركت كيهان راه شرق (سهامي خاص),1405,رحمانيان,1405/04/06,09:51:01, ويرايش موجوديت,انبار,سند انبار,6032,1405/04/06,سند درخواست كالا از انبار با شماره 6032 ثبت شد
,شركت كيهان راه شرق (سهامي خاص),1405,ارغواني1,1405/04/06,09:50:58,موجوديت جديد,انبار,سند انبار,2591,1405/03/10,سند حواله مصرف  با شماره 2591 ثبت شد
,شركت قدرت ايمان كوير(سهامي خاص),1404,جوانمرد3,1405/04/06,09:50:43,موجوديت جديد,خزانه داري,سند حسابداري,7999,1404/10/01,سند عمومي با شماره 7999 ذخيره شد
,شركت كيهان راه شرق (سهامي خاص),1405,كريمزاده1,1405/04/06,09:50:41,موجوديت جديد,انبار,سند انبار,6035,1405/04/06,سند درخواست كالا از انبار با شماره 6035 ثبت شد
,شركت قدرت ايمان كوير(سهامي خاص),1404,جوانمرد3,1405/04/06,09:50:30,موجوديت جديد,خزانه داري,سند خزانه داري,2358,1404/10/01,سند صورت هزينه تنخواه با شماره 2358 ذخيره شد
,مينو ساز گلستان,1405,قاسمي10,1405/04/06,09:50:30,موجوديت جديد,خزانه داري,سند حسابداري,180,1405/03/31,سند عمومي با شماره 180 ذخيره شد
,شركت كيهان راه شرق (سهامي خاص),1405,محدثه_قاسمي1,1405/04/06,09:50:16,ورود موفق,,نشست,,,
,مينو ساز گلستان,1405,قاسمي10,1405/04/06,09:49:41,موجوديت جديد,خزانه داري,سند خزانه داري,39,1405/03/31,سند اعلاميه واريز ريالي با شماره 39 ذخيره شد
,شركت قدرت ايمان كوير(سهامي خاص),1405,شاهروديان3,1405/04/06,09:49:41, ويرايش موجوديت,خزانه داري,سند حسابداري,7983,1404/10/17,سند عمومي با شماره 7983 تاييد شد
,شركت كيهان راه شرق (سهامي خاص),1405,محمدمختاري,1405/04/06,09:49:10, ويرايش موجوديت,انبار,سند انبار,4699,1405/03/17,سند درخواست كالا از انبار با شماره 4699 ثبت شد
,شركت قدرت ايمان كوير(سهامي خاص),1405,شاهروديان3,1405/04/06,09:49:06, ويرايش موجوديت,خزانه داري,سند حسابداري,7984,1404/10/17,سند عمومي با شماره 7984 تاييد شد
,شركت قدرت ايمان كوير(سهامي خاص),1404,جوانمرد3,1405/04/06,09:48:56,موجوديت جديد,خزانه داري,سند حسابداري,7998,1404/10/02,سند عمومي با شماره 7998 ذخيره شد
,شركت قدرت ايمان كوير(سهامي خاص),1405,شاهروديان3,1405/04/06,09:48:48, ويرايش موجوديت,خزانه داري,سند حسابداري,7985,1404/10/17,سند عمومي با شماره 7985 تاييد شد
,شركت قدرت ايمان كوير(سهامي خاص),1404,جوانمرد3,1405/04/06,09:48:42,موجوديت جديد,خزانه داري,سند خزانه داري,2357,1404/10/02,سند صورت هزينه تنخواه با شماره 2357 ذخيره شد
,شركت كيهان راه شرق (سهامي خاص),1405,درويش_نيا_تربت,1405/04/06,09:48:42, ويرايش موجوديت,انبار,سند انبار,1469,1405/03/20,سند رسيد انتقال بين انبار با شماره 1469 ثبت شد
,شركت قدرت ايمان كوير(سهامي خاص),1405,شاهروديان3,1405/04/06,09:48:28, ويرايش موجوديت,خزانه داري,سند حسابداري,7986,1404/10/16,سند عمومي با شماره 7986 تاييد شد
,شركت كيهان راه شرق (سهامي خاص),1405,ارغواني1,1405/04/06,09:48:26, ويرايش موجوديت,انبار,سند انبار,2590,1405/03/20,سند حواله مصرف  با شماره 2590 ثبت شد
,شركت كيهان راه شرق (سهامي خاص),1405,ارغواني1,1405/04/06,09:48:13,موجوديت جديد,انبار,سند انبار,2590,1405/04/06,سند حواله مصرف  با شماره 2590 ثبت شد
,شركت كيهان راه شرق (سهامي خاص),1405,رحمانيان,1405/04/06,09:48:01, ويرايش موجوديت,انبار,سند انبار,6031,1405/04/06,سند درخواست كالا از انبار با شماره 6031 ثبت شد
,شركت دنا بنيان بيرجند (سهامي خاص),1405,غلامي2,1405/04/06,09:47:54,ورود موفق,,نشست,,,
,شركت كيهان راه شرق (سهامي خاص),1405,مجتبي سابقي1,1405/04/06,09:47:54, ويرايش موجوديت,انبار,سند انبار,8088,1405/03/04,سند رسيد خريد  با شماره 8088 ثبت شد
,شركت كيهان راه شرق (سهامي خاص),1405,درويش_نيا_تربت,1405/04/06,09:47:53, ويرايش موجوديت,انبار,سند انبار,1469,1405/03/20,سند رسيد انتقال بين انبار با شماره 1469 ثبت شد
,شركت كيهان راه شرق (سهامي خاص),1405,محمد رضايي,1405/04/06,09:47:52, ويرايش موجوديت,انبار,سند انبار,4,1405/01/01,سند موجودي ابتداي دوره با شماره 4 ثبت شد
,مينو ساز گلستان,1405,قاسمي10,1405/04/06,09:47:46,ورود موفق,,نشست,,,
,شركت كيهان راه شرق (سهامي خاص),1405,رحمانيان,1405/04/06,09:47:06, ويرايش موجوديت,انبار,سند انبار,6030,1405/04/06,سند درخواست كالا از انبار با شماره 6030 ثبت شد
,شركت كيهان راه شرق (سهامي خاص),1405,درويش_نيا_تربت,1405/04/06,09:46:51,موجوديت جديد,انبار,سند انبار,1469,1405/04/06,سند رسيد انتقال بين انبار با شماره 1469 ثبت شد
,شركت بنا بام بيستون (سهامي خاص),1405,آقاحاجي4,1405/04/06,09:46:50,موجوديت جديد,حسابداري,سند حسابداري,478,1405/03/16,سند عمومي با شماره ثابت 478 ذخيره شد
,شركت كيهان راه شرق (سهامي خاص),1405,مجتبي سابقي1,1405/04/06,09:46:31,موجوديت جديد,انبار,سند انبار,8088,1405/03/04,سند رسيد خريد  با شماره 8088 ثبت شد
,شركت كيهان راه شرق (سهامي خاص),1405,اكرمي,1405/04/06,09:46:08, ويرايش موجوديت,انبار,سند انبار,6034,1405/04/06,سند درخواست كالا از انبار با شماره 6034 ثبت شد
,شركت كيهان راه شرق (سهامي خاص),1405,محمد رضايي,1405/04/06,09:46:01, ويرايش موجوديت,انبار,سند انبار,4,1405/01/01,سند موجودي ابتداي دوره با شماره 4 ثبت شد
,شركت كيهان راه شرق (سهامي خاص),1405,يوسفي4خواف,1405/04/06,09:45:59, ويرايش موجوديت,انبار,سند انبار,6033,1405/04/06,سند درخواست كالا از انبار با شماره 6033 ثبت شد
,شركت كيهان راه شرق (سهامي خاص),1405,اكبري1,1405/04/06,09:45:51,ورود موفق,,نشست,,,
,شركت كيهان راه شرق (سهامي خاص),1405,اكرمي,1405/04/06,09:45:42,موجوديت جديد,انبار,سند انبار,6034,1405/04/06,سند درخواست كالا از انبار با شماره 6034 ثبت شد
,شركت كيهان راه شرق (سهامي خاص),1405,محمد رضايي,1405/04/06,09:45:38, ويرايش موجوديت,انبار,سند انبار,4,1405/01/01,سند موجودي ابتداي دوره با شماره 4 ثبت شد
,شركت كيهان راه شرق (سهامي خاص),1405,رحمانيان,1405/04/06,09:45:15, ويرايش موجوديت,انبار,سند انبار,4702,1405/04/06,سند تاييد درخواست كالا با شماره 4702 ثبت شد
,شركت كيهان راه شرق (سهامي خاص),1405,يوسفي4خواف,1405/04/06,09:45:10,موجوديت جديد,انبار,سند انبار,6033,1405/04/06,سند درخواست كالا از انبار با شماره 6033 ثبت شد
,شركت كيهان راه شرق (سهامي خاص),1405,محمد رضايي,1405/04/06,09:45:07, ويرايش موجوديت,انبار,سند انبار,4,1405/01/01,سند موجودي ابتداي دوره با شماره 4 ثبت شد
,شركت قدرت ايمان كوير(سهامي خاص),1404,جوانمرد3,1405/04/06,09:45:02,موجوديت جديد,خزانه داري,سند حسابداري,7997,1404/10/03,سند عمومي با شماره 7997 ذخيره شد
,شركت كيهان راه شرق (سهامي خاص),1405,علي_اماني1,1405/04/06,09:44:54,موجوديت جديد,انبار,سند انبار,3976,1405/03/24,سند حواله مصرف ماشين آلات با شماره 3976 ثبت شد
,شركت قدرت ايمان كوير(سهامي خاص),1404,جوانمرد3,1405/04/06,09:44:48,موجوديت جديد,خزانه داري,سند خزانه داري,2356,1404/10/03,سند صورت هزينه تنخواه با شماره 2356 ذخيره شد
,شركت كيهان راه شرق (سهامي خاص),1405,سجادزنگويي1,1405/04/06,09:44:37,موجوديت جديد,انبار,سند انبار,8087,1405/03/03,سند رسيد خريد  با شماره 8087 ثبت شد
,شركت كيهان راه شرق (سهامي خاص),1405,مجتبي سابقي1,1405/04/06,09:44:36, ويرايش موجوديت,انبار,سند انبار,8086,1405/03/04,سند رسيد خريد  با شماره 8086 ثبت شد
,شركت كيهان راه شرق (سهامي خاص),1405,مجتبي سابقي1,1405/04/06,09:44:21, ويرايش موجوديت,انبار,سند انبار,8086,1405/03/04,سند رسيد خريد  با شماره 8086 ثبت شد
,شركت كيهان راه شرق (سهامي خاص),1405,مجتبي سابقي1,1405/04/06,09:44:08,موجوديت جديد,انبار,سند انبار,8086,1405/03/04,سند رسيد خريد  با شماره 8086 ثبت شد
,شركت قدرت ايمان كوير(سهامي خاص),1404,جوانمرد3,1405/04/06,09:43:34,ورود موفق,,نشست,,,
,شركت كيهان راه شرق (سهامي خاص),1405,سيدي,1405/04/06,09:42:49, ويرايش موجوديت,انبار,سند انبار,1340,1405/03/20,سند حواله انتقال بين انبار با شماره 1340 ثبت شد
,شركت كيهان راه شرق (سهامي خاص),1405,محمدمختاري,1405/04/06,09:42:29, ويرايش موجوديت,انبار,سند انبار,5293,1405/03/24,سند درخواست كالا از انبار با شماره 5293 ثبت شد
,صولت پارس آمود,1405,فرزانه7,1405/04/06,09:42:16,موجوديت جديد,خزانه داري,سند حسابداري,709,1405/04/02,سند عمومي با شماره 709 ذخيره شد
,شركت كيهان راه شرق (سهامي خاص),1405,محمدمختاري,1405/04/06,09:42:05, ويرايش موجوديت,انبار,سند انبار,5293,1405/03/24,سند درخواست كالا از انبار با شماره 5293 ثبت شد
,شركت كيهان راه شرق (سهامي خاص),1405,يوسفي4خواف,1405/04/06,09:41:47,ورود موفق,,نشست,,,
,شركت قدرت ايمان كوير(سهامي خاص),1405,غلامي3,1405/04/06,09:41:32,موجوديت جديد,حسابداري,سند حسابداري,1012,1405/03/31,سند عمومي با شماره ثابت 1012 ذخيره شد
,صولت پارس آمود,1405,فرزانه7,1405/04/06,09:41:18, ويرايش موجوديت,خزانه داري,سند خزانه داري,95,1405/04/02,سند اعلاميه واريز ريالي با شماره 95 ذخيره شد
,صولت پارس آمود,1405,فرزانه7,1405/04/06,09:40:26,موجوديت جديد,خزانه داري,سند خزانه داري,95,1405/04/02,سند اعلاميه واريز ريالي با شماره 95 ذخيره شد
,شركت كيهان راه شرق (سهامي خاص),1405,ميرزايي,1405/04/06,09:40:12,ورود موفق,,نشست,,,
,شركت كيهان راه شرق (سهامي خاص),1405,كريمزاده1,1405/04/06,09:40:10,موجوديت جديد,انبار,سند انبار,2589,1405/04/01,سند حواله مصرف  با شماره 2589 ثبت شد
,شركت كيهان راه شرق (سهامي خاص),1405,علي_اماني1,1405/04/06,09:39:43,موجوديت جديد,انبار,سند انبار,6032,1405/04/06,سند درخواست كالا از انبار با شماره 6032 ثبت شد
,شركت كيهان راه شرق (سهامي خاص),1405,محمد رضايي,1405/04/06,09:39:14,ورود موفق,,نشست,,,
,شركت كيهان راه شرق (سهامي خاص),1405,باباپور1,1405/04/06,09:39:08,موجوديت جديد,انبار,سند انبار,6031,1405/04/06,سند درخواست كالا از انبار با شماره 6031 ثبت شد
,شركت كيهان راه شرق (سهامي خاص),1405,مجتبي سابقي1,1405/04/06,09:38:15, ويرايش موجوديت,انبار,سند انبار,8085,1405/02/29,سند رسيد خريد  با شماره 8085 ثبت شد
,شركت كيهان راه شرق (سهامي خاص),1405,مجتبي سابقي1,1405/04/06,09:37:58,موجوديت جديد,انبار,سند انبار,8085,1405/02/29,سند رسيد خريد  با شماره 8085 ثبت شد
,صولت پارس آمود,1405,فرزانه7,1405/04/06,09:37:54,ورود موفق,,نشست,,,
,شركت قدرت ايمان كوير(سهامي خاص),1405,كاظميان3,1405/04/06,09:37:34,موجوديت جديد,خزانه داري,سند حسابداري,7996,1404/07/20,سند عمومي با شماره 7996 ذخيره شد
,شركت قدرت ايمان كوير(سهامي خاص),1405,كاظميان3,1405/04/06,09:36:56,موجوديت جديد,خزانه داري,سند خزانه داري,2355,1404/07/20,سند صورت هزينه تنخواه با شماره 2355 ذخيره شد
,شركت كيهان راه شرق (سهامي خاص),1405,سرحدي,1405/04/06,09:36:29,موجوديت جديد,انبار,سند انبار,8084,1405/02/30,سند رسيد خريد  با شماره 8084 ثبت شد
,شركت كيهان راه شرق (سهامي خاص),1405,كارآموز,1405/04/06,09:35:38,ورود موفق,,نشست,,,
,شركت بنا بام بيستون (سهامي خاص),1405,آقاحاجي4,1405/04/06,09:34:33,ورود موفق,,نشست,,,
,شركت كيهان راه شرق (سهامي خاص),1405,سجادزنگويي1,1405/04/06,09:34:05,ورود موفق,,نشست,,,
,شركت قدرت ايمان كوير(سهامي خاص),1404,اژدري,1405/04/06,09:33:27,ورود موفق,,نشست,,,
,شركت كيهان راه شرق (سهامي خاص),1405,عسكريان15,1405/04/06,09:33:16,ورود موفق,,نشست,,,
,شركت قدرت ايمان كوير(سهامي خاص),1405,غلامي3,1405/04/06,09:32:51,موجوديت جديد,حسابداري,سند حسابداري,1011,1405/03/31,سند عمومي با شماره ثابت 1011 ذخيره شد
,شركت كيهان راه شرق (سهامي خاص),1404,بهاريان م1,1405/04/06,09:32:47,موجوديت جديد,خزانه داري,سند خزانه داري,479,1405/04/06,سند صورت هزينه تنخواه با شماره 479 ذخيره شد
,شركت كيهان راه شرق (سهامي خاص),1405,اكرمي,1405/04/06,09:32:45,ورود موفق,,نشست,,,
,شركت كيهان راه شرق (سهامي خاص),1405,جوانمرد1,1405/04/06,09:31:45,موجوديت جديد,حسابداري,سند حسابداري,2659,1405/03/23,سند عمومي با شماره ثابت 2659 ذخيره شد
,شركت كيهان راه شرق (سهامي خاص),1405,كريمزاده1,1405/04/06,09:31:45, ويرايش موجوديت,انبار,سند انبار,6030,1405/04/06,سند درخواست كالا از انبار با شماره 6030 ثبت شد
,شركت كيهان راه شرق (سهامي خاص),1405,سرحدي,1405/04/06,09:31:12,موجوديت جديد,انبار,سند انبار,8083,1405/03/05,سند رسيد خريد  با شماره 8083 ثبت شد
,شركت كيهان راه شرق (سهامي خاص),1405,محمد رضايي,1405/04/06,09:30:40,ورود موفق,,نشست,,,
,شركت كيهان راه شرق (سهامي خاص),1405,كريمزاده1,1405/04/06,09:30:26,موجوديت جديد,انبار,سند انبار,6030,1405/04/06,سند درخواست كالا از انبار با شماره 6030 ثبت شد
,شركت كيهان راه شرق (سهامي خاص),1405,رحمانيان,1405/04/06,09:30:25,موجوديت جديد,انبار,سند انبار,4702,1405/04/06,سند تاييد درخواست كالا با شماره 4702 ثبت شد
,شركت كيهان راه شرق (سهامي خاص),1405,درويش_نيا_تربت,1405/04/06,09:30:01, ويرايش موجوديت,انبار,سند انبار,1693,1405/04/01,سند حواله انتقال بين انبار با شماره 1693 ثبت شد
,شركت كيهان راه شرق (سهامي خاص),1405,پاشايي,1405/04/06,09:29:58,موجوديت جديد,انبار,سند انبار,1694,1405/03/04,سند حواله انتقال بين انبار با شماره 1694 ثبت شد
,شركت كيهان راه شرق (سهامي خاص),1405,رحمانيان,1405/04/06,09:29:57, ويرايش موجوديت,انبار,سند انبار,6029,1405/04/06,سند درخواست كالا از انبار با شماره 6029 ثبت شد
,شركت كيهان راه شرق (سهامي خاص),1405,ابوالفضل_سابقي1,1405/04/06,09:29:56, ويرايش موجوديت,انبار,سند انبار,7800,1405/03/10,سند رسيد خريد  با شماره 7800 ثبت شد
,شركت كيهان راه شرق (سهامي خاص),1405,ابوالفضل_سابقي1,1405/04/06,09:29:46, ويرايش موجوديت,انبار,سند انبار,3893,1405/04/01,سند حواله مصرف ماشين آلات با شماره 3893 ثبت شد
,شركت كيهان راه شرق (سهامي خاص),1405,رحمانيان,1405/04/06,09:29:42, ويرايش موجوديت,انبار,سند انبار,6029,1405/04/06,سند درخواست كالا از انبار با شماره 6029 ثبت شد
,شركت كيهان راه شرق (سهامي خاص),1405,ابوالفضل_سابقي1,1405/04/06,09:28:41, ويرايش موجوديت,انبار,سند انبار,7800,1405/03/10,سند رسيد خريد  با شماره 7800 ثبت شد
,شركت قدرت ايمان كوير(سهامي خاص),1405,غلامي3,1405/04/06,09:28:37,ورود موفق,,نشست,,,
,شركت كيهان راه شرق (سهامي خاص),1404,جعفري1,1405/04/06,09:28:19, ويرايش موجوديت,خزانه داري,سند حسابداري,30058,1404/11/28,سند عمومي با شماره 30058 ذخيره شد
,شركت كيهان راه شرق (سهامي خاص),1405,پرويز_هرمزي1,1405/04/06,09:28:06,موجوديت جديد,انبار,سند انبار,1468,1405/04/06,سند رسيد انتقال بين انبار با شماره 1468 ثبت شد
,شركت كيهان راه شرق (سهامي خاص),1405,درويش_نيا_تربت,1405/04/06,09:27:53, ويرايش موجوديت,انبار,سند انبار,1693,1405/04/01,سند حواله انتقال بين انبار با شماره 1693 ثبت شد
,شركت كيهان راه شرق (سهامي خاص),1405,درويش_نيا_تربت,1405/04/06,09:27:48, ويرايش موجوديت,انبار,سند انبار,1693,1405/04/01,سند حواله انتقال بين انبار با شماره 1693 ثبت شد
,شركت كيهان راه شرق (سهامي خاص),1405,درويش_نيا_تربت,1405/04/06,09:27:12, ويرايش موجوديت,انبار,سند انبار,1693,1405/04/06,سند حواله انتقال بين انبار با شماره 1693 ثبت شد
,شركت كيهان راه شرق (سهامي خاص),1405,درويش_نيا_تربت,1405/04/06,09:27:03, ويرايش موجوديت,انبار,سند انبار,1693,1405/04/06,سند حواله انتقال بين انبار با شماره 1693 ثبت شد
,شركت كيهان راه شرق (سهامي خاص),1405,سجادزنگويي1,1405/04/06,09:26:54,موجوديت جديد,انبار,سند انبار,8082,1405/02/30,سند رسيد خريد  با شماره 8082 ثبت شد
,شركت كيهان راه شرق (سهامي خاص),1405,محبوبي1,1405/04/06,09:26:48, ويرايش موجوديت,انبار,سند انبار,8074,1405/03/21,سند رسيد خريد  با شماره 8074 ثبت شد
,شركت كيهان راه شرق (سهامي خاص),1405,درويش_نيا_تربت,1405/04/06,09:26:31, ويرايش موجوديت,انبار,سند انبار,1693,1405/04/06,سند حواله انتقال بين انبار با شماره 1693 ثبت شد
,شركت كيهان راه شرق (سهامي خاص),1405,درويش_نيا_تربت,1405/04/06,09:26:23,موجوديت جديد,انبار,سند انبار,1693,1405/04/06,سند حواله انتقال بين انبار با شماره 1693 ثبت شد
,شركت كيهان راه شرق (سهامي خاص),1405,فرامرزسليماني,1405/04/06,09:26:19, ويرايش موجوديت,انبار,سند انبار,5971,1405/04/02,سند درخواست كالا از انبار با شماره 5971 ثبت شد
,شركت كيهان راه شرق (سهامي خاص),1405,كريمزاده1,1405/04/06,09:26:10,موجوديت جديد,انبار,سند انبار,6029,1405/04/06,سند درخواست كالا از انبار با شماره 6029 ثبت شد
,شركت كيهان راه شرق (سهامي خاص),1405,فرامرزسليماني,1405/04/06,09:25:48, ويرايش موجوديت,انبار,سند انبار,5964,1405/04/02,سند درخواست كالا از انبار با شماره 5964 ثبت شد
,شركت كيهان راه شرق (سهامي خاص),1405,رحمانيان,1405/04/06,09:25:33, ويرايش موجوديت,انبار,سند انبار,6028,1405/04/06,سند درخواست كالا از انبار با شماره 6028 ثبت شد
,شركت كيهان راه شرق (سهامي خاص),1405,فرامرزسليماني,1405/04/06,09:25:29, ويرايش موجوديت,انبار,سند انبار,5964,1405/04/02,سند درخواست كالا از انبار با شماره 5964 ثبت شد
,شركت كيهان راه شرق (سهامي خاص),1405,پاشايي,1405/04/06,09:25:23, ويرايش موجوديت,انبار,سند انبار,8081,1405/03/04,سند رسيد خريد  با شماره 8081 ثبت شد
,شركت كيهان راه شرق (سهامي خاص),1405,پاشايي,1405/04/06,09:25:09,موجوديت جديد,انبار,سند انبار,8081,1405/04/06,سند رسيد خريد  با شماره 8081 ثبت شد
,شركت كيهان راه شرق (سهامي خاص),1405,پرويز_هرمزي1,1405/04/06,09:24:34,موجوديت جديد,انبار,سند انبار,1467,1405/04/06,سند رسيد انتقال بين انبار با شماره 1467 ثبت شد
,شركت كيهان راه شرق (سهامي خاص),1405,درويش_نيا_تربت,1405/04/06,09:24:13, ويرايش موجوديت,انبار,سند انبار,1692,1405/04/02,سند حواله انتقال بين انبار با شماره 1692 ثبت شد
,شركت كيهان راه شرق (سهامي خاص),1405,درويش_نيا_تربت,1405/04/06,09:23:47, ويرايش موجوديت,انبار,سند انبار,1692,1405/04/02,سند حواله انتقال بين انبار با شماره 1692 ثبت شد
,شركت كيهان راه شرق (سهامي خاص),1405,باباپور1,1405/04/06,09:23:40,موجوديت جديد,انبار,سند انبار,6028,1405/04/06,سند درخواست كالا از انبار با شماره 6028 ثبت شد
,شركت كيهان راه شرق (سهامي خاص),1405,علي_اماني1,1405/04/06,09:23:30,موجوديت جديد,انبار,سند انبار,1466,1405/04/06,سند رسيد انتقال بين انبار با شماره 1466 ثبت شد
,شركت كيهان راه شرق (سهامي خاص),1405,ارغواني1,1405/04/06,09:23:30, ويرايش موجوديت,انبار,سند انبار,1459,1405/03/18,سند رسيد انتقال بين انبار با شماره 1459 ثبت شد
,شعبه ششم,1405,يوسفيان,1405/04/06,09:23:22,ورود موفق,,نشست,,,
,شركت كيهان راه شرق (سهامي خاص),1405,پرويز_هرمزي1,1405/04/06,09:23:13, ويرايش موجوديت,انبار,سند انبار,1465,1405/04/06,سند رسيد انتقال بين انبار با شماره 1465 ثبت شد
,شركت كيهان راه شرق (سهامي خاص),1405,پرويز_هرمزي1,1405/04/06,09:23:03,موجوديت جديد,انبار,سند انبار,1465,1405/04/06,سند رسيد انتقال بين انبار با شماره 1465 ثبت شد
,شركت قدرت ايمان كوير(سهامي خاص),1405,كاظميان3,1405/04/06,09:22:52,موجوديت جديد,خزانه داري,سند حسابداري,7995,1404/07/21,سند عمومي با شماره 7995 ذخيره شد
,شركت كيهان راه شرق (سهامي خاص),1405,رحمانيان,1405/04/06,09:22:49,موجوديت جديد,انبار,سند انبار,4701,1405/04/06,سند تاييد درخواست كالا با شماره 4701 ثبت شد
,شركت كيهان راه شرق (سهامي خاص),1405,ارغواني1,1405/04/06,09:22:34, ويرايش موجوديت,انبار,سند انبار,1459,1405/03/18,سند رسيد انتقال بين انبار با شماره 1459 ثبت شد
,شركت كيهان راه شرق (سهامي خاص),1405,علي_اماني1,1405/04/06,09:22:29,ورود موفق,,نشست,,,
,شركت قدرت ايمان كوير(سهامي خاص),1405,كاظميان3,1405/04/06,09:22:16,موجوديت جديد,خزانه داري,سند خزانه داري,2354,1404/07/21,سند صورت هزينه تنخواه با شماره 2354 ذخيره شد
,كيهان ريل تهران,1404,آقاحاجي19,1405/04/06,09:22:13,موجوديت جديد,حسابداري,سند حسابداري,181,1405/03/23,سند عمومي با شماره ثابت 181 ذخيره شد
,شركت كيهان راه شرق (سهامي خاص),1405,رحمانيان,1405/04/06,09:21:55, ويرايش موجوديت,انبار,سند انبار,6027,1405/04/06,سند درخواست كالا از انبار با شماره 6027 ثبت شد
,شركت كيهان راه شرق (سهامي خاص),1405,پرويز_هرمزي1,1405/04/06,09:21:54,موجوديت جديد,انبار,سند انبار,1464,1405/04/06,سند رسيد انتقال بين انبار با شماره 1464 ثبت شد
,شركت كيهان راه شرق (سهامي خاص),1405,درويش_نيا_تربت,1405/04/06,09:21:53, ويرايش موجوديت,انبار,سند انبار,1692,1405/04/02,سند حواله انتقال بين انبار با شماره 1692 ثبت شد
,شركت دنا بنيان بيرجند (سهامي خاص),1405,شاهروديان,1405/04/06,09:21:43,ورود موفق,,نشست,,,
,,,شاهروديان,1405/04/06,09:21:38,ورود ناموفق (عدم صحت نام کاربر يا کلمه عبور),,نشست,,,
,شركت كيهان راه شرق (سهامي خاص),1405,درويش_نيا_تربت,1405/04/06,09:21:34, ويرايش موجوديت,انبار,سند انبار,1692,1405/04/02,سند حواله انتقال بين انبار با شماره 1692 ثبت شد
,شركت كيهان راه شرق (سهامي خاص),1405,درويش_نيا_تربت,1405/04/06,09:21:24,موجوديت جديد,انبار,سند انبار,1692,1405/04/02,سند حواله انتقال بين انبار با شماره 1692 ثبت شد
,شركت كيهان راه شرق (سهامي خاص),1405,كريمزاده1,1405/04/06,09:21:13, ويرايش موجوديت,انبار,سند انبار,6027,1405/04/06,سند درخواست كالا از انبار با شماره 6027 ثبت شد
,شركت قدرت ايمان كوير(سهامي خاص),1405,شاهروديان3,1405/04/06,09:21:12, ويرايش موجوديت,خزانه داري,سند حسابداري,7987,1404/10/16,سند عمومي با شماره 7987 تاييد شد
,شركت قدرت ايمان كوير(سهامي خاص),1405,شاهروديان3,1405/04/06,09:20:51, ويرايش موجوديت,خزانه داري,سند حسابداري,7988,1404/10/15,سند عمومي با شماره 7988 تاييد شد
,شركت قدرت ايمان كوير(سهامي خاص),1405,شاهروديان3,1405/04/06,09:20:30, ويرايش موجوديت,خزانه داري,سند حسابداري,7989,1404/10/15,سند عمومي با شماره 7989 تاييد شد
,شركت كيهان راه شرق (سهامي خاص),1405,پرويز_هرمزي1,1405/04/06,09:19:54,موجوديت جديد,انبار,سند انبار,1463,1405/04/06,سند رسيد انتقال بين انبار با شماره 1463 ثبت شد
,شركت قدرت ايمان كوير(سهامي خاص),1405,شاهروديان3,1405/04/06,09:19:46, ويرايش موجوديت,خزانه داري,سند حسابداري,7990,1404/10/15,سند عمومي با شماره 7990 تاييد شد
,شركت كيهان راه شرق (سهامي خاص),1405,كريمزاده1,1405/04/06,09:19:24,موجوديت جديد,انبار,سند انبار,6027,1405/04/06,سند درخواست كالا از انبار با شماره 6027 ثبت شد
,شركت كيهان راه شرق (سهامي خاص),1405,مجتبي_زنگويي1,1405/04/06,09:19:04,ورود موفق,,نشست,,,
,شركت كيهان راه شرق (سهامي خاص),1404,جعفري1,1405/04/06,09:18:19,ورود موفق,,نشست,,,
,شركت كيهان راه شرق (سهامي خاص),1405,پاشايي,1405/04/06,09:17:35,موجوديت جديد,انبار,سند انبار,1691,1405/03/03,سند حواله انتقال بين انبار با شماره 1691 ثبت شد
,شركت كيهان راه شرق (سهامي خاص),1405,رحمانيان,1405/04/06,09:17:04, ويرايش موجوديت,انبار,سند انبار,4700,1405/04/06,سند تاييد درخواست كالا با شماره 4700 ثبت شد
,شركت كيهان راه شرق (سهامي خاص),1405,سجادزنگويي1,1405/04/06,09:17:01,موجوديت جديد,انبار,سند انبار,8080,1405/03/03,سند رسيد خريد  با شماره 8080 ثبت شد
,شركت كيهان راه شرق (سهامي خاص),1405,ارغواني1,1405/04/06,09:16:59,موجوديت جديد,انبار,سند انبار,1462,1405/03/28,سند رسيد انتقال بين انبار با شماره 1462 ثبت شد
,شركت كيهان راه شرق (سهامي خاص),1405,رحمانيان,1405/04/06,09:16:54,موجوديت جديد,انبار,سند انبار,4700,1405/04/06,سند تاييد درخواست كالا با شماره 4700 ثبت شد
,شركت كيهان راه شرق (سهامي خاص),1405,رحمانيان,1405/04/06,09:16:45, ويرايش موجوديت,انبار,سند انبار,6026,1405/04/06,سند درخواست كالا از انبار با شماره 6026 ثبت شد
,شركت كيهان راه شرق (سهامي خاص),1405,جوانمرد1,1405/04/06,09:16:37,موجوديت جديد,حسابداري,سند حسابداري,2658,1405/03/27,سند عمومي با شماره ثابت 2658 ذخيره شد
,شركت كيهان راه شرق (سهامي خاص),1405,ابوالفضل_سابقي1,1405/04/06,09:16:05,موجوديت جديد,انبار,سند انبار,8079,1405/02/21,سند رسيد خريد  با شماره 8079 ثبت شد
,شركت قدرت ايمان كوير(سهامي خاص),1405,جعفري3,1405/04/06,09:16:03,موجوديت جديد,خزانه داري,سند حسابداري,7994,1404/09/13,سند عمومي با شماره 7994 ذخيره شد
,شركت كيهان راه شرق (سهامي خاص),1405,محبوبي1,1405/04/06,09:16:01, ويرايش موجوديت,انبار,سند انبار,8074,1405/03/21,سند رسيد خريد  با شماره 8074 ثبت شد
,شركت كيهان راه شرق (سهامي خاص),1405,محبوبي1,1405/04/06,09:15:36, ويرايش موجوديت,انبار,سند انبار,8076,1405/03/28,سند رسيد خريد  با شماره 8076 ثبت شد
,شركت قدرت ايمان كوير(سهامي خاص),1405,جعفري3,1405/04/06,09:15:29,موجوديت جديد,خزانه داري,سند خزانه داري,2353,1404/09/13,سند صورت هزينه تنخواه با شماره 2353 ذخيره شد
,شركت كيهان راه شرق (سهامي خاص),1405,رحمانيان,1405/04/06,09:15:24, ويرايش موجوديت,انبار,سند انبار,6025,1405/04/06,سند درخواست كالا از انبار با شماره 6025 ثبت شد
,شركت كيهان راه شرق (سهامي خاص),1405,كريمزاده1,1405/04/06,09:15:23,موجوديت جديد,انبار,سند انبار,6026,1405/04/06,سند درخواست كالا از انبار با شماره 6026 ثبت شد
,شركت كيهان راه شرق (سهامي خاص),1405,ارغواني1,1405/04/06,09:15:18, ويرايش موجوديت,انبار,سند انبار,1461,1405/03/29,سند رسيد انتقال بين انبار با شماره 1461 ثبت شد
,شركت كيهان راه شرق (سهامي خاص),1405,محبوبي1,1405/04/06,09:14:59,ورود موفق,,نشست,,,
,شركت كيهان راه شرق (سهامي خاص),1405,رحمانيان,1405/04/06,09:14:59, ويرايش موجوديت,انبار,سند انبار,6024,1405/04/06,سند درخواست كالا از انبار با شماره 6024 ثبت شد
,شركت كيهان راه شرق (سهامي خاص),1405,ارغواني1,1405/04/06,09:14:53, ويرايش موجوديت,انبار,سند انبار,1461,1405/03/29,سند رسيد انتقال بين انبار با شماره 1461 ثبت شد
,شركت كيهان راه شرق (سهامي خاص),1405,عليرضاسالاري,1405/04/06,09:14:52, ويرايش موجوديت,انبار,سند انبار,4442,1405/03/15,سند درخواست كالا از انبار با شماره 4442 ثبت شد
,شركت كيهان راه شرق (سهامي خاص),1405,رحمانيان,1405/04/06,09:14:35, ويرايش موجوديت,انبار,سند انبار,6023,1405/04/06,سند درخواست كالا از انبار با شماره 6023 ثبت شد
,شركت كيهان راه شرق (سهامي خاص),1405,فرامرزسليماني,1405/04/06,09:14:08, ويرايش موجوديت,انبار,سند انبار,5961,1405/04/02,سند درخواست كالا از انبار با شماره 5961 ثبت شد
,شركت كيهان راه شرق (سهامي خاص),1405,بهرامي1بيرجند,1405/04/06,09:13:50,موجوديت جديد,انبار,سند انبار,6025,1405/04/06,سند درخواست كالا از انبار با شماره 6025 ثبت شد
,شركت كيهان راه شرق (سهامي خاص),1405,محمدمختاري,1405/04/06,09:12:29, ويرايش موجوديت,انبار,سند انبار,5708,1405/03/29,سند درخواست كالا از انبار با شماره 5708 ثبت شد
,شركت كيهان راه شرق (سهامي خاص),1405,عليزاده,1405/04/06,09:12:22,ورود موفق,,نشست,,,
,شركت قدرت ايمان كوير(سهامي خاص),1405,جعفري3,1405/04/06,09:12:01,ورود موفق,,نشست,,,
,شركت كيهان راه شرق (سهامي خاص),1405,محمدحداد,1405/04/06,09:11:55,موجوديت جديد,انبار,سند انبار,4699,1405/04/06,سند تاييد درخواست كالا با شماره 4699 ثبت شد
,شركت كيهان راه شرق (سهامي خاص),1405,محمدحداد,1405/04/06,09:11:45, ويرايش موجوديت,انبار,سند انبار,5977,1405/04/02,سند درخواست كالا از انبار با شماره 5977 ثبت شد
,شركت كيهان راه شرق (سهامي خاص),1405,ارغواني1,1405/04/06,09:11:40,موجوديت جديد,انبار,سند انبار,1461,1405/04/06,سند رسيد انتقال بين انبار با شماره 1461 ثبت شد
,شركت كيهان راه شرق (سهامي خاص),1405,كارآموز,1405/04/06,09:11:31,ورود موفق,,نشست,,,
,شركت كيهان راه شرق (سهامي خاص),1405,پرويز_هرمزي1,1405/04/06,09:11:18,موجوديت جديد,انبار,سند انبار,6024,1405/04/06,سند درخواست كالا از انبار با شماره 6024 ثبت شد
,شركت قدرت ايمان كوير(سهامي خاص),1405,شاهروديان3,1405/04/06,09:09:43, ويرايش موجوديت,خزانه داري,سند حسابداري,7991,1404/10/15,سند عمومي با شماره 7991 تاييد شد
,شركت كيهان راه شرق (سهامي خاص),1405,كريمزاده1,1405/04/06,09:09:34,موجوديت جديد,انبار,سند انبار,889,1405/04/03,سند حواله  اماني ما نزد ديگران با شماره 889 ثبت شد
,شركت كيهان راه شرق (سهامي خاص),1405,رحمانيان,1405/04/06,09:08:56, ويرايش موجوديت,انبار,سند انبار,6022,1405/04/06,سند درخواست كالا از انبار با شماره 6022 ثبت شد
,شركت كيهان راه شرق (سهامي خاص),1405,پرويز_هرمزي1,1405/04/06,09:08:44,موجوديت جديد,انبار,سند انبار,6023,1405/04/06,سند درخواست كالا از انبار با شماره 6023 ثبت شد
,شركت كيهان راه شرق (سهامي خاص),1405,جوانمرد1,1405/04/06,09:08:21,ورود موفق,,نشست,,,
,شركت كيهان راه شرق (سهامي خاص),1405,محمدمختاري,1405/04/06,09:08:10, ويرايش موجوديت,انبار,سند انبار,5708,1405/03/29,سند درخواست كالا از انبار با شماره 5708 ثبت شد
,شركت كيهان راه شرق (سهامي خاص),1405,بهرامي1بيرجند,1405/04/06,09:08:05, ويرايش موجوديت,انبار,سند انبار,6022,1405/04/06,سند درخواست كالا از انبار با شماره 6022 ثبت شد
,شركت دنا بنيان بيرجند (سهامي خاص),1405,فرزانه2,1405/04/06,09:07:49,ورود موفق,,نشست,,,
,شركت كيهان راه شرق (سهامي خاص),1405,ارغواني1,1405/04/06,09:07:29, ويرايش موجوديت,انبار,سند انبار,1460,1405/03/09,سند رسيد انتقال بين انبار با شماره 1460 ثبت شد
,شركت كيهان راه شرق (سهامي خاص),1405,بهرامي1بيرجند,1405/04/06,09:06:50,موجوديت جديد,انبار,سند انبار,6022,1405/04/06,سند درخواست كالا از انبار با شماره 6022 ثبت شد
,كيهان ريل تهران,1404,آقاحاجي19,1405/04/06,09:06:22,ورود موفق,,نشست,,,
,شركت كيهان راه شرق (سهامي خاص),1405,كريمزاده1,1405/04/06,09:06:21,موجوديت جديد,انبار,سند انبار,2588,1405/03/20,سند حواله مصرف  با شماره 2588 ثبت شد
,شركت قدرت ايمان كوير(سهامي خاص),1405,كاظميان3,1405/04/06,09:06:06,موجوديت جديد,خزانه داري,سند حسابداري,7993,1404/07/20,سند عمومي با شماره 7993 ذخيره شد
,شركت كيهان راه شرق (سهامي خاص),1405,ارغواني1,1405/04/06,09:06:00,موجوديت جديد,انبار,سند انبار,1460,1405/04/06,سند رسيد انتقال بين انبار با شماره 1460 ثبت شد
,شركت كيهان راه شرق (سهامي خاص),1405,رحمانيان,1405/04/06,09:05:47, ويرايش موجوديت,انبار,سند انبار,6021,1405/04/06,سند درخواست كالا از انبار با شماره 6021 ثبت شد
,شركت كيهان راه شرق (سهامي خاص),1405,فاطمي1,1405/04/06,09:05:02, ويرايش موجوديت,خزانه داري,سند حسابداري,1550,1405/03/10,سند عمومي با شماره 1550 تاييد شد
,شركت كيهان راه شرق (سهامي خاص),1405,اميررضايي,1405/04/06,09:04:57,ورود موفق,,نشست,,,
,شركت كيهان راه شرق (سهامي خاص),1405,كريمزاده1,1405/04/06,09:04:26,موجوديت جديد,انبار,سند انبار,2587,1405/03/12,سند حواله مصرف  با شماره 2587 ثبت شد
,شركت كيهان راه شرق (سهامي خاص),1405,محمدرضا_سلمانيان,1405/04/06,09:03:08,ورود موفق,,نشست,,,
,شركت كيهان راه شرق (سهامي خاص),1404,دهقان,1405/04/06,09:02:09,ورود موفق,,نشست,,,
,تفتان ره ساز پارس,1404,فاطمي15,1405/04/06,09:01:49, ويرايش موجوديت,خزانه داري,سند حسابداري,1754,1404/08/29,سند عمومي با شماره 1754 تاييد شد
,شركت كيهان راه شرق (سهامي خاص),1405,محمدمختاري,1405/04/06,09:01:02,موجوديت جديد,انبار,سند انبار,4698,1405/04/06,سند تاييد درخواست كالا با شماره 4698 ثبت شد
,تفتان ره ساز پارس,1404,فاطمي15,1405/04/06,09:00:58,ورود موفق,,نشست,,,
,شركت قدرت ايمان كوير(سهامي خاص),1405,كاظميان3,1405/04/06,09:00:47,موجوديت جديد,خزانه داري,سند خزانه داري,2352,1404/07/20,سند صورت هزينه تنخواه با شماره 2352 ذخيره شد
,شركت كيهان راه شرق (سهامي خاص),1405,محمدمختاري,1405/04/06,09:00:40, ويرايش موجوديت,انبار,سند انبار,6017,1405/04/06,سند درخواست كالا از انبار با شماره 6017 ثبت شد
,شركت كيهان راه شرق (سهامي خاص),1405,رحمانيان,1405/04/06,09:00:15, ويرايش موجوديت,انبار,سند انبار,6021,1405/04/06,سند درخواست كالا از انبار با شماره 6021 ثبت شد
,شركت كيهان راه شرق (سهامي خاص),1405,محمدمختاري,1405/04/06,09:00:06, ويرايش موجوديت,انبار,سند انبار,6017,1405/04/06,سند درخواست كالا از انبار با شماره 6017 ثبت شد
,تفتان ره ساز پارس,1405,ملاشاهي15,1405/04/06,08:59:32,ورود موفق,,نشست,,,
,شركت كيهان راه شرق (سهامي خاص),1405,پاشايي,1405/04/06,08:59:06,موجوديت جديد,انبار,سند انبار,8078,1405/03/03,سند رسيد خريد  با شماره 8078 ثبت شد
,شركت كيهان راه شرق (سهامي خاص),1405,رحمانيان,1405/04/06,08:58:33, ويرايش موجوديت,انبار,سند انبار,6018,1405/04/06,سند درخواست كالا از انبار با شماره 6018 ثبت شد
,شركت قدرت ايمان كوير(سهامي خاص),1405,شاهروديان3,1405/04/06,08:58:08, ويرايش موجوديت,خزانه داري,سند حسابداري,7693,1404/08/25,سند عمومي با شماره 7693 تاييد شد
,شركت كيهان راه شرق (سهامي خاص),1405,اقبالي,1405/04/06,08:57:53, ويرايش موجوديت,انبار,سند انبار,2324,1405/02/16,سند درخواست كالا از انبار با شماره 2324 ثبت شد
,شركت كيهان راه شرق (سهامي خاص),1405,رحمانيان,1405/04/06,08:57:45,موجوديت جديد,انبار,سند انبار,4697,1405/04/06,سند تاييد درخواست كالا با شماره 4697 ثبت شد
,شركت كيهان راه شرق (سهامي خاص),1405,سجادزنگويي1,1405/04/06,08:57:31, ويرايش موجوديت,انبار,سند انبار,8077,1405/03/17,سند رسيد خريد  با شماره 8077 ثبت شد
,شركت كيهان راه شرق (سهامي خاص),1405,رحمانيان,1405/04/06,08:57:21, ويرايش موجوديت,انبار,سند انبار,6019,1405/04/06,سند درخواست كالا از انبار با شماره 6019 ثبت شد
,شركت كيهان راه شرق (سهامي خاص),1405,سجادزنگويي1,1405/04/06,08:57:07, ويرايش موجوديت,انبار,سند انبار,8077,1405/03/16,سند رسيد خريد  با شماره 8077 ثبت شد
,شركت كيهان راه شرق (سهامي خاص),1405,رحمانيان,1405/04/06,08:57:00, ويرايش موجوديت,انبار,سند انبار,6020,1405/04/06,سند درخواست كالا از انبار با شماره 6020 ثبت شد
,شركت كيهان راه شرق (سهامي خاص),1405,درويش_نيا_تربت,1405/04/06,08:56:40, ويرايش موجوديت,انبار,سند انبار,6021,1405/04/06,سند درخواست كالا از انبار با شماره 6021 ثبت شد
,شركت كيهان راه شرق (سهامي خاص),1405,درويش_نيا_تربت,1405/04/06,08:56:35, ويرايش موجوديت,انبار,سند انبار,6021,1405/04/06,سند درخواست كالا از انبار با شماره 6021 ثبت شد
,شركت كيهان راه شرق (سهامي خاص),1405,درويش_نيا_تربت,1405/04/06,08:56:29,موجوديت جديد,انبار,سند انبار,6021,1405/04/06,سند درخواست كالا از انبار با شماره 6021 ثبت شد
,شركت كيهان راه شرق (سهامي خاص),1405,فرامرزسليماني,1405/04/06,08:56:25, ويرايش موجوديت,انبار,سند انبار,5923,1405/04/01,سند درخواست كالا از انبار با شماره 5923 ثبت شد
,شركت بنا بام بيستون (سهامي خاص),1405,يوسفي4تنخواه,1405/04/06,08:56:17,موجوديت جديد,خزانه داري,سند خزانه داري,82,1405/03/31,سند صورت هزينه تنخواه با شماره 82 ذخيره شد
,شركت كيهان راه شرق (سهامي خاص),1405,فرامرزسليماني,1405/04/06,08:56:14,موجوديت جديد,انبار,سند انبار,4696,1405/04/06,سند تاييد درخواست كالا با شماره 4696 ثبت شد
,شركت كيهان راه شرق (سهامي خاص),1404,برهان,1405/04/06,08:56:06,ورود موفق,,نشست,,,
,شركت قدرت ايمان كوير(سهامي خاص),1404,جوانمرد3,1405/04/06,08:56:03,موجوديت جديد,خزانه داري,سند حسابداري,7992,1404/10/15,سند عمومي با شماره 7992 ذخيره شد
,شركت كيهان راه شرق (سهامي خاص),1405,فرامرزسليماني,1405/04/06,08:55:59, ويرايش موجوديت,انبار,سند انبار,5923,1405/04/01,سند درخواست كالا از انبار با شماره 5923 ثبت شد
,شركت قدرت ايمان كوير(سهامي خاص),1404,جوانمرد3,1405/04/06,08:55:51,موجوديت جديد,خزانه داري,سند خزانه داري,2351,1404/10/15,سند صورت هزينه تنخواه با شماره 2351 ذخيره شد
,شركت كيهان راه شرق (سهامي خاص),1405,سجادزنگويي1,1405/04/06,08:55:47,موجوديت جديد,انبار,سند انبار,8077,1405/03/16,سند رسيد خريد  با شماره 8077 ثبت شد
,شركت بنا بام بيستون (سهامي خاص),1404,تقوي4,1405/04/06,08:55:21,ورود موفق,,نشست,,,
,,,تقوي4,1405/04/06,08:55:17,ورود ناموفق (عدم صحت نام کاربر يا کلمه عبور),,نشست,,,
,شركت قدرت ايمان كوير(سهامي خاص),1404,جوانمرد3,1405/04/06,08:54:24,موجوديت جديد,خزانه داري,سند حسابداري,7991,1404/10/15,سند عمومي با شماره 7991 ذخيره شد
,شركت قدرت ايمان كوير(سهامي خاص),1404,جوانمرد3,1405/04/06,08:54:12,موجوديت جديد,خزانه داري,سند خزانه داري,2350,1404/10/15,سند صورت هزينه تنخواه با شماره 2350 ذخيره شد
,شركت كيهان راه شرق (سهامي خاص),1405,فرامرزسليماني,1405/04/06,08:54:04, ويرايش موجوديت,انبار,سند انبار,5920,1405/04/01,سند درخواست كالا از انبار با شماره 5920 ثبت شد
,شركت كيهان راه شرق (سهامي خاص),1405,فرامرزسليماني,1405/04/06,08:53:56,موجوديت جديد,انبار,سند انبار,4695,1405/04/06,سند تاييد درخواست كالا با شماره 4695 ثبت شد
,شركت كيهان راه شرق (سهامي خاص),1405,فرامرزسليماني,1405/04/06,08:53:45, ويرايش موجوديت,انبار,سند انبار,5920,1405/04/01,سند درخواست كالا از انبار با شماره 5920 ثبت شد
,شركت كيهان راه شرق (سهامي خاص),1405,فرهمند1,1405/04/06,08:53:37, ويرايش موجوديت,حسابداري,سند حسابداري,30743,1404/09/25,سند عمومي با شماره ثابت 30743 ذخيره شد
,شركت كيهان راه شرق (سهامي خاص),1404,تقوي1,1405/04/06,08:53:31, ويرايش موجوديت,حسابداري,سند حسابداري,16071,1404/08/30,سند عمومي با شماره ثابت 16071 ذخيره شد
,شركت كيهان راه شرق (سهامي خاص),1405,ارغواني1,1405/04/06,08:53:28,موجوديت جديد,انبار,سند انبار,1459,1405/04/06,سند رسيد انتقال بين انبار با شماره 1459 ثبت شد
,شركت كيهان راه شرق (سهامي خاص),1405,مينايي,1405/04/06,08:53:25,ورود موفق,,نشست,,,
,شركت كيهان راه شرق (سهامي خاص),1405,فرهمند1,1405/04/06,08:53:24, ويرايش موجوديت,حسابداري,سند حسابداري,30743,1404/09/25,سند عمومي با شماره ثابت 30743 ذخيره شد
,شركت كيهان راه شرق (سهامي خاص),1405,شهنواز1,1405/04/06,08:53:02,موجوديت جديد,انبار,سند انبار,3975,1405/01/19,سند حواله مصرف ماشين آلات با شماره 3975 ثبت شد
,شركت كيهان راه شرق (سهامي خاص),1405,نباتي,1405/04/06,08:53:02,ورود موفق,,نشست,,,
,شركت كيهان راه شرق (سهامي خاص),1405,فرهمند1,1405/04/06,08:52:53, ويرايش موجوديت,حسابداري,سند حسابداري,30743,1404/09/25,سند عمومي با شماره ثابت 30743 ذخيره شد
,صولت پارس آمود,1405,آقاحاجي7,1405/04/06,08:52:40, ويرايش موجوديت,حسابداري,سند حسابداري,3853,1404/12/28,سند عمومي با شماره ثابت 3853 ذخيره شد
,شركت قدرت ايمان كوير(سهامي خاص),1404,جوانمرد3,1405/04/06,08:52:40,موجوديت جديد,خزانه داري,سند حسابداري,7990,1404/10/15,سند عمومي با شماره 7990 ذخيره شد
,شركت قدرت ايمان كوير(سهامي خاص),1405,شاهروديان3,1405/04/06,08:52:28, ويرايش موجوديت,خزانه داري,سند حسابداري,7780,1404/11/14,سند عمومي با شماره 7780 تاييد شد
,شركت قدرت ايمان كوير(سهامي خاص),1404,جوانمرد3,1405/04/06,08:52:27,موجوديت جديد,خزانه داري,سند خزانه داري,2349,1404/10/15,سند صورت هزينه تنخواه با شماره 2349 ذخيره شد
,شركت كيهان راه شرق (سهامي خاص),1405,فرامرزسليماني,1405/04/06,08:52:07,موجوديت جديد,انبار,سند انبار,4694,1405/04/06,سند تاييد درخواست كالا با شماره 4694 ثبت شد
,شعبه ششم,1405,يوسفيان,1405/04/06,08:52:04,ورود موفق,,نشست,,,
,شركت كيهان راه شرق (سهامي خاص),1405,فرهمند1,1405/04/06,08:52:03, ويرايش موجوديت,حسابداري,سند حسابداري,30743,1404/09/25,سند عمومي با شماره ثابت 30743 ذخيره شد
,شركت كيهان راه شرق (سهامي خاص),1405,پرويز_هرمزي1,1405/04/06,08:51:50,موجوديت جديد,انبار,سند انبار,6020,1405/04/06,سند درخواست كالا از انبار با شماره 6020 ثبت شد
,شركت كيهان راه شرق (سهامي خاص),1405,فرامرزسليماني,1405/04/06,08:51:49, ويرايش موجوديت,انبار,سند انبار,5871,1405/03/31,سند درخواست كالا از انبار با شماره 5871 ثبت شد
,شركت كيهان راه شرق (سهامي خاص),1405,سبزبان1,1405/04/06,08:51:45,موجوديت جديد,انبار,سند انبار,2586,1405/03/28,سند حواله مصرف  با شماره 2586 ثبت شد
,صولت پارس آمود,1405,آقاحاجي7,1405/04/06,08:51:23,ورود موفق,,نشست,,,
,شركت كيهان راه شرق (سهامي خاص),1405,نيلوفريعقوبي,1405/04/06,08:51:04,ورود موفق,,نشست,,,
,شركت قدرت ايمان كوير(سهامي خاص),1404,جوانمرد3,1405/04/06,08:48:47,موجوديت جديد,خزانه داري,سند حسابداري,7989,1404/10/15,سند عمومي با شماره 7989 ذخيره شد
,شركت قدرت ايمان كوير(سهامي خاص),1404,جوانمرد3,1405/04/06,08:48:33,موجوديت جديد,خزانه داري,سند خزانه داري,2348,1404/10/15,سند صورت هزينه تنخواه با شماره 2348 ذخيره شد
,شركت كيهان راه شرق (سهامي خاص),1405,اجنوردي1,1405/04/06,08:48:15, ويرايش موجوديت,انبار,سند انبار,6019,1405/04/06,سند درخواست كالا از انبار با شماره 6019 ثبت شد
,شركت دنا بنيان بيرجند (سهامي خاص),1405,قاسمي2,1405/04/06,08:48:07,موجوديت جديد,خزانه داري,سند حسابداري,1058,1405/03/30,سند عمومي با شماره 1058 ذخيره شد
,شركت دنا بنيان بيرجند (سهامي خاص),1405,قاسمي2,1405/04/06,08:48:03, ويرايش موجوديت,خزانه داري,سند خزانه داري,109,1405/03/30,سند اعلاميه واريز ريالي با شماره 109 ذخيره شد
,شركت دنا بنيان بيرجند (سهامي خاص),1405,قاسمي2,1405/04/06,08:47:56,موجوديت جديد,خزانه داري,سند خزانه داري,109,1405/03/30,سند اعلاميه واريز ريالي با شماره 109 ذخيره شد
,شركت كيهان راه شرق (سهامي خاص),1405,عليرضاسالاري,1405/04/06,08:47:49, ويرايش موجوديت,انبار,سند انبار,5572,1405/03/27,سند درخواست كالا از انبار با شماره 5572 ثبت شد
,شركت كيهان راه شرق (سهامي خاص),1405,فرامرزسليماني,1405/04/06,08:47:06,موجوديت جديد,انبار,سند انبار,4693,1405/04/06,سند تاييد درخواست كالا با شماره 4693 ثبت شد
,شركت قدرت ايمان كوير(سهامي خاص),1405,شاهروديان3,1405/04/06,08:47:06,ورود موفق,,نشست,,,
,شركت كيهان راه شرق (سهامي خاص),1405,كريمزاده1,1405/04/06,08:46:27,موجوديت جديد,انبار,سند انبار,888,1405/04/06,سند حواله  اماني ما نزد ديگران با شماره 888 ثبت شد
,شركت قدرت ايمان كوير(سهامي خاص),1404,جوانمرد3,1405/04/06,08:46:26,موجوديت جديد,خزانه داري,سند حسابداري,7988,1404/10/15,سند عمومي با شماره 7988 ذخيره شد
,شركت كيهان راه شرق (سهامي خاص),1405,اجنوردي1,1405/04/06,08:46:25,موجوديت جديد,انبار,سند انبار,6019,1405/04/06,سند درخواست كالا از انبار با شماره 6019 ثبت شد
,شركت كيهان راه شرق (سهامي خاص),1405,سبزبان1,1405/04/06,08:46:13,موجوديت جديد,انبار,سند انبار,8076,1405/03/28,سند رسيد خريد  با شماره 8076 ثبت شد
,شركت قدرت ايمان كوير(سهامي خاص),1404,جوانمرد3,1405/04/06,08:46:12,موجوديت جديد,خزانه داري,سند خزانه داري,2347,1404/10/15,سند صورت هزينه تنخواه با شماره 2347 ذخيره شد
,شركت دنا بنيان بيرجند (سهامي خاص),1405,قاسمي2,1405/04/06,08:46:11,ورود موفق,,نشست,,,
,شركت كيهان راه شرق (سهامي خاص),1405,فرامرزسليماني,1405/04/06,08:45:29, ويرايش موجوديت,انبار,سند انبار,5961,1405/04/02,سند درخواست كالا از انبار با شماره 5961 ثبت شد
,شركت كيهان راه شرق (سهامي خاص),1405,علايي,1405/04/06,08:45:28, ويرايش موجوديت,انبار,سند انبار,5379,1405/03/25,سند درخواست كالا از انبار با شماره 5379 ثبت شد
,شركت كيهان راه شرق (سهامي خاص),1405,علايي,1405/04/06,08:44:52, ويرايش موجوديت,انبار,سند انبار,5411,1405/03/25,سند درخواست كالا از انبار با شماره 5411 ثبت شد
,شركت كيهان راه شرق (سهامي خاص),1405,كريمزاده1,1405/04/06,08:44:38,موجوديت جديد,انبار,سند انبار,2585,1405/03/10,سند حواله مصرف  با شماره 2585 ثبت شد
,شركت قدرت ايمان كوير(سهامي خاص),1404,جوانمرد3,1405/04/06,08:44:35,موجوديت جديد,خزانه داري,سند حسابداري,7987,1404/10/16,سند عمومي با شماره 7987 ذخيره شد
,شركت كيهان راه شرق (سهامي خاص),1405,فرامرزسليماني,1405/04/06,08:44:33,موجوديت جديد,انبار,سند انبار,4692,1405/04/06,سند تاييد درخواست كالا با شماره 4692 ثبت شد
,شركت قدرت ايمان كوير(سهامي خاص),1404,جوانمرد3,1405/04/06,08:44:21,موجوديت جديد,خزانه داري,سند خزانه داري,2346,1404/10/16,سند صورت هزينه تنخواه با شماره 2346 ذخيره شد
,شركت كيهان راه شرق (سهامي خاص),1405,پاشايي,1405/04/06,08:44:16,موجوديت جديد,انبار,سند انبار,1690,1405/02/23,سند حواله انتقال بين انبار با شماره 1690 ثبت شد
,شركت كيهان راه شرق (سهامي خاص),1405,اجنوردي1,1405/04/06,08:43:48,ورود موفق,,نشست,,,
,شركت كيهان راه شرق (سهامي خاص),1405,فرامرزسليماني,1405/04/06,08:43:33,موجوديت جديد,انبار,سند انبار,4691,1405/04/06,سند تاييد درخواست كالا با شماره 4691 ثبت شد
,شركت كيهان راه شرق (سهامي خاص),1405,فرامرزسليماني,1405/04/06,08:43:23, ويرايش موجوديت,انبار,سند انبار,5909,1405/04/01,سند درخواست كالا از انبار با شماره 5909 ثبت شد
,شركت قدرت ايمان كوير(سهامي خاص),1404,جوانمرد3,1405/04/06,08:42:52,موجوديت جديد,خزانه داري,سند حسابداري,7986,1404/10/16,سند عمومي با شماره 7986 ذخيره شد
,شركت قدرت ايمان كوير(سهامي خاص),1404,جوانمرد3,1405/04/06,08:42:37,موجوديت جديد,خزانه داري,سند خزانه داري,2345,1404/10/16,سند صورت هزينه تنخواه با شماره 2345 ذخيره شد
,شركت كيهان راه شرق (سهامي خاص),1405,فروزان,1405/04/06,08:42:11,ورود موفق,,نشست,,,
,شركت كيهان راه شرق (سهامي خاص),1405,پاشايي,1405/04/06,08:41:58, ويرايش موجوديت,انبار,سند انبار,8075,1405/02/23,سند رسيد خريد  با شماره 8075 ثبت شد
,شركت كيهان راه شرق (سهامي خاص),1405,فرامرزسليماني,1405/04/06,08:41:21, ويرايش موجوديت,انبار,سند انبار,5908,1405/04/01,سند درخواست كالا از انبار با شماره 5908 ثبت شد
,شركت كيهان راه شرق (سهامي خاص),1405,سبزبان1,1405/04/06,08:40:30,موجوديت جديد,انبار,سند انبار,2584,1405/03/21,سند حواله مصرف  با شماره 2584 ثبت شد
,شركت قدرت ايمان كوير(سهامي خاص),1404,جوانمرد3,1405/04/06,08:40:13,موجوديت جديد,خزانه داري,سند حسابداري,7985,1404/10/17,سند عمومي با شماره 7985 ذخيره شد
,شركت قدرت ايمان كوير(سهامي خاص),1404,جوانمرد3,1405/04/06,08:40:00,موجوديت جديد,خزانه داري,سند خزانه داري,2344,1404/10/17,سند صورت هزينه تنخواه با شماره 2344 ذخيره شد
,شركت كيهان راه شرق (سهامي خاص),1405,علايي,1405/04/06,08:39:37, ويرايش موجوديت,انبار,سند انبار,5211,1405/03/24,سند درخواست كالا از انبار با شماره 5211 ثبت شد
,شركت كيهان راه شرق (سهامي خاص),1405,مجتبي سابقي1,1405/04/06,08:39:22, ويرايش موجوديت,انبار,سند انبار,7883,1405/03/20,سند رسيد خريد  با شماره 7883 ثبت شد
,شركت كيهان راه شرق (سهامي خاص),1405,ارغواني1,1405/04/06,08:39:07,موجوديت جديد,انبار,سند انبار,6018,1405/04/06,سند درخواست كالا از انبار با شماره 6018 ثبت شد
,شركت كيهان راه شرق (سهامي خاص),1405,كريمزاده1,1405/04/06,08:39:04,موجوديت جديد,انبار,سند انبار,2583,1405/03/12,سند حواله مصرف  با شماره 2583 ثبت شد
,شركت قدرت ايمان كوير(سهامي خاص),1404,جوانمرد3,1405/04/06,08:38:04,موجوديت جديد,خزانه داري,سند حسابداري,7984,1404/10/17,سند عمومي با شماره 7984 ذخيره شد
,شركت قدرت ايمان كوير(سهامي خاص),1404,جوانمرد3,1405/04/06,08:37:48,موجوديت جديد,خزانه داري,سند خزانه داري,2343,1404/10/17,سند صورت هزينه تنخواه با شماره 2343 ذخيره شد
,شركت كيهان راه شرق (سهامي خاص),1405,پاشايي,1405/04/06,08:37:39, ويرايش موجوديت,انبار,سند انبار,8075,1405/02/23,سند رسيد خريد  با شماره 8075 ثبت شد
,شركت كيهان راه شرق (سهامي خاص),1405,علايي,1405/04/06,08:37:24, ويرايش موجوديت,انبار,سند انبار,5211,1405/03/24,سند درخواست كالا از انبار با شماره 5211 ثبت شد
,شركت كيهان راه شرق (سهامي خاص),1405,پاشايي,1405/04/06,08:36:32,موجوديت جديد,انبار,سند انبار,8075,1405/02/23,سند رسيد خريد  با شماره 8075 ثبت شد
,شركت كيهان راه شرق (سهامي خاص),1405,سبزبان1,1405/04/06,08:36:24, ويرايش موجوديت,انبار,سند انبار,8074,1405/03/21,سند رسيد خريد  با شماره 8074 ثبت شد
,شركت كيهان راه شرق (سهامي خاص),1405,فرهمند1,1405/04/06,08:36:06, ويرايش موجوديت,حسابداري,سند حسابداري,30743,1404/09/25,سند عمومي با شماره ثابت 30743 ذخيره شد
,شركت كيهان راه شرق (سهامي خاص),1405,فرهمند1,1405/04/06,08:35:13,ورود موفق,,نشست,,,
,شركت كيهان راه شرق (سهامي خاص),1405,رحمانيان,1405/04/06,08:35:12, ويرايش موجوديت,انبار,سند انبار,6017,1405/04/06,سند درخواست كالا از انبار با شماره 6017 ثبت شد
,شركت كيهان راه شرق (سهامي خاص),1405,سبزبان1,1405/04/06,08:35:11,موجوديت جديد,انبار,سند انبار,8074,1405/03/21,سند رسيد خريد  با شماره 8074 ثبت شد
,شركت كيهان راه شرق (سهامي خاص),1404,تقوي1,1405/04/06,08:33:58, ويرايش موجوديت,حسابداري,سند حسابداري,28849,1404/10/30,سند عمومي با شماره ثابت 28849 ذخيره شد
,تفتان ره ساز پارس,1405,دادرس,1405/04/06,08:33:50,ورود موفق,,نشست,,,
,شركت كيهان راه شرق (سهامي خاص),1405,شهنواز1,1405/04/06,08:32:54,موجوديت جديد,انبار,سند انبار,8073,1405/01/19,سند رسيد خريد  با شماره 8073 ثبت شد
,شركت كيهان راه شرق (سهامي خاص),1405,كريمزاده1,1405/04/06,08:32:17,موجوديت جديد,انبار,سند انبار,2582,1405/03/08,سند حواله مصرف  با شماره 2582 ثبت شد
,شركت قدرت ايمان كوير(سهامي خاص),1404,قاسمي3,1405/04/06,08:32:10,موجوديت جديد,خزانه داري,سند حسابداري,1010,1405/03/27,سند عمومي با شماره 1010 ذخيره شد
,شركت كيهان راه شرق (سهامي خاص),1405,عليرضاسالاري,1405/04/06,08:31:24, ويرايش موجوديت,انبار,سند انبار,6014,1405/04/06,سند درخواست كالا از انبار با شماره 6014 ثبت شد
,شركت قدرت ايمان كوير(سهامي خاص),1404,قاسمي3,1405/04/06,08:31:18, ويرايش موجوديت,خزانه داري,سند خزانه داري,1,1405/03/27,سند وصول چك دريافتي با شماره 1 ذخيره شد
,شركت قدرت ايمان كوير(سهامي خاص),1404,قاسمي3,1405/04/06,08:30:48,موجوديت جديد,خزانه داري,سند خزانه داري,1,1405/03/27,سند وصول چك دريافتي با شماره 1 ذخيره شد
,شركت كيهان راه شرق (سهامي خاص),1405,درويش_نيا_تربت,1405/04/06,08:30:46, ويرايش موجوديت,انبار,سند انبار,6017,1405/04/06,سند درخواست كالا از انبار با شماره 6017 ثبت شد
,شركت كيهان راه شرق (سهامي خاص),1405,درويش_نيا_تربت,1405/04/06,08:30:16, ويرايش موجوديت,انبار,سند انبار,6017,1405/04/06,سند درخواست كالا از انبار با شماره 6017 ثبت شد
,شركت كيهان راه شرق (سهامي خاص),1405,درويش_نيا_تربت,1405/04/06,08:30:11,موجوديت جديد,انبار,سند انبار,6017,1405/04/06,سند درخواست كالا از انبار با شماره 6017 ثبت شد
,شركت كيهان راه شرق (سهامي خاص),1405,محمد رضايي,1405/04/06,08:27:57, ويرايش موجوديت,انبار,سند انبار,1008,1405/02/30,سند حواله انتقال بين انبار با شماره 1008 ثبت شد
,شركت كيهان راه شرق (سهامي خاص),1405,سجادزنگويي1,1405/04/06,08:27:46,موجوديت جديد,انبار,سند انبار,8072,1405/03/09,سند رسيد خريد  با شماره 8072 ثبت شد
,شركت كيهان راه شرق (سهامي خاص),1405,محمد رضايي,1405/04/06,08:27:26, ويرايش موجوديت,انبار,سند انبار,1107,1405/02/24,سند حواله انتقال بين انبار با شماره 1107 ثبت شد
,شركت قدرت ايمان كوير(سهامي خاص),1404,جوانمرد3,1405/04/06,08:26:31,موجوديت جديد,خزانه داري,سند حسابداري,7983,1404/10/17,سند عمومي با شماره 7983 ذخيره شد
,شركت قدرت ايمان كوير(سهامي خاص),1404,جوانمرد3,1405/04/06,08:26:12,موجوديت جديد,خزانه داري,سند خزانه داري,2342,1404/10/17,سند صورت هزينه تنخواه با شماره 2342 ذخيره شد
,شركت كيهان راه شرق (سهامي خاص),1405,فاطمي1,1405/04/06,08:25:52,ورود موفق,,نشست,,,
,شركت قدرت ايمان كوير(سهامي خاص),1404,قاسمي3,1405/04/06,08:25:37,ورود موفق,,نشست,,,
,شركت كيهان راه شرق (سهامي خاص),1405,عليرضاسالاري,1405/04/06,08:24:33, ويرايش موجوديت,انبار,سند انبار,5988,1405/04/03,سند درخواست كالا از انبار با شماره 5988 ثبت شد
,شركت كيهان راه شرق (سهامي خاص),1405,محمد رضايي,1405/04/06,08:24:04,ورود موفق,,نشست,,,
,صولت پارس آمود,1404,فاطمي,1405/04/06,08:23:43,ورود موفق,,نشست,,,
,شركت كيهان راه شرق (سهامي خاص),1404,تقوي1,1405/04/06,08:23:26, ويرايش موجوديت,حسابداري,سند حسابداري,28324,1404/11/30,سند عمومي با شماره ثابت 28324 ذخيره شد
,شركت كيهان راه شرق (سهامي خاص),1405,فرامرزسليماني,1405/04/06,08:23:14,ورود موفق,,نشست,,,
,شركت كيهان راه شرق (سهامي خاص),1405,سيدي,1405/04/06,08:23:11,ورود موفق,,نشست,,,
,شركت قدرت ايمان كوير(سهامي خاص),1404,جوانمرد3,1405/04/06,08:23:05,موجوديت جديد,خزانه داري,سند حسابداري,7982,1404/10/18,سند عمومي با شماره 7982 ذخيره شد
,شركت كيهان راه شرق (سهامي خاص),1405,محمد رضايي,1405/04/06,08:23:04, ويرايش موجوديت,انبار,سند انبار,1273,1405/03/19,سند حواله انتقال بين انبار با شماره 1273 ثبت شد
,شركت كيهان راه شرق (سهامي خاص),1405,محمد رضايي,1405/04/06,08:22:55, ويرايش موجوديت,انبار,سند انبار,1273,1405/03/19,سند حواله انتقال بين انبار با شماره 1273 ثبت شد
,شركت قدرت ايمان كوير(سهامي خاص),1404,جوانمرد3,1405/04/06,08:22:51,موجوديت جديد,خزانه داري,سند خزانه داري,2341,1404/10/18,سند صورت هزينه تنخواه با شماره 2341 ذخيره شد
,شركت كيهان راه شرق (سهامي خاص),1405,مختاري,1405/04/06,08:22:16,ورود موفق,,نشست,,,
,شركت كيهان راه شرق (سهامي خاص),1405,عليرضاسالاري,1405/04/06,08:21:28,ورود موفق,,نشست,,,
,شركت قدرت ايمان كوير(سهامي خاص),1405,كاظميان3,1405/04/06,08:21:02,موجوديت جديد,خزانه داري,سند حسابداري,7981,1404/07/07,سند عمومي با شماره 7981 ذخيره شد
,شركت قدرت ايمان كوير(سهامي خاص),1405,كاظميان3,1405/04/06,08:20:36,موجوديت جديد,خزانه داري,سند خزانه داري,2340,1404/07/07,سند صورت هزينه تنخواه با شماره 2340 ذخيره شد
,شركت كيهان راه شرق (سهامي خاص),1405,سبزبان1,1405/04/06,08:19:10,ورود موفق,,نشست,,,
,شركت كيهان راه شرق (سهامي خاص),1405,عبدپور_طرق,1405/04/06,08:19:08, ويرايش موجوديت,انبار,سند انبار,405,1405/01/26,سند حواله مصرف ماشين آلات با شماره 405 ثبت شد
,,,سبزبان1,1405/04/06,08:18:51,ورود ناموفق (عدم صحت نام کاربر يا کلمه عبور),,نشست,,,
,,,سبزبان1,1405/04/06,08:18:39,ورود ناموفق (عدم صحت نام کاربر يا کلمه عبور),,نشست,,,
,رايان سازه آذرخش,1404,قاسمي9,1405/04/06,08:18:21, ويرايش موجوديت,خزانه داري,سند حسابداري,976,1404/09/18,سند عمومي با شماره 976 ذخيره شد
,رايان سازه آذرخش,1404,قاسمي9,1405/04/06,08:18:16, ويرايش موجوديت,خزانه داري,سند حسابداري,976,1404/09/18,سند عمومي با شماره 976 ذخيره شد
,شركت كيهان راه شرق (سهامي خاص),1405,كريمزاده1,1405/04/06,08:18:11,موجوديت جديد,انبار,سند انبار,2581,1405/03/10,سند حواله مصرف  با شماره 2581 ثبت شد
,شركت كيهان راه شرق (سهامي خاص),1404,تقوي1,1405/04/06,08:18:03, ويرايش موجوديت,حسابداري,سند حسابداري,29702,1404/12/29,سند عمومي با شماره ثابت 29702 ذخيره شد
,شركت كيهان راه شرق (سهامي خاص),1404,بهاريان م1,1405/04/06,08:17:36,ورود موفق,,نشست,,,
,شركت قدرت ايمان كوير(سهامي خاص),1404,جوانمرد3,1405/04/06,08:17:36,موجوديت جديد,خزانه داري,سند حسابداري,7980,1404/10/18,سند عمومي با شماره 7980 ذخيره شد
,شركت قدرت ايمان كوير(سهامي خاص),1404,جوانمرد3,1405/04/06,08:17:20,موجوديت جديد,خزانه داري,سند خزانه داري,2339,1404/10/18,سند صورت هزينه تنخواه با شماره 2339 ذخيره شد
,شركت كيهان راه شرق (سهامي خاص),1405,مجتبي سابقي1,1405/04/06,08:17:12, ويرايش موجوديت,انبار,سند انبار,7883,1405/03/20,سند رسيد خريد  با شماره 7883 ثبت شد
,رايان سازه آذرخش,1404,قاسمي9,1405/04/06,08:17:07,ورود موفق,,نشست,,,
,شركت كيهان راه شرق (سهامي خاص),1405,شماعيل زاده,1405/04/06,08:17:04,ورود موفق,,نشست,,,
,,,شماعيل زاده,1405/04/06,08:16:57,ورود ناموفق (عدم صحت نام کاربر يا کلمه عبور),,نشست,,,
,شركت كيهان راه شرق (سهامي خاص),1404,محمد رضايي,1405/04/06,08:16:54,ورود موفق,,نشست,,,
,شركت كيهان راه شرق (سهامي خاص),1405,مجتبي سابقي1,1405/04/06,08:16:23, ويرايش موجوديت,انبار,سند انبار,7883,1405/03/20,سند رسيد خريد  با شماره 7883 ثبت شد
,شركت كيهان راه شرق (سهامي خاص),1405,رحمانيان,1405/04/06,08:15:59, ويرايش موجوديت,انبار,سند انبار,6016,1405/04/06,سند درخواست كالا از انبار با شماره 6016 ثبت شد
,شركت قدرت ايمان كوير(سهامي خاص),1405,سيدمرتضي_حسيني3,1405/04/06,08:15:56,موجوديت جديد,حسابداري,سند حسابداري,1009,1405/02/31,سند عمومي با شماره ثابت 1009 ذخيره شد
,شركت كيهان راه شرق (سهامي خاص),1405,سجادزنگويي1,1405/04/06,08:15:46,موجوديت جديد,انبار,سند انبار,8071,1405/03/10,سند رسيد خريد  با شماره 8071 ثبت شد
,شركت كيهان راه شرق (سهامي خاص),1405,مجتبي سابقي1,1405/04/06,08:15:36, ويرايش موجوديت,انبار,سند انبار,7881,1405/03/25,سند رسيد خريد  با شماره 7881 ثبت شد
,شركت كيهان راه شرق (سهامي خاص),1405,نباتي,1405/04/06,08:15:02,ورود موفق,,نشست,,,
,شركت كيهان راه شرق (سهامي خاص),1405,غلامي,1405/04/06,08:14:22,ورود موفق,,نشست,,,
,شركت كيهان راه شرق (سهامي خاص),1405,كريمزاده1,1405/04/06,08:13:12, ويرايش موجوديت,انبار,سند انبار,5988,1405/04/03,سند درخواست كالا از انبار با شماره 5988 ثبت شد
,شركت كيهان راه شرق (سهامي خاص),1404,تقوي1,1405/04/06,08:12:58, ويرايش موجوديت,حسابداري,سند حسابداري,17172,1404/10/07,سند عمومي با شماره ثابت 17172 ذخيره شد
,شركت كيهان راه شرق (سهامي خاص),1405,ابوالفضل_سابقي1,1405/04/06,08:12:54,موجوديت جديد,انبار,سند انبار,8070,1405/03/05,سند رسيد خريد  با شماره 8070 ثبت شد
,شركت كيهان راه شرق (سهامي خاص),1405,پاشايي,1405/04/06,08:12:15,موجوديت جديد,انبار,سند انبار,1689,1405/03/07,سند حواله انتقال بين انبار با شماره 1689 ثبت شد
,شركت كيهان راه شرق (سهامي خاص),1404,تقوي1,1405/04/06,08:11:41,ورود موفق,,نشست,,,
,شركت قدرت ايمان كوير(سهامي خاص),1404,جوانمرد3,1405/04/06,08:11:30,ورود موفق,,نشست,,,
,شركت قدرت ايمان كوير(سهامي خاص),1405,سيدمرتضي_حسيني3,1405/04/06,08:11:20, ويرايش موجوديت,حسابداري,سند حسابداري,1008,1405/01/31,سند عمومي با شماره ثابت 1008 ذخيره شد
,شركت كيهان راه شرق (سهامي خاص),1405,كريمزاده1,1405/04/06,08:10:41,ورود موفق,,نشست,,,
,شركت كيهان راه شرق (سهامي خاص),1405,مجتبي سابقي1,1405/04/06,08:10:37, ويرايش موجوديت,انبار,سند انبار,2580,1405/04/06,سند حواله مصرف  با شماره 2580 ثبت شد
,شركت كيهان راه شرق (سهامي خاص),1404,احمدآبادي,1405/04/06,08:09:50,ورود موفق,,نشست,,,
,شركت قدرت ايمان كوير(سهامي خاص),1405,سيدمرتضي_حسيني3,1405/04/06,08:09:45,موجوديت جديد,حسابداري,سند حسابداري,1008,1405/01/31,سند عمومي با شماره ثابت 1008 ذخيره شد
,شركت كيهان راه شرق (سهامي خاص),1405,عليرضاسالاري,1405/04/06,08:09:43, ويرايش موجوديت,انبار,سند انبار,5972,1405/04/02,سند درخواست كالا از انبار با شماره 5972 ثبت شد
,,,صفري7,1405/04/06,08:09:43,تغيير کلمه عبور موفق,,نشست,,,
,شركت كيهان راه شرق (سهامي خاص),1405,عليرضاسالاري,1405/04/06,08:09:21, ويرايش موجوديت,انبار,سند انبار,5972,1405/04/02,سند درخواست كالا از انبار با شماره 5972 ثبت شد
,صولت پارس آمود,1405,صفري7,1405/04/06,08:09:21,ورود موفق,,نشست,,,
,شركت كيهان راه شرق (سهامي خاص),1405,مجتبي سابقي1,1405/04/06,08:09:18, ويرايش موجوديت,انبار,سند انبار,2580,1405/04/06,سند حواله مصرف  با شماره 2580 ثبت شد
,شركت كيهان راه شرق (سهامي خاص),1404,محمدرضا_سلمانيان,1405/04/06,08:09:17,ورود موفق,,نشست,,,
,,,,1405/04/06,08:09:16,ورود ناموفق (عدم صحت نام کاربر يا کلمه عبور),,نشست,,,
,,,,1405/04/06,08:09:11,ورود ناموفق (عدم صحت نام کاربر يا کلمه عبور),,نشست,,,
,شركت كيهان راه شرق (سهامي خاص),1405,ابوالفضل_سابقي1,1405/04/06,08:09:06,موجوديت جديد,انبار,سند انبار,8069,1405/03/09,سند رسيد خريد  با شماره 8069 ثبت شد
,شركت برش كوه آريا پارت (سهامي خاص),1405,شاهوردي5,1405/04/06,08:08:27,ورود موفق,,نشست,,,
,شركت كيهان راه شرق (سهامي خاص),1405,مجتبي سابقي1,1405/04/06,08:08:20, ويرايش موجوديت,انبار,سند انبار,3974,1405/04/06,سند حواله مصرف ماشين آلات با شماره 3974 ثبت شد
,شركت كيهان راه شرق (سهامي خاص),1405,سجادزنگويي1,1405/04/06,08:08:19, ويرايش موجوديت,انبار,سند انبار,8067,1405/04/17,سند رسيد خريد  با شماره 8067 ثبت شد
,,,صفري4,1405/04/06,08:08:19,تغيير کلمه عبور موفق,,نشست,,,
,شركت كيهان راه شرق (سهامي خاص),1405,مجتبي سابقي1,1405/04/06,08:08:06, ويرايش موجوديت,انبار,سند انبار,3974,1405/04/06,سند حواله مصرف ماشين آلات با شماره 3974 ثبت شد
,شركت بنا بام بيستون (سهامي خاص),1405,صفري4,1405/04/06,08:08:01,ورود موفق,,نشست,,,
,شركت كيهان راه شرق (سهامي خاص),1405,پاشايي,1405/04/06,08:08:01,موجوديت جديد,انبار,سند انبار,8068,1405/03/07,سند رسيد خريد  با شماره 8068 ثبت شد
,شركت كيهان راه شرق (سهامي خاص),1405,رحمانيان,1405/04/06,08:07:53, ويرايش موجوديت,انبار,سند انبار,6016,1405/04/06,سند درخواست كالا از انبار با شماره 6016 ثبت شد
,,,صفري3,1405/04/06,08:07:51,تغيير کلمه عبور موفق,,نشست,,,
,شركت كيهان راه شرق (سهامي خاص),1404,احمدآبادي,1405/04/06,08:07:37,ورود موفق,,نشست,,,
,شركت قدرت ايمان كوير(سهامي خاص),1405,صفري3,1405/04/06,08:07:33,ورود موفق,,نشست,,,
,شركت كيهان راه شرق (سهامي خاص),1405,رحمانيان,1405/04/06,08:07:30, ويرايش موجوديت,انبار,سند انبار,6014,1405/04/06,سند درخواست كالا از انبار با شماره 6014 ثبت شد
,,,صفري1,1405/04/06,08:07:25,تغيير کلمه عبور موفق,,نشست,,,
,شركت كيهان راه شرق (سهامي خاص),1405,عليرضاسالاري,1405/04/06,08:06:51, ويرايش موجوديت,انبار,سند انبار,6015,1405/04/06,سند درخواست كالا از انبار با شماره 6015 ثبت شد
,شركت كيهان راه شرق (سهامي خاص),1405,سجادزنگويي1,1405/04/06,08:06:46,موجوديت جديد,انبار,سند انبار,8067,1405/04/17,سند رسيد خريد  با شماره 8067 ثبت شد
,شركت قدرت ايمان كوير(سهامي خاص),1405,كاظميان3,1405/04/06,08:06:42,موجوديت جديد,خزانه داري,سند حسابداري,7979,1404/07/08,سند عمومي با شماره 7979 ذخيره شد
,شركت كيهان راه شرق (سهامي خاص),1405,صفري1,1405/04/06,08:06:41,ورود موفق,,نشست,,,
,شركت كيهان راه شرق (سهامي خاص),1405,عليرضاسالاري,1405/04/06,08:06:10, ويرايش موجوديت,انبار,سند انبار,6015,1405/04/06,سند درخواست كالا از انبار با شماره 6015 ثبت شد
,شركت كيهان راه شرق (سهامي خاص),1405,كريمزاده1,1405/04/06,08:06:06,ورود موفق,,نشست,,,
,شركت كيهان راه شرق (سهامي خاص),1405,بهرامي1بيرجند,1405/04/06,08:05:47,موجوديت جديد,انبار,سند انبار,6016,1405/04/06,سند درخواست كالا از انبار با شماره 6016 ثبت شد
,شركت قدرت ايمان كوير(سهامي خاص),1405,سيدمرتضي_حسيني3,1405/04/06,08:05:34,ورود موفق,,نشست,,,
,شركت قدرت ايمان كوير(سهامي خاص),1405,كاظميان3,1405/04/06,08:05:32,موجوديت جديد,خزانه داري,سند خزانه داري,2338,1404/07/08,سند صورت هزينه تنخواه با شماره 2338 ذخيره شد
,شركت كيهان راه شرق (سهامي خاص),1405,محمد رضايي,1405/04/06,08:05:25, ويرايش موجوديت,انبار,سند انبار,1584,1405/01/29,سند حواله انتقال بين انبار با شماره 1584 ثبت شد
,شركت كيهان راه شرق (سهامي خاص),1405,شماعيل زاده,1405/04/06,08:05:19,ورود موفق,,نشست,,,
,شركت كيهان راه شرق (سهامي خاص),1405,مجتبي سابقي1,1405/04/06,08:04:23, ويرايش موجوديت,انبار,سند انبار,3974,1405/04/06,سند حواله مصرف ماشين آلات با شماره 3974 ثبت شد
,شركت برش كوه آريا پارت (سهامي خاص),1405,جوانمرد5,1405/04/06,08:04:15,موجوديت جديد,خزانه داري,سند خزانه داري,7,1405/03/16,سند انتقال بين بانك ها با شماره 7 ذخيره شد
,شركت كيهان راه شرق (سهامي خاص),1405,مجتبي سابقي1,1405/04/06,08:04:07,موجوديت جديد,انبار,سند انبار,3974,1405/04/06,سند حواله مصرف ماشين آلات با شماره 3974 ثبت شد
,شركت كيهان راه شرق (سهامي خاص),1405,عليرضاسالاري,1405/04/06,08:03:32, ويرايش موجوديت,انبار,سند انبار,6013,1405/04/06,سند درخواست كالا از انبار با شماره 6013 ثبت شد
,شركت كيهان راه شرق (سهامي خاص),1405,بهرامي1بيرجند,1405/04/06,08:03:26,موجوديت جديد,انبار,سند انبار,6015,1405/04/06,سند درخواست كالا از انبار با شماره 6015 ثبت شد
,شركت كيهان راه شرق (سهامي خاص),1405,شماعيل زاده,1405/04/06,08:03:11,ورود موفق,,نشست,,,
,شركت قدرت ايمان كوير(سهامي خاص),1405,قاسمي3,1405/04/06,08:03:06, ويرايش موجوديت,خزانه داري,سند حسابداري,6024,1404/12/14,سند عمومي با شماره 6024 تاييد شد
,شركت كيهان راه شرق (سهامي خاص),1405,مجتبي سابقي1,1405/04/06,08:02:48,موجوديت جديد,انبار,سند انبار,2580,1405/04/06,سند حواله مصرف  با شماره 2580 ثبت شد
,شركت كيهان راه شرق (سهامي خاص),1405,محمدحداد,1405/04/06,08:02:38,موجوديت جديد,انبار,سند انبار,4690,1405/04/06,سند تاييد درخواست كالا با شماره 4690 ثبت شد
,شركت كيهان راه شرق (سهامي خاص),1405,عبدپور_طرق,1405/04/06,08:02:33,موجوديت جديد,انبار,سند انبار,6014,1405/04/06,سند درخواست كالا از انبار با شماره 6014 ثبت شد
,شركت كيهان راه شرق (سهامي خاص),1404,اميررضارحيمي1,1405/04/06,08:02:22,ورود موفق,,نشست,,,
,شركت كيهان راه شرق (سهامي خاص),1405,علايي,1405/04/06,08:02:21,ورود موفق,,نشست,,,
,شركت كيهان راه شرق (سهامي خاص),1405,جابرسرگزي1,1405/04/06,08:02:16,موجوديت جديد,انبار,سند انبار,2579,1405/02/31,سند حواله مصرف  با شماره 2579 ثبت شد
,شركت بنا بام بيستون (سهامي خاص),1405,آقاحاجي,1405/04/06,08:01:56,ورود موفق,,نشست,,,
,شركت كيهان راه شرق (سهامي خاص),1405,عليرضاسالاري,1405/04/06,08:01:41, ويرايش موجوديت,انبار,سند انبار,6013,1405/04/06,سند درخواست كالا از انبار با شماره 6013 ثبت شد
,شركت كيهان راه شرق (سهامي خاص),1405,سجادزنگويي1,1405/04/06,08:01:37, ويرايش موجوديت,انبار,سند انبار,8066,1405/03/19,سند رسيد خريد  با شماره 8066 ثبت شد
,شركت كيهان راه شرق (سهامي خاص),1405,جابرسرگزي1,1405/04/06,08:01:11,موجوديت جديد,انبار,سند انبار,1458,1405/02/27,سند رسيد انتقال بين انبار با شماره 1458 ثبت شد
,شركت كيهان راه شرق (سهامي خاص),1405,رحمانيان,1405/04/06,08:00:56, ويرايش موجوديت,انبار,سند انبار,6013,1405/04/06,سند درخواست كالا از انبار با شماره 6013 ثبت شد
,شركت برش كوه آريا پارت (سهامي خاص),1405,جوانمرد5,1405/04/06,08:00:54,موجوديت جديد,خزانه داري,سند خزانه داري,62,1405/03/16,سند اعلاميه برداشت ريالي با شماره 62 ذخيره شد
,شركت كيهان راه شرق (سهامي خاص),1405,جابرسرگزي1,1405/04/06,08:00:26,موجوديت جديد,انبار,سند انبار,1457,1405/03/19,سند رسيد انتقال بين انبار با شماره 1457 ثبت شد
,شركت كيهان راه شرق (سهامي خاص),1405,رحمانيان,1405/04/06,08:00:05, ويرايش موجوديت,انبار,سند انبار,6013,1405/04/06,سند درخواست كالا از انبار با شماره 6013 ثبت شد
,شركت كيهان راه شرق (سهامي خاص),1404,احمدآبادي,1405/04/06,07:59:55,ورود موفق,,نشست,,,
,پايش مسير اقليم,1404,سيدمرتضي_حسيني11,1405/04/06,07:59:51,موجوديت جديد,حسابداري,سند حسابداري,2601,1404/07/03,سند عمومي با شماره ثابت 2601 ذخيره شد
,شركت كيهان راه شرق (سهامي خاص),1405,جابرسرگزي1,1405/04/06,07:59:36,موجوديت جديد,انبار,سند انبار,1456,1405/03/31,سند رسيد انتقال بين انبار با شماره 1456 ثبت شد
,شركت كيهان راه شرق (سهامي خاص),1405,رحمانيان,1405/04/06,07:59:25,موجوديت جديد,انبار,سند انبار,4689,1405/04/06,سند تاييد درخواست كالا با شماره 4689 ثبت شد
,شركت دنا بنيان بيرجند (سهامي خاص),1405,فرزانه,1405/04/06,07:59:06,ورود موفق,,نشست,,,
,شركت كيهان راه شرق (سهامي خاص),1404,اميررضارحيمي,1405/04/06,07:58:55,ورود موفق,,نشست,,,
,شركت كيهان راه شرق (سهامي خاص),1405,رحمانيان,1405/04/06,07:58:41, ويرايش موجوديت,انبار,سند انبار,6012,1405/04/06,سند درخواست كالا از انبار با شماره 6012 ثبت شد
,شركت قدرت ايمان كوير(سهامي خاص),1405,كاظميان3,1405/04/06,07:58:40,ورود موفق,,نشست,,,
,شركت كيهان راه شرق (سهامي خاص),1405,محمدحداد,1405/04/06,07:58:19, ويرايش موجوديت,انبار,سند انبار,5973,1405/04/02,سند درخواست كالا از انبار با شماره 5973 ثبت شد
,شركت كيهان راه شرق (سهامي خاص),1405,جابرسرگزي1,1405/04/06,07:58:14,موجوديت جديد,انبار,سند انبار,1455,1405/03/18,سند رسيد انتقال بين انبار با شماره 1455 ثبت شد
,شركت كيهان راه شرق (سهامي خاص),1405,رحمانيان,1405/04/06,07:57:56,موجوديت جديد,انبار,سند انبار,4688,1405/04/06,سند تاييد درخواست كالا با شماره 4688 ثبت شد
,شركت كيهان راه شرق (سهامي خاص),1405,رحمانيان,1405/04/06,07:57:45, ويرايش موجوديت,انبار,سند انبار,6011,1405/04/06,سند درخواست كالا از انبار با شماره 6011 ثبت شد
,شركت كيهان راه شرق (سهامي خاص),1405,رحمانيان,1405/04/06,07:57:17,موجوديت جديد,انبار,سند انبار,4687,1405/04/06,سند تاييد درخواست كالا با شماره 4687 ثبت شد
,شركت كيهان راه شرق (سهامي خاص),1405,جابرسرگزي1,1405/04/06,07:56:52,موجوديت جديد,انبار,سند انبار,1454,1405/03/24,سند رسيد انتقال بين انبار با شماره 1454 ثبت شد
,شركت كيهان راه شرق (سهامي خاص),1405,نباتي,1405/04/06,07:56:32,ورود موفق,,نشست,,,
,شركت كيهان راه شرق (سهامي خاص),1405,سجادزنگويي1,1405/04/06,07:56:27, ويرايش موجوديت,انبار,سند انبار,8066,1405/03/19,سند رسيد خريد  با شماره 8066 ثبت شد
,شركت كيهان راه شرق (سهامي خاص),1405,سجادزنگويي1,1405/04/06,07:56:17,موجوديت جديد,انبار,سند انبار,8066,1405/03/19,سند رسيد خريد  با شماره 8066 ثبت شد
,شركت كيهان راه شرق (سهامي خاص),1405,عليرضاسالاري,1405/04/06,07:56:12, ويرايش موجوديت,انبار,سند انبار,5981,1405/04/02,سند درخواست كالا از انبار با شماره 5981 ثبت شد
,شركت قدرت ايمان كوير(سهامي خاص),1405,كارآموز,1405/04/06,07:55:57,ورود موفق,,نشست,,,
,شركت كيهان راه شرق (سهامي خاص),1405,محمدحداد,1405/04/06,07:54:48, ويرايش موجوديت,انبار,سند انبار,5029,1405/03/21,سند درخواست كالا از انبار با شماره 5029 ثبت شد
,تفتان ره ساز پارس,1405,محمدزاده15,1405/04/06,07:54:41,ورود موفق,,نشست,,,
,شركت كيهان راه شرق (سهامي خاص),1405,سبزبان1,1405/04/06,07:54:30,ورود موفق,,نشست,,,
,شركت كيهان راه شرق (سهامي خاص),1405,جابرسرگزي1,1405/04/06,07:54:19,موجوديت جديد,انبار,سند انبار,3973,1405/03/21,سند حواله مصرف ماشين آلات با شماره 3973 ثبت شد
,,,برهان,1405/04/06,07:53:37,تغيير کلمه عبور موفق,,نشست,,,
,شركت كيهان راه شرق (سهامي خاص),1405,سجادزنگويي1,1405/04/06,07:53:36, ويرايش موجوديت,انبار,سند انبار,6783,1405/03/24,سند رسيد خريد  با شماره 6783 ثبت شد
,شركت كيهان راه شرق (سهامي خاص),1405,رحمانيان,1405/04/06,07:53:33, ويرايش موجوديت,انبار,سند انبار,6002,1405/04/05,سند درخواست كالا از انبار با شماره 6002 ثبت شد
,پايش مسير اقليم,1404,سيدمرتضي_حسيني11,1405/04/06,07:53:31,ورود موفق,,نشست,,,
,شركت كيهان راه شرق (سهامي خاص),1404,برهان,1405/04/06,07:53:16,ورود موفق,,نشست,,,
,شركت كيهان راه شرق (سهامي خاص),1405,جابرسرگزي1,1405/04/06,07:52:56,موجوديت جديد,انبار,سند انبار,1453,1405/03/21,سند رسيد انتقال بين انبار با شماره 1453 ثبت شد
,شركت كيهان راه شرق (سهامي خاص),1405,رحمانيان,1405/04/06,07:52:31, ويرايش موجوديت,انبار,سند انبار,6010,1405/04/02,سند درخواست كالا از انبار با شماره 6010 ثبت شد
,شركت كيهان راه شرق (سهامي خاص),1405,صابونيزاده1,1405/04/06,07:52:24,ورود موفق,,نشست,,,
,صولت پارس آمود,1404,تقوي7,1405/04/06,07:52:19, ويرايش موجوديت,حسابداري,سند حسابداري,2017,1404/08/06,سند عمومي با شماره ثابت 2017 ذخيره شد
,شركت كيهان راه شرق (سهامي خاص),1405,سجادزنگويي1,1405/04/06,07:51:56, ويرايش موجوديت,انبار,سند انبار,6783,1405/03/24,سند رسيد خريد  با شماره 6783 ثبت شد
,شركت كيهان راه شرق (سهامي خاص),1405,سجادزنگويي1,1405/04/06,07:51:48, ويرايش موجوديت,انبار,سند انبار,6783,1405/03/24,سند رسيد خريد  با شماره 6783 ثبت شد
,شركت كيهان راه شرق (سهامي خاص),1405,سجادزنگويي1,1405/04/06,07:51:40, ويرايش موجوديت,انبار,سند انبار,6783,1405/03/24,سند رسيد خريد  با شماره 6783 ثبت شد
,شركت برش كوه آريا پارت (سهامي خاص),1405,جوانمرد5,1405/04/06,07:51:39,ورود موفق,,نشست,,,
,شركت كيهان راه شرق (سهامي خاص),1405,محمد رضايي,1405/04/06,07:51:29,ورود موفق,,نشست,,,
,شركت كيهان راه شرق (سهامي خاص),1405,رحمانيان,1405/04/06,07:50:59,موجوديت جديد,انبار,سند انبار,4686,1405/04/06,سند تاييد درخواست كالا با شماره 4686 ثبت شد
,شركت كيهان راه شرق (سهامي خاص),1405,جابرسرگزي1,1405/04/06,07:50:51,موجوديت جديد,انبار,سند انبار,3972,1405/03/18,سند حواله مصرف ماشين آلات با شماره 3972 ثبت شد
,شركت كيهان راه شرق (سهامي خاص),1405,رحمانيان,1405/04/06,07:50:49, ويرايش موجوديت,انبار,سند انبار,5969,1405/04/02,سند درخواست كالا از انبار با شماره 5969 ثبت شد
,شركت كيهان راه شرق (سهامي خاص),1405,اقبالي,1405/04/06,07:50:45,ورود موفق,,نشست,,,
,شركت كيهان راه شرق (سهامي خاص),1405,عليرضاسالاري,1405/04/06,07:50:45, ويرايش موجوديت,انبار,سند انبار,5981,1405/04/02,سند درخواست كالا از انبار با شماره 5981 ثبت شد
,شركت كيهان راه شرق (سهامي خاص),1405,جابرسرگزي1,1405/04/06,07:50:04,موجوديت جديد,انبار,سند انبار,1452,1405/03/17,سند رسيد انتقال بين انبار با شماره 1452 ثبت شد
,شركت كيهان راه شرق (سهامي خاص),1405,رحمانيان,1405/04/06,07:49:54, ويرايش موجوديت,انبار,سند انبار,5974,1405/04/02,سند درخواست كالا از انبار با شماره 5974 ثبت شد
,صولت پارس آمود,1404,تقوي7,1405/04/06,07:49:11, ويرايش موجوديت,حسابداري,سند حسابداري,2987,1404/07/30,سند عمومي با شماره ثابت 2987 ذخيره شد
,شركت كيهان راه شرق (سهامي خاص),1405,رحمانيان,1405/04/06,07:49:04, ويرايش موجوديت,انبار,سند انبار,5972,1405/04/02,سند درخواست كالا از انبار با شماره 5972 ثبت شد
,شركت كيهان راه شرق (سهامي خاص),1405,رحمانيان,1405/04/06,07:48:27,موجوديت جديد,انبار,سند انبار,4685,1405/04/06,سند تاييد درخواست كالا با شماره 4685 ثبت شد
,صولت پارس آمود,1404,تقوي7,1405/04/06,07:48:26,ورود موفق,,نشست,,,
,شركت كيهان راه شرق (سهامي خاص),1405,رحمانيان,1405/04/06,07:48:19, ويرايش موجوديت,انبار,سند انبار,5975,1405/04/02,سند درخواست كالا از انبار با شماره 5975 ثبت شد
,شركت كيهان راه شرق (سهامي خاص),1405,رحمانيان,1405/04/06,07:47:52, ويرايش موجوديت,انبار,سند انبار,5976,1405/04/02,سند درخواست كالا از انبار با شماره 5976 ثبت شد
,شركت كيهان راه شرق (سهامي خاص),1405,جابرسرگزي1,1405/04/06,07:47:49,موجوديت جديد,انبار,سند انبار,1451,1405/03/12,سند رسيد انتقال بين انبار با شماره 1451 ثبت شد
,شركت كيهان راه شرق (سهامي خاص),1405,مجتبي سابقي1,1405/04/06,07:47:35, ويرايش موجوديت,انبار,سند انبار,7883,1405/03/20,سند رسيد خريد  با شماره 7883 ثبت شد
,شركت كيهان راه شرق (سهامي خاص),1404,الاجگردي,1405/04/06,07:47:33,ورود موفق,,نشست,,,
,شركت كيهان راه شرق (سهامي خاص),1405,رحمانيان,1405/04/06,07:47:22, ويرايش موجوديت,انبار,سند انبار,5977,1405/04/02,سند درخواست كالا از انبار با شماره 5977 ثبت شد
,شركت كيهان راه شرق (سهامي خاص),1404,الاجگردي1,1405/04/06,07:47:18,ورود موفق,,نشست,,,
,شركت كيهان راه شرق (سهامي خاص),1405,جابرسرگزي1,1405/04/06,07:47:04,موجوديت جديد,انبار,سند انبار,1450,1405/03/05,سند رسيد انتقال بين انبار با شماره 1450 ثبت شد
,شركت كيهان راه شرق (سهامي خاص),1405,مجتبي سابقي1,1405/04/06,07:46:51, ويرايش موجوديت,انبار,سند انبار,7886,1405/03/23,سند رسيد خريد  با شماره 7886 ثبت شد
,شركت كيهان راه شرق (سهامي خاص),1405,سرحدي,1405/04/06,07:46:33,ورود موفق,,نشست,,,
,شركت قدرت ايمان كوير(سهامي خاص),1405,قاسمي3,1405/04/06,07:46:19,ورود موفق,,نشست,,,
,شركت كيهان راه شرق (سهامي خاص),1405,رحمانيان,1405/04/06,07:46:07, ويرايش موجوديت,انبار,سند انبار,5978,1405/04/02,سند درخواست كالا از انبار با شماره 5978 ثبت شد
,شركت قدرت ايمان كوير(سهامي خاص),1404,اژدري,1405/04/06,07:46:06,ورود موفق,,نشست,,,
,كيهان ريل تهران,1404,سجادي,1405/04/06,07:45:45,ورود موفق,,نشست,,,
,,,سجادي,1405/04/06,07:45:40,ورود ناموفق (عدم صحت نام کاربر يا کلمه عبور),,نشست,,,
,شركت كيهان راه شرق (سهامي خاص),1405,رحمانيان,1405/04/06,07:45:39, ويرايش موجوديت,انبار,سند انبار,5978,1405/04/02,سند درخواست كالا از انبار با شماره 5978 ثبت شد
,شركت كيهان راه شرق (سهامي خاص),1405,جابرسرگزي1,1405/04/06,07:45:35,موجوديت جديد,انبار,سند انبار,2578,1405/04/05,سند حواله مصرف  با شماره 2578 ثبت شد
,شركت كيهان راه شرق (سهامي خاص),1405,جابرسرگزي1,1405/04/06,07:45:20,موجوديت جديد,انبار,سند انبار,1449,1405/03/27,سند رسيد انتقال بين انبار با شماره 1449 ثبت شد
,شركت كيهان راه شرق (سهامي خاص),1405,ميرزايي,1405/04/06,07:44:36,ورود موفق,,نشست,,,
,شركت كيهان راه شرق (سهامي خاص),1405,بهرامي1بيرجند,1405/04/06,07:44:04, ويرايش موجوديت,انبار,سند انبار,6011,1405/04/06,سند درخواست كالا از انبار با شماره 6011 ثبت شد
,شركت كيهان راه شرق (سهامي خاص),1405,رحمانيان,1405/04/06,07:43:50, ويرايش موجوديت,انبار,سند انبار,5979,1405/04/02,سند درخواست كالا از انبار با شماره 5979 ثبت شد
,شركت قدرت ايمان كوير(سهامي خاص),1405,فرهمند,1405/04/06,07:43:50,ورود موفق,,نشست,,,
,شركت كيهان راه شرق (سهامي خاص),1405,رحمانيان,1405/04/06,07:43:06, ويرايش موجوديت,انبار,سند انبار,4684,1405/04/06,سند تاييد درخواست كالا با شماره 4684 ثبت شد
,شركت كيهان راه شرق (سهامي خاص),1405,عليرضاسالاري,1405/04/06,07:42:51,ورود موفق,,نشست,,,
,شركت كيهان راه شرق (سهامي خاص),1405,بهرامي1بيرجند,1405/04/06,07:42:39,موجوديت جديد,انبار,سند انبار,6013,1405/04/06,سند درخواست كالا از انبار با شماره 6013 ثبت شد
,شركت قدرت ايمان كوير(سهامي خاص),1405,سجادي,1405/04/06,07:42:32,ورود موفق,,نشست,,,
,شركت كيهان راه شرق (سهامي خاص),1405,مجتبي سابقي1,1405/04/06,07:42:29, ويرايش موجوديت,انبار,سند انبار,7886,1405/03/23,سند رسيد خريد  با شماره 7886 ثبت شد
,شركت كيهان راه شرق (سهامي خاص),1405,محمدمختاري,1405/04/06,07:42:24,ورود موفق,,نشست,,,
,شركت كيهان راه شرق (سهامي خاص),1405,رحمانيان,1405/04/06,07:42:08,موجوديت جديد,انبار,سند انبار,4684,1405/04/06,سند تاييد درخواست كالا با شماره 4684 ثبت شد
,شركت كيهان راه شرق (سهامي خاص),1405,رحمانيان,1405/04/06,07:41:58, ويرايش موجوديت,انبار,سند انبار,5980,1405/04/02,سند درخواست كالا از انبار با شماره 5980 ثبت شد
,شركت قدرت ايمان كوير(سهامي خاص),1405,سجادي,1405/04/06,07:41:56,ورود موفق,,نشست,,,
,شركت كيهان راه شرق (سهامي خاص),1405,رحمانيان,1405/04/06,07:41:39, ويرايش موجوديت,انبار,سند انبار,5981,1405/04/02,سند درخواست كالا از انبار با شماره 5981 ثبت شد
,شركت كيهان راه شرق (سهامي خاص),1405,قاسمي1,1405/04/06,07:41:36,ورود موفق,,نشست,,,
,شركت قدرت ايمان كوير(سهامي خاص),1404,تقوي3,1405/04/06,07:41:22,ورود موفق,,نشست,,,
,شركت بنا بام بيستون (سهامي خاص),1405,يوسفي4تنخواه,1405/04/06,07:41:14,موجوديت جديد,خزانه داري,سند خزانه داري,81,1405/03/28,سند صورت هزينه تنخواه با شماره 81 ذخيره شد
,شركت كيهان راه شرق (سهامي خاص),1405,صفري,1405/04/06,07:41:11,ورود موفق,,نشست,,,
,شركت قدرت ايمان كوير(سهامي خاص),1404,قاسمي,1405/04/06,07:41:08,ورود موفق,,نشست,,,
,تفتان ره ساز پارس,1405,محدثه_قاسمي,1405/04/06,07:40:29,ورود موفق,,نشست,,,
,شركت كيهان راه شرق (سهامي خاص),1405,سجادي,1405/04/06,07:40:00,ورود موفق,,نشست,,,
,شركت كيهان راه شرق (سهامي خاص),1405,رحمانيان,1405/04/06,07:39:56, ويرايش موجوديت,انبار,سند انبار,5988,1405/04/03,سند درخواست كالا از انبار با شماره 5988 ثبت شد
,شركت كيهان راه شرق (سهامي خاص),1405,بهرامي1بيرجند,1405/04/06,07:39:47, ويرايش موجوديت,انبار,سند انبار,6011,1405/04/06,سند درخواست كالا از انبار با شماره 6011 ثبت شد
,شركت كيهان راه شرق (سهامي خاص),1405,جابرسرگزي1,1405/04/06,07:39:40,موجوديت جديد,انبار,سند انبار,6012,1405/04/06,سند درخواست كالا از انبار با شماره 6012 ثبت شد
,شركت كيهان راه شرق (سهامي خاص),1405,محمدحداد,1405/04/06,07:39:32,ورود موفق,,نشست,,,
,مينو ساز گلستان,1405,جوانمرد,1405/04/06,07:39:18,ورود موفق,,نشست,,,
,شركت كيهان راه شرق (سهامي خاص),1404,صفري1,1405/04/06,07:38:48, ويرايش موجوديت,خزانه داري,سند حسابداري,1550,1405/03/10,سند عمومي با شماره 1550 ذخيره شد
,شركت كيهان راه شرق (سهامي خاص),1404,صفري1,1405/04/06,07:38:45, ويرايش موجوديت,خزانه داري,سند حسابداري,1550,1405/03/10,سند عمومي با شماره 1550 ذخيره شد
,,,سيدمرتضي_حسيني1,1405/04/06,07:38:26,ورود موفق,,نشست,,,
,شركت كيهان راه شرق (سهامي خاص),1405,بهرامي1بيرجند,1405/04/06,07:37:30,موجوديت جديد,انبار,سند انبار,6011,1405/04/06,سند درخواست كالا از انبار با شماره 6011 ثبت شد
,شركت كيهان راه شرق (سهامي خاص),1404,صفري1,1405/04/06,07:36:44,ورود موفق,,نشست,,,
,شركت دنا بنيان بيرجند (سهامي خاص),1405,فرزانه,1405/04/06,07:36:38,ورود موفق,,نشست,,,
,شركت كيهان راه شرق (سهامي خاص),1405,محدثه_قاسمي1,1405/04/06,07:36:27,ورود موفق,,نشست,,,
,شركت كيهان راه شرق (سهامي خاص),1405,اكرمي,1405/04/06,07:35:52,ورود موفق,,نشست,,,
,شركت قدرت ايمان كوير(سهامي خاص),1405,سجادي,1405/04/06,07:35:33,ورود موفق,,نشست,,,
,تفتان ره ساز پارس,1404,امانيان15,1405/04/06,07:35:23, ويرايش موجوديت,خزانه داري,سند حسابداري,1754,1404/08/29,سند عمومي با شماره 1754 ذخيره شد
,تفتان ره ساز پارس,1404,امانيان15,1405/04/06,07:35:19, ويرايش موجوديت,خزانه داري,سند حسابداري,1754,1404/08/29,سند عمومي با شماره 1754 ذخيره شد
,شركت كيهان راه شرق (سهامي خاص),1405,پاشايي,1405/04/06,07:34:40,ورود موفق,,نشست,,,
,شركت قدرت ايمان كوير(سهامي خاص),1405,سجادي,1405/04/06,07:33:45,ورود موفق,,نشست,,,
,تفتان ره ساز پارس,1405,محدثه_قاسمي15,1405/04/06,07:33:22,ورود موفق,,نشست,,,
,شركت كيهان راه شرق (سهامي خاص),1404,جلالي1,1405/04/06,07:33:12,ورود موفق,,نشست,,,
,شركت كيهان راه شرق (سهامي خاص),1405,رحمانيان,1405/04/06,07:33:08,موجوديت جديد,انبار,سند انبار,4683,1405/04/06,سند تاييد درخواست كالا با شماره 4683 ثبت شد
,شركت كيهان راه شرق (سهامي خاص),1404,جلالي,1405/04/06,07:32:58,ورود موفق,,نشست,,,
,شركت كيهان راه شرق (سهامي خاص),1405,رحمانيان,1405/04/06,07:32:57, ويرايش موجوديت,انبار,سند انبار,5993,1405/04/05,سند درخواست كالا از انبار با شماره 5993 ثبت شد
,شركت كيهان راه شرق (سهامي خاص),1405,محمد رضايي,1405/04/06,07:32:50,ورود موفق,,نشست,,,
,شركت كيهان راه شرق (سهامي خاص),1405,رحمانيان,1405/04/06,07:32:18,موجوديت جديد,انبار,سند انبار,4682,1405/04/06,سند تاييد درخواست كالا با شماره 4682 ثبت شد
,شركت كيهان راه شرق (سهامي خاص),1405,مجتبي سابقي1,1405/04/06,07:32:15,ورود موفق,,نشست,,,
,شركت كيهان راه شرق (سهامي خاص),1405,رحمانيان,1405/04/06,07:32:08, ويرايش موجوديت,انبار,سند انبار,5994,1405/04/05,سند درخواست كالا از انبار با شماره 5994 ثبت شد
,شركت كيهان راه شرق (سهامي خاص),1404,خسروجردي,1405/04/06,07:31:44,ورود موفق,,نشست,,,
,تفتان ره ساز پارس,1404,امانيان15,1405/04/06,07:31:25,ورود موفق,,نشست,,,
,شركت كيهان راه شرق (سهامي خاص),1404,محمدرضا_سلمانيان,1405/04/06,07:31:11,ورود موفق,,نشست,,,
,شركت كيهان راه شرق (سهامي خاص),1405,رحمانيان,1405/04/06,07:31:04, ويرايش موجوديت,انبار,سند انبار,6003,1405/04/05,سند درخواست كالا از انبار با شماره 6003 ثبت شد
,شركت كيهان راه شرق (سهامي خاص),1405,ابوالفضل_سابقي1,1405/04/06,07:30:29,ورود موفق,,نشست,,,
,شركت كيهان راه شرق (سهامي خاص),1405,رحمانيان,1405/04/06,07:30:16, ويرايش موجوديت,انبار,سند انبار,6004,1405/04/05,سند درخواست كالا از انبار با شماره 6004 ثبت شد
,شركت كيهان راه شرق (سهامي خاص),1405,رحمانيان,1405/04/06,07:29:44, ويرايش موجوديت,انبار,سند انبار,6004,1405/04/05,سند درخواست كالا از انبار با شماره 6004 ثبت شد
,شركت كيهان راه شرق (سهامي خاص),1405,عبدپور_طرق,1405/04/06,07:29:39,ورود موفق,,نشست,,,
,شركت كيهان راه شرق (سهامي خاص),1405,بهرامي1بيرجند,1405/04/06,07:29:22,موجوديت جديد,انبار,سند انبار,6010,1405/04/02,سند درخواست كالا از انبار با شماره 6010 ثبت شد
,شركت كيهان راه شرق (سهامي خاص),1405,رحمانيان,1405/04/06,07:29:22,موجوديت جديد,انبار,سند انبار,4681,1405/04/06,سند تاييد درخواست كالا با شماره 4681 ثبت شد
,شركت كيهان راه شرق (سهامي خاص),1405,رحمانيان,1405/04/06,07:29:11, ويرايش موجوديت,انبار,سند انبار,6009,1405/04/06,سند درخواست كالا از انبار با شماره 6009 ثبت شد
,شركت كيهان راه شرق (سهامي خاص),1405,رحمانيان,1405/04/06,07:28:23,ورود موفق,,نشست,,,
,شركت كيهان راه شرق (سهامي خاص),1405,زبرجدي2,1405/04/06,07:26:35,ورود موفق,,نشست,,,
,شركت كيهان راه شرق (سهامي خاص),1405,بهرامي1بيرجند,1405/04/06,07:25:31,موجوديت جديد,انبار,سند انبار,2577,1405/04/06,سند حواله مصرف  با شماره 2577 ثبت شد
,شركت كيهان راه شرق (سهامي خاص),1405,درويش_نيا_تربت,1405/04/06,07:25:18, ويرايش موجوديت,انبار,سند انبار,6009,1405/04/06,سند درخواست كالا از انبار با شماره 6009 ثبت شد
,شركت كيهان راه شرق (سهامي خاص),1405,درويش_نيا_تربت,1405/04/06,07:25:13, ويرايش موجوديت,انبار,سند انبار,6009,1405/04/06,سند درخواست كالا از انبار با شماره 6009 ثبت شد
,شركت كيهان راه شرق (سهامي خاص),1405,درويش_نيا_تربت,1405/04/06,07:24:50, ويرايش موجوديت,انبار,سند انبار,6009,1405/04/06,سند درخواست كالا از انبار با شماره 6009 ثبت شد
,شركت كيهان راه شرق (سهامي خاص),1405,درويش_نيا_تربت,1405/04/06,07:24:43,موجوديت جديد,انبار,سند انبار,6009,1405/04/06,سند درخواست كالا از انبار با شماره 6009 ثبت شد
,شركت كيهان راه شرق (سهامي خاص),1405,سجادزنگويي1,1405/04/06,07:24:36,ورود موفق,,نشست,,,
,شركت كيهان راه شرق (سهامي خاص),1405,درويش_نيا_تربت,1405/04/06,07:23:00,ورود موفق,,نشست,,,
,شركت بنا بام بيستون (سهامي خاص),1405,يوسفي4تنخواه,1405/04/06,07:22:59,موجوديت جديد,خزانه داري,سند خزانه داري,80,1405/03/31,سند صورت هزينه تنخواه با شماره 80 ذخيره شد
,شركت كيهان راه شرق (سهامي خاص),1405,بهرامي1بيرجند,1405/04/06,07:22:54,موجوديت جديد,انبار,سند انبار,8065,1405/04/02,سند رسيد خريد  با شماره 8065 ثبت شد
,شركت كيهان راه شرق (سهامي خاص),1405,عليرضاسالاري,1405/04/06,07:21:16,ورود موفق,,نشست,,,
,شركت كيهان راه شرق (سهامي خاص),1405,مروي,1405/04/06,07:14:45,ورود موفق,,نشست,,,
,شركت كيهان راه شرق (سهامي خاص),1405,شهنواز1,1405/04/06,07:14:33,موجوديت جديد,انبار,سند انبار,3971,1405/02/09,سند حواله مصرف ماشين آلات با شماره 3971 ثبت شد
,شركت كيهان راه شرق (سهامي خاص),1405,بهرامي1بيرجند,1405/04/06,07:11:28,موجوديت جديد,انبار,سند انبار,1688,1405/04/02,سند حواله انتقال بين انبار با شماره 1688 ثبت شد
,شركت كيهان راه شرق (سهامي خاص),1405,شهنواز1,1405/04/06,07:11:20,موجوديت جديد,انبار,سند انبار,8064,1405/01/01,سند رسيد خريد  با شماره 8064 ثبت شد
,شركت كيهان راه شرق (سهامي خاص),1405,بهرامي1بيرجند,1405/04/06,07:09:07,موجوديت جديد,انبار,سند انبار,1687,1405/04/02,سند حواله انتقال بين انبار با شماره 1687 ثبت شد
,شركت كيهان راه شرق (سهامي خاص),1405,شهنواز1,1405/04/06,07:08:21,موجوديت جديد,انبار,سند انبار,3970,1405/02/01,سند حواله مصرف ماشين آلات با شماره 3970 ثبت شد
,شركت كيهان راه شرق (سهامي خاص),1405,جابرسرگزي1,1405/04/06,07:07:53,موجوديت جديد,انبار,سند انبار,887,1405/04/02,سند حواله  اماني ما نزد ديگران با شماره 887 ثبت شد
,شركت كيهان راه شرق (سهامي خاص),1405,بهرامي1بيرجند,1405/04/06,07:07:24,ورود موفق,,نشست,,,
,شركت كيهان راه شرق (سهامي خاص),1405,شهنواز1,1405/04/06,07:05:34,موجوديت جديد,انبار,سند انبار,8063,1405/02/01,سند رسيد خريد  با شماره 8063 ثبت شد
,شركت كيهان راه شرق (سهامي خاص),1405,سجادزنگويي1,1405/04/06,06:52:03,ورود موفق,,نشست,,,
,شركت كيهان راه شرق (سهامي خاص),1405,شهنواز1,1405/04/06,06:49:50,موجوديت جديد,انبار,سند انبار,3969,1405/02/02,سند حواله مصرف ماشين آلات با شماره 3969 ثبت شد
,شركت كيهان راه شرق (سهامي خاص),1405,شهنواز1,1405/04/06,06:42:19,موجوديت جديد,انبار,سند انبار,8062,1405/02/01,سند رسيد خريد  با شماره 8062 ثبت شد
,شركت كيهان راه شرق (سهامي خاص),1405,برزگررشتخواري,1405/04/06,06:38:30,ورود موفق,,نشست,,,
,شركت كيهان راه شرق (سهامي خاص),1405,شهنواز1,1405/04/06,06:37:52,موجوديت جديد,انبار,سند انبار,3968,1405/03/06,سند حواله مصرف ماشين آلات با شماره 3968 ثبت شد
,شركت بنا بام بيستون (سهامي خاص),1405,يوسفي4تنخواه,1405/04/06,06:36:40,ورود موفق,,نشست,,,
,شركت كيهان راه شرق (سهامي خاص),1405,شهنواز1,1405/04/06,06:29:42,موجوديت جديد,انبار,سند انبار,8061,1405/03/06,سند رسيد خريد  با شماره 8061 ثبت شد
,شركت كيهان راه شرق (سهامي خاص),1405,شهنواز1,1405/04/06,06:25:36,ورود موفق,,نشست,,,
,شركت كيهان راه شرق (سهامي خاص),1405,زبرجدي2,1405/04/06,06:20:03,موجوديت جديد,انبار,سند انبار,1448,1405/04/06,سند رسيد انتقال بين انبار با شماره 1448 ثبت شد
,شركت كيهان راه شرق (سهامي خاص),1405,ارغواني1,1405/04/06,06:05:53,ورود موفق,,نشست,,,
,شركت كيهان راه شرق (سهامي خاص),1405,زبرجدي2,1405/04/06,05:57:09,ورود موفق,,نشست,,,
,شركت دنا بنيان بيرجند (سهامي خاص),1405,تيموري2,1405/04/05,21:40:32,موجوديت جديد,خزانه داري,سند خزانه داري,266,1405/03/31,سند صورت هزينه تنخواه با شماره 266 ذخيره شد
,شركت دنا بنيان بيرجند (سهامي خاص),1405,تيموري2,1405/04/05,21:10:53,موجوديت جديد,خزانه داري,سند خزانه داري,265,1405/03/31,سند صورت هزينه تنخواه با شماره 265 ذخيره شد
,شركت دنا بنيان بيرجند (سهامي خاص),1405,تيموري2,1405/04/05,21:02:45,موجوديت جديد,خزانه داري,سند خزانه داري,264,1405/03/31,سند صورت هزينه تنخواه با شماره 264 ذخيره شد
,شركت دنا بنيان بيرجند (سهامي خاص),1405,تيموري2,1405/04/05,20:37:09,موجوديت جديد,خزانه داري,سند خزانه داري,263,1405/03/31,سند صورت هزينه تنخواه با شماره 263 ذخيره شد
,شركت دنا بنيان بيرجند (سهامي خاص),1405,تيموري2,1405/04/05,20:05:22,موجوديت جديد,خزانه داري,سند خزانه داري,262,1405/03/31,سند صورت هزينه تنخواه با شماره 262 ذخيره شد
,شركت دنا بنيان بيرجند (سهامي خاص),1405,تيموري2,1405/04/05,19:46:17,موجوديت جديد,خزانه داري,سند خزانه داري,261,1405/04/05,سند صورت هزينه تنخواه با شماره 261 ذخيره شد
,شركت دنا بنيان بيرجند (سهامي خاص),1405,تيموري2,1405/04/05,19:14:37,موجوديت جديد,خزانه داري,سند خزانه داري,260,1405/04/05,سند صورت هزينه تنخواه با شماره 260 ذخيره شد
,شركت دنا بنيان بيرجند (سهامي خاص),1405,تيموري2,1405/04/05,19:10:18,ورود موفق,,نشست,,,
,شركت دنا بنيان بيرجند (سهامي خاص),1405,تيموري2,1405/04/05,18:29:48, ويرايش موجوديت,خزانه داري,سند خزانه داري,259,1405/03/31,سند صورت هزينه تنخواه با شماره 259 ذخيره شد
,شركت دنا بنيان بيرجند (سهامي خاص),1405,تيموري2,1405/04/05,17:47:20,ورود موفق,,نشست,,,
,شركت كيهان راه شرق (سهامي خاص),1404,محمدرضا_سلمانيان,1405/04/05,17:11:10,ورود موفق,,نشست,,,
,شركت كيهان راه شرق (سهامي خاص),1405,يوسفي4خواف,1405/04/05,16:46:24, ويرايش موجوديت,انبار,سند انبار,3967,1405/04/05,سند حواله مصرف ماشين آلات با شماره 3967 ثبت شد
,شركت كيهان راه شرق (سهامي خاص),1405,يوسفي4خواف,1405/04/05,16:45:14, ويرايش موجوديت,انبار,سند انبار,3967,1405/04/05,سند حواله مصرف ماشين آلات با شماره 3967 ثبت شد
,شركت كيهان راه شرق (سهامي خاص),1405,يوسفي4خواف,1405/04/05,16:44:26, ويرايش موجوديت,انبار,سند انبار,3967,1405/04/05,سند حواله مصرف ماشين آلات با شماره 3967 ثبت شد
,شركت كيهان راه شرق (سهامي خاص),1405,يوسفي4خواف,1405/04/05,16:43:04, ويرايش موجوديت,انبار,سند انبار,3967,1405/04/05,سند حواله مصرف ماشين آلات با شماره 3967 ثبت شد
,شركت كيهان راه شرق (سهامي خاص),1405,يوسفي4خواف,1405/04/05,16:42:40, ويرايش موجوديت,انبار,سند انبار,3967,1405/04/05,سند حواله مصرف ماشين آلات با شماره 3967 ثبت شد
,شركت كيهان راه شرق (سهامي خاص),1405,يوسفي4خواف,1405/04/05,16:39:20, ويرايش موجوديت,انبار,سند انبار,3967,1405/04/05,سند حواله مصرف ماشين آلات با شماره 3967 ثبت شد
,شركت كيهان راه شرق (سهامي خاص),1405,يوسفي4خواف,1405/04/05,16:37:37, ويرايش موجوديت,انبار,سند انبار,3967,1405/04/05,سند حواله مصرف ماشين آلات با شماره 3967 ثبت شد
,شركت كيهان راه شرق (سهامي خاص),1405,يوسفي4خواف,1405/04/05,16:36:23, ويرايش موجوديت,انبار,سند انبار,3967,1405/04/05,سند حواله مصرف ماشين آلات با شماره 3967 ثبت شد
,شركت كيهان راه شرق (سهامي خاص),1405,يوسفي4خواف,1405/04/05,16:34:15, ويرايش موجوديت,انبار,سند انبار,3967,1405/04/05,سند حواله مصرف ماشين آلات با شماره 3967 ثبت شد
,شركت كيهان راه شرق (سهامي خاص),1405,يوسفي4خواف,1405/04/05,16:32:46, ويرايش موجوديت,انبار,سند انبار,3967,1405/04/05,سند حواله مصرف ماشين آلات با شماره 3967 ثبت شد
,شركت كيهان راه شرق (سهامي خاص),1405,يوسفي4خواف,1405/04/05,16:31:58, ويرايش موجوديت,انبار,سند انبار,3967,1405/04/05,سند حواله مصرف ماشين آلات با شماره 3967 ثبت شد
,شركت كيهان راه شرق (سهامي خاص),1405,يوسفي4خواف,1405/04/05,16:29:40, ويرايش موجوديت,انبار,سند انبار,3967,1405/04/05,سند حواله مصرف ماشين آلات با شماره 3967 ثبت شد
,شركت كيهان راه شرق (سهامي خاص),1405,يوسفي4خواف,1405/04/05,16:28:31, ويرايش موجوديت,انبار,سند انبار,3967,1405/04/05,سند حواله مصرف ماشين آلات با شماره 3967 ثبت شد
,شركت كيهان راه شرق (سهامي خاص),1405,يوسفي4خواف,1405/04/05,16:26:46, ويرايش موجوديت,انبار,سند انبار,3967,1405/04/05,سند حواله مصرف ماشين آلات با شماره 3967 ثبت شد
,شركت كيهان راه شرق (سهامي خاص),1405,يوسفي4خواف,1405/04/05,16:23:54, ويرايش موجوديت,انبار,سند انبار,3967,1405/04/05,سند حواله مصرف ماشين آلات با شماره 3967 ثبت شد
,شركت كيهان راه شرق (سهامي خاص),1405,يوسفي4خواف,1405/04/05,16:20:49, ويرايش موجوديت,انبار,سند انبار,3967,1405/04/05,سند حواله مصرف ماشين آلات با شماره 3967 ثبت شد
,شركت كيهان راه شرق (سهامي خاص),1405,يوسفي4خواف,1405/04/05,16:19:00, ويرايش موجوديت,انبار,سند انبار,3967,1405/04/05,سند حواله مصرف ماشين آلات با شماره 3967 ثبت شد
,شركت كيهان راه شرق (سهامي خاص),1405,يوسفي4خواف,1405/04/05,16:18:05, ويرايش موجوديت,انبار,سند انبار,3967,1405/04/05,سند حواله مصرف ماشين آلات با شماره 3967 ثبت شد
,شركت كيهان راه شرق (سهامي خاص),1405,يوسفي4خواف,1405/04/05,16:07:22, ويرايش موجوديت,انبار,سند انبار,3967,1405/04/05,سند حواله مصرف ماشين آلات با شماره 3967 ثبت شد
,شركت كيهان راه شرق (سهامي خاص),1405,يوسفي4خواف,1405/04/05,15:58:34,موجوديت جديد,انبار,سند انبار,3967,1405/04/05,سند حواله مصرف ماشين آلات با شماره 3967 ثبت شد
,شركت كيهان راه شرق (سهامي خاص),1405,كريمزاده1,1405/04/05,15:57:32, ويرايش موجوديت,انبار,سند انبار,3966,1405/04/05,سند حواله مصرف ماشين آلات با شماره 3966 ثبت شد
,شركت كيهان راه شرق (سهامي خاص),1405,يوسفي4خواف,1405/04/05,15:55:41,ورود موفق,,نشست,,,
,شركت كيهان راه شرق (سهامي خاص),1405,كريمزاده1,1405/04/05,15:54:54, ويرايش موجوديت,انبار,سند انبار,3966,1405/04/05,سند حواله مصرف ماشين آلات با شماره 3966 ثبت شد
,شركت بنا بام بيستون (سهامي خاص),1405,يوسفي4تنخواه,1405/04/05,15:54:20,ورود موفق,,نشست,,,
,,,يوسفي4تنخواه,1405/04/05,15:54:15,ورود ناموفق (عدم صحت نام کاربر يا کلمه عبور),,نشست,,,
,شركت كيهان راه شرق (سهامي خاص),1405,كريمزاده1,1405/04/05,15:52:22, ويرايش موجوديت,انبار,سند انبار,3966,1405/04/05,سند حواله مصرف ماشين آلات با شماره 3966 ثبت شد
,شركت كيهان راه شرق (سهامي خاص),1405,كريمزاده1,1405/04/05,15:49:29, ويرايش موجوديت,انبار,سند انبار,3966,1405/04/05,سند حواله مصرف ماشين آلات با شماره 3966 ثبت شد
,شركت كيهان راه شرق (سهامي خاص),1405,كريمزاده1,1405/04/05,15:39:25,موجوديت جديد,انبار,سند انبار,3966,1405/04/05,سند حواله مصرف ماشين آلات با شماره 3966 ثبت شد
,شركت كيهان راه شرق (سهامي خاص),1405,كريمزاده1,1405/04/05,15:37:18,موجوديت جديد,انبار,سند انبار,886,1405/04/05,سند حواله  اماني ما نزد ديگران با شماره 886 ثبت شد
,شركت كيهان راه شرق (سهامي خاص),1405,كريمزاده1,1405/04/05,15:30:34,موجوديت جديد,انبار,سند انبار,8060,1405/04/05,سند رسيد خريد  با شماره 8060 ثبت شد
,شركت كيهان راه شرق (سهامي خاص),1405,يوسفي4خواف,1405/04/05,15:13:31, ويرايش موجوديت,انبار,سند انبار,6008,1405/03/26,سند درخواست كالا از انبار با شماره 6008 ثبت شد
,شركت كيهان راه شرق (سهامي خاص),1405,يوسفي4خواف,1405/04/05,15:13:24,موجوديت جديد,انبار,سند انبار,6008,1405/04/05,سند درخواست كالا از انبار با شماره 6008 ثبت شد
,شركت كيهان راه شرق (سهامي خاص),1405,يوسفي4خواف,1405/04/05,15:11:46,موجوديت جديد,انبار,سند انبار,2576,1405/03/31,سند حواله مصرف  با شماره 2576 ثبت شد
,شركت كيهان راه شرق (سهامي خاص),1405,يوسفي4خواف,1405/04/05,15:09:17,موجوديت جديد,انبار,سند انبار,8059,1405/03/27,سند رسيد خريد  با شماره 8059 ثبت شد
,شركت كيهان راه شرق (سهامي خاص),1405,يوسفي4خواف,1405/04/05,14:57:46,موجوديت جديد,انبار,سند انبار,6007,1405/01/16,سند درخواست كالا از انبار با شماره 6007 ثبت شد
,شركت كيهان راه شرق (سهامي خاص),1405,يوسفي4خواف,1405/04/05,14:55:45,موجوديت جديد,انبار,سند انبار,3965,1405/01/13,سند حواله مصرف ماشين آلات با شماره 3965 ثبت شد
,شركت كيهان راه شرق (سهامي خاص),1405,يوسفي4خواف,1405/04/05,14:48:18,موجوديت جديد,انبار,سند انبار,8058,1405/01/13,سند رسيد خريد  با شماره 8058 ثبت شد
,شركت كيهان راه شرق (سهامي خاص),1405,يوسفي4خواف,1405/04/05,14:38:32,موجوديت جديد,انبار,سند انبار,6006,1405/03/01,سند درخواست كالا از انبار با شماره 6006 ثبت شد
,شركت كيهان راه شرق (سهامي خاص),1405,يوسفي4خواف,1405/04/05,14:36:40,موجوديت جديد,انبار,سند انبار,2575,1405/03/05,سند حواله مصرف  با شماره 2575 ثبت شد
,شركت كيهان راه شرق (سهامي خاص),1405,يوسفي4خواف,1405/04/05,14:34:06,موجوديت جديد,انبار,سند انبار,8057,1405/03/02,سند رسيد خريد  با شماره 8057 ثبت شد
,شركت كيهان راه شرق (سهامي خاص),1405,يوسفي4خواف,1405/04/05,14:07:09, ويرايش موجوديت,انبار,سند انبار,6005,1405/03/15,سند درخواست كالا از انبار با شماره 6005 ثبت شد
,شركت كيهان راه شرق (سهامي خاص),1405,يوسفي4خواف,1405/04/05,14:07:02,موجوديت جديد,انبار,سند انبار,6005,1405/04/05,سند درخواست كالا از انبار با شماره 6005 ثبت شد
,شركت دنا بنيان بيرجند (سهامي خاص),1404,تيموري2,1405/04/05,13:59:46,موجوديت جديد,خزانه داري,سند خزانه داري,259,1405/03/31,سند صورت هزينه تنخواه با شماره 259 ذخيره شد
,شركت دنا بنيان بيرجند (سهامي خاص),1404,تيموري2,1405/04/05,13:39:41,موجوديت جديد,خزانه داري,سند خزانه داري,258,1405/03/10,سند صورت هزينه تنخواه با شماره 258 ذخيره شد
,شركت كيهان راه شرق (سهامي خاص),1405,يوسفي4خواف,1405/04/05,13:20:26,موجوديت جديد,انبار,سند انبار,3964,1405/03/17,سند حواله مصرف ماشين آلات با شماره 3964 ثبت شد
,شركت كيهان راه شرق (سهامي خاص),1404,صالحيان1,1405/04/05,13:19:07,موجوديت جديد,خزانه داري,سند خزانه داري,5467,1404/09/28,سند صورت هزينه تنخواه با شماره 5467 ذخيره شد
,شركت كيهان راه شرق (سهامي خاص),1405,يوسفي4خواف,1405/04/05,13:16:54, ويرايش موجوديت,انبار,سند انبار,8056,1405/03/16,سند رسيد خريد  با شماره 8056 ثبت شد
,شركت كيهان راه شرق (سهامي خاص),1405,يوسفي4خواف,1405/04/05,13:14:01,موجوديت جديد,انبار,سند انبار,8056,1405/03/16,سند رسيد خريد  با شماره 8056 ثبت شد
,شركت كيهان راه شرق (سهامي خاص),1405,كريمزاده1,1405/04/05,12:23:39, ويرايش موجوديت,انبار,سند انبار,7975,1405/03/16,سند رسيد خريد  با شماره 7975 ثبت شد
,شركت كيهان راه شرق (سهامي خاص),1404,صالحيان1,1405/04/05,12:16:49,موجوديت جديد,خزانه داري,سند خزانه داري,5466,1404/08/30,سند صورت هزينه تنخواه با شماره 5466 ذخيره شد
,شركت كيهان راه شرق (سهامي خاص),1405,كريمزاده1,1405/04/05,12:13:58, ويرايش موجوديت,انبار,سند انبار,8051,1405/03/18,سند رسيد خريد  با شماره 8051 ثبت شد
,شركت كيهان راه شرق (سهامي خاص),1404,صالحيان1,1405/04/05,11:58:09,موجوديت جديد,خزانه داري,سند خزانه داري,5465,1404/07/29,سند صورت هزينه تنخواه با شماره 5465 ذخيره شد
,شركت دنا بنيان بيرجند (سهامي خاص),1404,تيموري2,1405/04/05,11:55:35,ورود موفق,,نشست,,,
,,,تيموري2,1405/04/05,11:55:26,ورود ناموفق (عدم صحت نام کاربر يا کلمه عبور),,نشست,,,
,شركت كيهان راه شرق (سهامي خاص),1404,صالحيان1,1405/04/05,11:44:42,ورود موفق,,نشست,,,
,شركت كيهان راه شرق (سهامي خاص),1405,كريمزاده1,1405/04/05,11:39:53,موجوديت جديد,انبار,سند انبار,8055,1405/03/02,سند رسيد خريد  با شماره 8055 ثبت شد
,شركت دنا بنيان بيرجند (سهامي خاص),1404,حسيني2,1405/04/05,11:34:35,موجوديت جديد,خزانه داري,سند خزانه داري,1309,1404/06/30,سند صورت هزينه تنخواه با شماره 1309 ذخيره شد
,شركت دنا بنيان بيرجند (سهامي خاص),1404,حسيني2,1405/04/05,11:23:04,ورود موفق,,نشست,,,
,شركت كيهان راه شرق (سهامي خاص),1405,يوسفي4خواف,1405/04/05,11:17:53,موجوديت جديد,انبار,سند انبار,6004,1405/04/05,سند درخواست كالا از انبار با شماره 6004 ثبت شد
,شركت كيهان راه شرق (سهامي خاص),1405,يوسفي4خواف,1405/04/05,11:14:45,موجوديت جديد,انبار,سند انبار,6003,1405/04/05,سند درخواست كالا از انبار با شماره 6003 ثبت شد
,شركت كيهان راه شرق (سهامي خاص),1405,يوسفي4خواف,1405/04/05,11:11:41,موجوديت جديد,انبار,سند انبار,6002,1405/04/05,سند درخواست كالا از انبار با شماره 6002 ثبت شد
,شركت كيهان راه شرق (سهامي خاص),1405,كريمزاده1,1405/04/05,11:07:17,موجوديت جديد,انبار,سند انبار,8054,1405/03/11,سند رسيد خريد  با شماره 8054 ثبت شد
,شركت كيهان راه شرق (سهامي خاص),1405,كريمزاده1,1405/04/05,10:57:30,موجوديت جديد,انبار,سند انبار,8053,1405/03/11,سند رسيد خريد  با شماره 8053 ثبت شد
,شركت كيهان راه شرق (سهامي خاص),1405,كريمزاده1,1405/04/05,10:41:14,موجوديت جديد,انبار,سند انبار,8052,1405/03/11,سند رسيد خريد  با شماره 8052 ثبت شد
,شركت كيهان راه شرق (سهامي خاص),1405,يوسفي4خواف,1405/04/05,10:36:13,موجوديت جديد,انبار,سند انبار,6001,1405/03/17,سند درخواست كالا از انبار با شماره 6001 ثبت شد
,شركت كيهان راه شرق (سهامي خاص),1405,كريمزاده1,1405/04/05,10:25:15,موجوديت جديد,انبار,سند انبار,8051,1405/04/05,سند رسيد خريد  با شماره 8051 ثبت شد
,شركت كيهان راه شرق (سهامي خاص),1405,يوسفي4خواف,1405/04/05,10:20:33,موجوديت جديد,انبار,سند انبار,2574,1405/03/22,سند حواله مصرف  با شماره 2574 ثبت شد
,شركت كيهان راه شرق (سهامي خاص),1405,يوسفي4خواف,1405/04/05,10:15:32,موجوديت جديد,انبار,سند انبار,8050,1405/03/18,سند رسيد خريد  با شماره 8050 ثبت شد
,شركت كيهان راه شرق (سهامي خاص),1405,كريمزاده1,1405/04/05,10:12:59,موجوديت جديد,انبار,سند انبار,8049,1405/03/26,سند رسيد خريد  با شماره 8049 ثبت شد
,شركت كيهان راه شرق (سهامي خاص),1405,كريمزاده1,1405/04/05,10:09:17,موجوديت جديد,انبار,سند انبار,8048,1405/03/09,سند رسيد خريد  با شماره 8048 ثبت شد
,شركت كيهان راه شرق (سهامي خاص),1405,يوسفي4خواف,1405/04/05,10:05:39, ويرايش موجوديت,انبار,سند انبار,6000,1405/03/21,سند درخواست كالا از انبار با شماره 6000 ثبت شد
,شركت كيهان راه شرق (سهامي خاص),1405,يوسفي4خواف,1405/04/05,10:05:30,موجوديت جديد,انبار,سند انبار,6000,1405/04/05,سند درخواست كالا از انبار با شماره 6000 ثبت شد
,شركت كيهان راه شرق (سهامي خاص),1405,يوسفي4خواف,1405/04/05,10:04:18,موجوديت جديد,انبار,سند انبار,2573,1405/03/23,سند حواله مصرف  با شماره 2573 ثبت شد
,شركت كيهان راه شرق (سهامي خاص),1405,يوسفي4خواف,1405/04/05,10:02:32,موجوديت جديد,انبار,سند انبار,8047,1405/03/22,سند رسيد خريد  با شماره 8047 ثبت شد
,شركت كيهان راه شرق (سهامي خاص),1405,يوسفي4خواف,1405/04/05,09:59:56,موجوديت جديد,انبار,سند انبار,5999,1405/03/19,سند درخواست كالا از انبار با شماره 5999 ثبت شد
,شركت كيهان راه شرق (سهامي خاص),1405,يوسفي4خواف,1405/04/05,09:58:55,موجوديت جديد,انبار,سند انبار,2572,1405/03/27,سند حواله مصرف  با شماره 2572 ثبت شد
,شركت كيهان راه شرق (سهامي خاص),1405,كريمزاده1,1405/04/05,09:57:46,موجوديت جديد,انبار,سند انبار,8046,1405/03/02,سند رسيد خريد  با شماره 8046 ثبت شد
,شركت كيهان راه شرق (سهامي خاص),1405,يوسفي4خواف,1405/04/05,09:57:16,موجوديت جديد,انبار,سند انبار,8045,1405/03/20,سند رسيد خريد  با شماره 8045 ثبت شد
,شركت كيهان راه شرق (سهامي خاص),1405,يوسفي4خواف,1405/04/05,09:55:53,موجوديت جديد,انبار,سند انبار,5998,1405/03/14,سند درخواست كالا از انبار با شماره 5998 ثبت شد
,شركت كيهان راه شرق (سهامي خاص),1405,يوسفي4خواف,1405/04/05,09:54:51,موجوديت جديد,انبار,سند انبار,2571,1405/03/27,سند حواله مصرف  با شماره 2571 ثبت شد
,شركت كيهان راه شرق (سهامي خاص),1405,يوسفي4خواف,1405/04/05,09:52:56, ويرايش موجوديت,انبار,سند انبار,8044,1405/03/15,سند رسيد خريد  با شماره 8044 ثبت شد
,شركت كيهان راه شرق (سهامي خاص),1405,يوسفي4خواف,1405/04/05,09:52:39,موجوديت جديد,انبار,سند انبار,8044,1405/03/15,سند رسيد خريد  با شماره 8044 ثبت شد
,شركت كيهان راه شرق (سهامي خاص),1405,شهنواز1,1405/04/05,09:51:02,موجوديت جديد,انبار,سند انبار,885,1405/02/24,سند حواله  اماني ما نزد ديگران با شماره 885 ثبت شد
,شركت كيهان راه شرق (سهامي خاص),1405,يوسفي4خواف,1405/04/05,09:50:27,موجوديت جديد,انبار,سند انبار,5997,1405/03/18,سند درخواست كالا از انبار با شماره 5997 ثبت شد
,شركت كيهان راه شرق (سهامي خاص),1405,شهنواز1,1405/04/05,09:49:19,موجوديت جديد,انبار,سند انبار,8043,1405/02/24,سند رسيد خريد  با شماره 8043 ثبت شد
,شركت كيهان راه شرق (سهامي خاص),1405,يوسفي4خواف,1405/04/05,09:48:22,موجوديت جديد,انبار,سند انبار,2570,1405/03/20,سند حواله مصرف  با شماره 2570 ثبت شد
,شركت كيهان راه شرق (سهامي خاص),1405,يوسفي4خواف,1405/04/05,09:46:17,موجوديت جديد,انبار,سند انبار,8042,1405/03/19,سند رسيد خريد  با شماره 8042 ثبت شد
,شركت كيهان راه شرق (سهامي خاص),1405,شهنواز1,1405/04/05,09:43:20,موجوديت جديد,انبار,سند انبار,8041,1405/01/05,سند رسيد خريد  با شماره 8041 ثبت شد
,شركت كيهان راه شرق (سهامي خاص),1405,يوسفي4خواف,1405/04/05,09:30:12,موجوديت جديد,انبار,سند انبار,5996,1405/03/25,سند درخواست كالا از انبار با شماره 5996 ثبت شد
,شركت كيهان راه شرق (سهامي خاص),1405,شهنواز1,1405/04/05,09:29:21,موجوديت جديد,انبار,سند انبار,2569,1405/02/15,سند حواله مصرف  با شماره 2569 ثبت شد
,شركت كيهان راه شرق (سهامي خاص),1405,يوسفي4خواف,1405/04/05,09:28:25,موجوديت جديد,انبار,سند انبار,2568,1405/04/01,سند حواله مصرف  با شماره 2568 ثبت شد
,شركت كيهان راه شرق (سهامي خاص),1405,شهنواز1,1405/04/05,09:28:08,موجوديت جديد,انبار,سند انبار,8040,1405/01/26,سند رسيد خريد  با شماره 8040 ثبت شد
,شركت كيهان راه شرق (سهامي خاص),1405,يوسفي4خواف,1405/04/05,09:25:56,موجوديت جديد,انبار,سند انبار,8039,1405/03/26,سند رسيد خريد  با شماره 8039 ثبت شد
,شركت كيهان راه شرق (سهامي خاص),1405,شهنواز1,1405/04/05,09:22:31,موجوديت جديد,انبار,سند انبار,8038,1405/04/05,سند رسيد خريد  با شماره 8038 ثبت شد
,شركت كيهان راه شرق (سهامي خاص),1405,يوسفي4خواف,1405/04/05,09:22:08,موجوديت جديد,انبار,سند انبار,5995,1405/03/22,سند درخواست كالا از انبار با شماره 5995 ثبت شد
,شركت كيهان راه شرق (سهامي خاص),1405,شهنواز1,1405/04/05,09:20:52,موجوديت جديد,انبار,سند انبار,3963,1405/04/05,سند حواله مصرف ماشين آلات با شماره 3963 ثبت شد
,شركت كيهان راه شرق (سهامي خاص),1405,شهنواز1,1405/04/05,09:19:28,موجوديت جديد,انبار,سند انبار,8037,1405/04/05,سند رسيد خريد  با شماره 8037 ثبت شد
,شركت كيهان راه شرق (سهامي خاص),1405,كريمزاده1,1405/04/05,09:18:50,موجوديت جديد,انبار,سند انبار,8036,1405/03/21,سند رسيد خريد  با شماره 8036 ثبت شد
,شركت كيهان راه شرق (سهامي خاص),1405,شهنواز1,1405/04/05,09:16:27,موجوديت جديد,انبار,سند انبار,3962,1405/02/15,سند حواله مصرف ماشين آلات با شماره 3962 ثبت شد
,شركت كيهان راه شرق (سهامي خاص),1405,شهنواز1,1405/04/05,09:12:16,موجوديت جديد,انبار,سند انبار,8035,1405/02/15,سند رسيد خريد  با شماره 8035 ثبت شد
,شركت كيهان راه شرق (سهامي خاص),1405,كريمزاده1,1405/04/05,09:05:55,موجوديت جديد,انبار,سند انبار,8034,1405/03/18,سند رسيد خريد  با شماره 8034 ثبت شد
,شركت كيهان راه شرق (سهامي خاص),1405,شهنواز1,1405/04/05,09:04:44,موجوديت جديد,انبار,سند انبار,2567,1405/04/05,سند حواله مصرف  با شماره 2567 ثبت شد
,شركت كيهان راه شرق (سهامي خاص),1405,شهنواز1,1405/04/05,09:03:28,موجوديت جديد,انبار,سند انبار,8033,1405/04/05,سند رسيد خريد  با شماره 8033 ثبت شد
,شركت كيهان راه شرق (سهامي خاص),1405,شهنواز1,1405/04/05,08:55:04,موجوديت جديد,انبار,سند انبار,2566,1405/03/11,سند حواله مصرف  با شماره 2566 ثبت شد
,شركت كيهان راه شرق (سهامي خاص),1405,شهنواز1,1405/04/05,08:53:33,موجوديت جديد,انبار,سند انبار,8032,1405/03/09,سند رسيد خريد  با شماره 8032 ثبت شد
,شركت كيهان راه شرق (سهامي خاص),1405,شهنواز1,1405/04/05,08:51:11,موجوديت جديد,انبار,سند انبار,2565,1405/02/02,سند حواله مصرف  با شماره 2565 ثبت شد
,شركت كيهان راه شرق (سهامي خاص),1405,شهنواز1,1405/04/05,08:49:54,موجوديت جديد,انبار,سند انبار,8031,1405/01/24,سند رسيد خريد  با شماره 8031 ثبت شد
,شركت كيهان راه شرق (سهامي خاص),1405,شهنواز1,1405/04/05,08:47:11,موجوديت جديد,انبار,سند انبار,2564,1405/03/09,سند حواله مصرف  با شماره 2564 ثبت شد
,شركت كيهان راه شرق (سهامي خاص),1405,كريمزاده1,1405/04/05,08:46:58,موجوديت جديد,انبار,سند انبار,5994,1405/04/05,سند درخواست كالا از انبار با شماره 5994 ثبت شد
,شركت كيهان راه شرق (سهامي خاص),1405,شهنواز1,1405/04/05,08:45:50,موجوديت جديد,انبار,سند انبار,8030,1405/03/09,سند رسيد خريد  با شماره 8030 ثبت شد
,شركت كيهان راه شرق (سهامي خاص),1405,شهنواز1,1405/04/05,08:42:18,موجوديت جديد,انبار,سند انبار,2563,1405/03/02,سند حواله مصرف  با شماره 2563 ثبت شد
,شركت كيهان راه شرق (سهامي خاص),1405,شهنواز1,1405/04/05,08:40:43,موجوديت جديد,انبار,سند انبار,8029,1405/03/02,سند رسيد خريد  با شماره 8029 ثبت شد
,شركت كيهان راه شرق (سهامي خاص),1405,يوسفي4خواف,1405/04/05,08:27:48,موجوديت جديد,انبار,سند انبار,2562,1405/03/28,سند حواله مصرف  با شماره 2562 ثبت شد
,شركت كيهان راه شرق (سهامي خاص),1405,شهنواز1,1405/04/05,08:26:52,موجوديت جديد,انبار,سند انبار,3961,1405/02/12,سند حواله مصرف ماشين آلات با شماره 3961 ثبت شد
,شركت كيهان راه شرق (سهامي خاص),1405,شهنواز1,1405/04/05,08:24:13,موجوديت جديد,انبار,سند انبار,8028,1405/02/12,سند رسيد خريد  با شماره 8028 ثبت شد
,شركت كيهان راه شرق (سهامي خاص),1405,كريمزاده1,1405/04/05,08:21:42,موجوديت جديد,انبار,سند انبار,5993,1405/04/05,سند درخواست كالا از انبار با شماره 5993 ثبت شد
,شركت كيهان راه شرق (سهامي خاص),1405,شهنواز1,1405/04/05,08:20:11,موجوديت جديد,انبار,سند انبار,8027,1405/02/10,سند رسيد خريد  با شماره 8027 ثبت شد
,شركت كيهان راه شرق (سهامي خاص),1405,شهنواز1,1405/04/05,08:16:24,موجوديت جديد,انبار,سند انبار,3960,1405/02/23,سند حواله مصرف ماشين آلات با شماره 3960 ثبت شد
,شركت كيهان راه شرق (سهامي خاص),1405,شهنواز1,1405/04/05,08:13:02,موجوديت جديد,انبار,سند انبار,8026,1405/02/15,سند رسيد خريد  با شماره 8026 ثبت شد
,شركت كيهان راه شرق (سهامي خاص),1405,شهنواز1,1405/04/05,08:07:42,موجوديت جديد,انبار,سند انبار,3959,1405/02/26,سند حواله مصرف ماشين آلات با شماره 3959 ثبت شد
,شركت كيهان راه شرق (سهامي خاص),1405,شهنواز1,1405/04/05,08:05:11,موجوديت جديد,انبار,سند انبار,8025,1405/02/25,سند رسيد خريد  با شماره 8025 ثبت شد
,شركت كيهان راه شرق (سهامي خاص),1405,كريمزاده1,1405/04/05,08:01:49,موجوديت جديد,انبار,سند انبار,8024,1405/03/16,سند رسيد خريد  با شماره 8024 ثبت شد
,شركت كيهان راه شرق (سهامي خاص),1405,شهنواز1,1405/04/05,08:00:22,موجوديت جديد,انبار,سند انبار,2561,1405/03/20,سند حواله مصرف  با شماره 2561 ثبت شد
,شركت كيهان راه شرق (سهامي خاص),1405,شهنواز1,1405/04/05,07:58:33,موجوديت جديد,انبار,سند انبار,8023,1405/03/02,سند رسيد خريد  با شماره 8023 ثبت شد
,شركت كيهان راه شرق (سهامي خاص),1405,يوسفي4خواف,1405/04/05,07:58:33,موجوديت جديد,انبار,سند انبار,8022,1405/03/23,سند رسيد خريد  با شماره 8022 ثبت شد
,شركت كيهان راه شرق (سهامي خاص),1405,يوسفي4خواف,1405/04/05,07:55:10,موجوديت جديد,انبار,سند انبار,5992,1405/03/26,سند درخواست كالا از انبار با شماره 5992 ثبت شد
,شركت كيهان راه شرق (سهامي خاص),1405,شهنواز1,1405/04/05,07:55:00,موجوديت جديد,انبار,سند انبار,2560,1405/02/23,سند حواله مصرف  با شماره 2560 ثبت شد
,شركت كيهان راه شرق (سهامي خاص),1405,شهنواز1,1405/04/05,07:52:46,موجوديت جديد,انبار,سند انبار,8021,1405/02/16,سند رسيد خريد  با شماره 8021 ثبت شد
,شركت كيهان راه شرق (سهامي خاص),1405,يوسفي4خواف,1405/04/05,07:50:34,موجوديت جديد,انبار,سند انبار,2559,1405/03/30,سند حواله مصرف  با شماره 2559 ثبت شد
,شركت كيهان راه شرق (سهامي خاص),1405,يوسفي4خواف,1405/04/05,07:42:58, ويرايش موجوديت,انبار,سند انبار,8019,1405/03/27,سند رسيد خريد  با شماره 8019 ثبت شد
,شركت كيهان راه شرق (سهامي خاص),1405,كريمزاده1,1405/04/05,07:40:53,موجوديت جديد,انبار,سند انبار,8020,1405/03/05,سند رسيد خريد  با شماره 8020 ثبت شد
,شركت كيهان راه شرق (سهامي خاص),1405,يوسفي4خواف,1405/04/05,07:29:52,موجوديت جديد,انبار,سند انبار,8019,1405/03/27,سند رسيد خريد  با شماره 8019 ثبت شد
,شركت كيهان راه شرق (سهامي خاص),1405,كريمزاده1,1405/04/05,07:27:36,ورود موفق,,نشست,,,
,شركت كيهان راه شرق (سهامي خاص),1405,يوسفي4خواف,1405/04/05,07:07:25, ويرايش موجوديت,انبار,سند انبار,5991,1405/03/27,سند درخواست كالا از انبار با شماره 5991 ثبت شد
,شركت كيهان راه شرق (سهامي خاص),1405,يوسفي4خواف,1405/04/05,07:06:59,موجوديت جديد,انبار,سند انبار,5991,1405/03/27,سند درخواست كالا از انبار با شماره 5991 ثبت شد
,شركت كيهان راه شرق (سهامي خاص),1405,يوسفي4خواف,1405/04/05,07:04:57,موجوديت جديد,انبار,سند انبار,2558,1405/03/31,سند حواله مصرف  با شماره 2558 ثبت شد
,شركت كيهان راه شرق (سهامي خاص),1405,يوسفي4خواف,1405/04/05,07:01:45,موجوديت جديد,انبار,سند انبار,8018,1405/03/28,سند رسيد خريد  با شماره 8018 ثبت شد
,شركت كيهان راه شرق (سهامي خاص),1405,يوسفي4خواف,1405/04/05,06:54:34,موجوديت جديد,انبار,سند انبار,5990,1405/03/27,سند درخواست كالا از انبار با شماره 5990 ثبت شد
,شركت كيهان راه شرق (سهامي خاص),1405,يوسفي4خواف,1405/04/05,06:52:22,موجوديت جديد,انبار,سند انبار,2557,1405/03/31,سند حواله مصرف  با شماره 2557 ثبت شد
,شركت كيهان راه شرق (سهامي خاص),1405,يوسفي4خواف,1405/04/05,06:48:29, ويرايش موجوديت,انبار,سند انبار,8017,1405/03/28,سند رسيد خريد  با شماره 8017 ثبت شد
,شركت كيهان راه شرق (سهامي خاص),1405,يوسفي4خواف,1405/04/05,06:43:17,موجوديت جديد,انبار,سند انبار,8017,1405/03/28,سند رسيد خريد  با شماره 8017 ثبت شد
,شركت كيهان راه شرق (سهامي خاص),1405,يوسفي4خواف,1405/04/05,06:34:35,موجوديت جديد,انبار,سند انبار,5989,1405/03/27,سند درخواست كالا از انبار با شماره 5989 ثبت شد
,شركت كيهان راه شرق (سهامي خاص),1405,يوسفي4خواف,1405/04/05,06:31:12, ويرايش موجوديت,انبار,سند انبار,2556,1405/03/28,سند حواله مصرف  با شماره 2556 ثبت شد
,شركت كيهان راه شرق (سهامي خاص),1405,يوسفي4خواف,1405/04/05,06:30:54,موجوديت جديد,انبار,سند انبار,2556,1405/03/28,سند حواله مصرف  با شماره 2556 ثبت شد
,شركت كيهان راه شرق (سهامي خاص),1405,يوسفي4خواف,1405/04/05,06:28:07,موجوديت جديد,انبار,سند انبار,8016,1405/03/28,سند رسيد خريد  با شماره 8016 ثبت شد
,شركت كيهان راه شرق (سهامي خاص),1405,يوسفي4خواف,1405/04/05,06:23:22,ورود موفق,,نشست,,,
,شركت كيهان راه شرق (سهامي خاص),1405,شهنواز1,1405/04/04,15:05:11,موجوديت جديد,انبار,سند انبار,2555,1405/02/24,سند حواله مصرف  با شماره 2555 ثبت شد
,شركت كيهان راه شرق (سهامي خاص),1405,شهنواز1,1405/04/04,15:03:33,موجوديت جديد,انبار,سند انبار,8015,1405/02/15,سند رسيد خريد  با شماره 8015 ثبت شد
,شركت كيهان راه شرق (سهامي خاص),1405,شهنواز1,1405/04/04,15:01:27,موجوديت جديد,انبار,سند انبار,2554,1405/02/16,سند حواله مصرف  با شماره 2554 ثبت شد
,شركت كيهان راه شرق (سهامي خاص),1405,شهنواز1,1405/04/04,15:00:17,موجوديت جديد,انبار,سند انبار,8014,1405/02/15,سند رسيد خريد  با شماره 8014 ثبت شد
,شركت كيهان راه شرق (سهامي خاص),1405,شهنواز1,1405/04/04,14:58:11,موجوديت جديد,انبار,سند انبار,2553,1405/02/06,سند حواله مصرف  با شماره 2553 ثبت شد
,شركت كيهان راه شرق (سهامي خاص),1405,شهنواز1,1405/04/04,14:56:52,موجوديت جديد,انبار,سند انبار,8013,1405/02/05,سند رسيد خريد  با شماره 8013 ثبت شد
,شركت كيهان راه شرق (سهامي خاص),1405,شهنواز1,1405/04/04,14:54:49,موجوديت جديد,انبار,سند انبار,3958,1405/02/22,سند حواله مصرف ماشين آلات با شماره 3958 ثبت شد
,شركت كيهان راه شرق (سهامي خاص),1405,شهنواز1,1405/04/04,14:50:19,موجوديت جديد,انبار,سند انبار,8012,1405/02/21,سند رسيد خريد  با شماره 8012 ثبت شد
,شركت كيهان راه شرق (سهامي خاص),1405,شهنواز1,1405/04/04,14:43:09,موجوديت جديد,انبار,سند انبار,2552,1405/02/21,سند حواله مصرف  با شماره 2552 ثبت شد
,شركت كيهان راه شرق (سهامي خاص),1405,شهنواز1,1405/04/04,14:41:50,موجوديت جديد,انبار,سند انبار,8011,1405/02/21,سند رسيد خريد  با شماره 8011 ثبت شد
,شركت كيهان راه شرق (سهامي خاص),1405,شهنواز1,1405/04/04,14:38:46,موجوديت جديد,انبار,سند انبار,2551,1405/01/31,سند حواله مصرف  با شماره 2551 ثبت شد
,شركت كيهان راه شرق (سهامي خاص),1405,شهنواز1,1405/04/04,14:36:53,موجوديت جديد,انبار,سند انبار,8010,1405/01/31,سند رسيد خريد  با شماره 8010 ثبت شد
,شركت كيهان راه شرق (سهامي خاص),1405,شهنواز1,1405/04/04,14:32:45,ورود موفق,,نشست,,,
,,,شهنواز19,1405/04/04,14:32:36,ورود ناموفق (عدم صحت نام کاربر يا کلمه عبور),,نشست,,,
,شركت كيهان راه شرق (سهامي خاص),1404,عبد1,1405/04/04,14:28:53,موجوديت جديد,خزانه داري,سند خزانه داري,478,1405/02/28,سند صورت هزينه تنخواه با شماره 478 ذخيره شد
,شركت دنا بنيان بيرجند (سهامي خاص),1404,حسيني2,1405/04/04,14:07:19, ويرايش موجوديت,خزانه داري,سند خزانه داري,1308,1404/12/22,سند صورت هزينه تنخواه با شماره 1308 ذخيره شد
,شركت دنا بنيان بيرجند (سهامي خاص),1404,حسيني2,1405/04/04,14:05:54,موجوديت جديد,خزانه داري,سند خزانه داري,1308,1404/12/22,سند صورت هزينه تنخواه با شماره 1308 ذخيره شد
,شركت دنا بنيان بيرجند (سهامي خاص),1404,حسيني2,1405/04/04,13:51:18,موجوديت جديد,خزانه داري,سند خزانه داري,257,1405/02/24,سند صورت هزينه تنخواه با شماره 257 ذخيره شد
,شركت دنا بنيان بيرجند (سهامي خاص),1404,حسيني2,1405/04/04,13:38:44, ويرايش موجوديت,خزانه داري,سند خزانه داري,1307,1404/07/19,سند صورت هزينه تنخواه با شماره 1307 ذخيره شد
,شركت دنا بنيان بيرجند (سهامي خاص),1404,حسيني2,1405/04/04,13:37:27,موجوديت جديد,خزانه داري,سند خزانه داري,1307,1404/07/19,سند صورت هزينه تنخواه با شماره 1307 ذخيره شد
,شركت دنا بنيان بيرجند (سهامي خاص),1404,حسيني2,1405/04/04,13:27:15,موجوديت جديد,خزانه داري,سند خزانه داري,256,1405/03/25,سند صورت هزينه تنخواه با شماره 256 ذخيره شد
,شركت دنا بنيان بيرجند (سهامي خاص),1404,حسيني2,1405/04/04,13:15:01,ورود موفق,,نشست,,,
,شركت كيهان راه شرق (سهامي خاص),1404,عبد1,1405/04/04,13:10:40,موجوديت جديد,خزانه داري,سند خزانه داري,477,1405/02/23,سند صورت هزينه تنخواه با شماره 477 ذخيره شد
,شركت كيهان راه شرق (سهامي خاص),1404,عبد1,1405/04/04,12:43:41,ورود موفق,,نشست,,,
,كيهان ريل تهران,1404,شهنواز19_شاهنامه,1405/04/04,12:40:03,موجوديت جديد,خزانه داري,سند خزانه داري,284,1404/12/14,سند صورت هزينه تنخواه با شماره 284 ذخيره شد
,كيهان ريل تهران,1404,شهنواز19_شاهنامه,1405/04/04,12:29:51,ورود موفق,,نشست,,,
,شركت كيهان راه شرق (سهامي خاص),1405,كريمزاده1,1405/04/03,18:00:50,موجوديت جديد,انبار,سند انبار,5988,1405/04/03,سند درخواست كالا از انبار با شماره 5988 ثبت شد
,شركت كيهان راه شرق (سهامي خاص),1405,كريمزاده1,1405/04/03,15:57:51,موجوديت جديد,انبار,سند انبار,8009,1405/03/06,سند رسيد خريد  با شماره 8009 ثبت شد
,شركت كيهان راه شرق (سهامي خاص),1405,كريمزاده1,1405/04/03,15:53:08,موجوديت جديد,انبار,سند انبار,8008,1405/03/10,سند رسيد خريد  با شماره 8008 ثبت شد
,شركت كيهان راه شرق (سهامي خاص),1405,كريمزاده1,1405/04/03,15:51:36, ويرايش موجوديت,انبار,سند انبار,3953,1405/03/30,سند حواله مصرف ماشين آلات با شماره 3953 ثبت شد
,شركت كيهان راه شرق (سهامي خاص),1405,كريمزاده1,1405/04/03,15:48:49,موجوديت جديد,انبار,سند انبار,3957,1405/04/03,سند حواله مصرف ماشين آلات با شماره 3957 ثبت شد
,شركت كيهان راه شرق (سهامي خاص),1405,كريمزاده1,1405/04/03,15:48:25,موجوديت جديد,انبار,سند انبار,8007,1405/03/20,سند رسيد خريد  با شماره 8007 ثبت شد
,شركت كيهان راه شرق (سهامي خاص),1405,كريمزاده1,1405/04/03,15:38:26,موجوديت جديد,انبار,سند انبار,3956,1405/04/03,سند حواله مصرف ماشين آلات با شماره 3956 ثبت شد
,شركت كيهان راه شرق (سهامي خاص),1405,كريمزاده1,1405/04/03,15:26:51, ويرايش موجوديت,انبار,سند انبار,8003,1405/04/03,سند رسيد خريد  با شماره 8003 ثبت شد
,شركت كيهان راه شرق (سهامي خاص),1405,كريمزاده1,1405/04/03,15:25:54,موجوديت جديد,انبار,سند انبار,8006,1405/03/12,سند رسيد خريد  با شماره 8006 ثبت شد
,شركت كيهان راه شرق (سهامي خاص),1405,كريمزاده1,1405/04/03,15:23:21, ويرايش موجوديت,انبار,سند انبار,3955,1405/04/03,سند حواله مصرف ماشين آلات با شماره 3955 ثبت شد
,شركت كيهان راه شرق (سهامي خاص),1405,كريمزاده1,1405/04/03,15:22:51, ويرايش موجوديت,انبار,سند انبار,8005,1405/03/16,سند رسيد خريد  با شماره 8005 ثبت شد
,شركت كيهان راه شرق (سهامي خاص),1405,كريمزاده1,1405/04/03,15:22:23,موجوديت جديد,انبار,سند انبار,8005,1405/04/03,سند رسيد خريد  با شماره 8005 ثبت شد
,شركت كيهان راه شرق (سهامي خاص),1405,كريمزاده1,1405/04/03,15:16:40,موجوديت جديد,انبار,سند انبار,8004,1405/03/16,سند رسيد خريد  با شماره 8004 ثبت شد
,شركت كيهان راه شرق (سهامي خاص),1405,كريمزاده1,1405/04/03,15:14:23,موجوديت جديد,انبار,سند انبار,8003,1405/04/03,سند رسيد خريد  با شماره 8003 ثبت شد
,شركت كيهان راه شرق (سهامي خاص),1405,كريمزاده1,1405/04/03,15:13:24, ويرايش موجوديت,انبار,سند انبار,3955,1405/04/03,سند حواله مصرف ماشين آلات با شماره 3955 ثبت شد
,شركت كيهان راه شرق (سهامي خاص),1405,كريمزاده1,1405/04/03,15:11:41, ويرايش موجوديت,انبار,سند انبار,3955,1405/04/03,سند حواله مصرف ماشين آلات با شماره 3955 ثبت شد
,شركت كيهان راه شرق (سهامي خاص),1405,كريمزاده1,1405/04/03,15:10:41,موجوديت جديد,انبار,سند انبار,8002,1405/03/10,سند رسيد خريد  با شماره 8002 ثبت شد
,شركت كيهان راه شرق (سهامي خاص),1405,كريمزاده1,1405/04/03,15:09:21,موجوديت جديد,انبار,سند انبار,3955,1405/04/03,سند حواله مصرف ماشين آلات با شماره 3955 ثبت شد
,شركت كيهان راه شرق (سهامي خاص),1405,كريمزاده1,1405/04/03,15:04:15,موجوديت جديد,انبار,سند انبار,8001,1405/03/07,سند رسيد خريد  با شماره 8001 ثبت شد
,شركت كيهان راه شرق (سهامي خاص),1405,كريمزاده1,1405/04/03,14:55:11, ويرايش موجوديت,انبار,سند انبار,2899,1405/03/31,سند حواله مصرف ماشين آلات با شماره 2899 ثبت شد
,شركت كيهان راه شرق (سهامي خاص),1405,نباتي,1405/04/03,14:44:30,ورود موفق,,نشست,,,
,شركت كيهان راه شرق (سهامي خاص),1405,كريمزاده1,1405/04/03,14:44:00, ويرايش موجوديت,انبار,سند انبار,2899,1405/03/31,سند حواله مصرف ماشين آلات با شماره 2899 ثبت شد
,شركت كيهان راه شرق (سهامي خاص),1405,كريمزاده1,1405/04/03,14:42:29,موجوديت جديد,انبار,سند انبار,8000,1405/03/10,سند رسيد خريد  با شماره 8000 ثبت شد
,شركت كيهان راه شرق (سهامي خاص),1405,كريمزاده1,1405/04/03,14:35:58, ويرايش موجوديت,انبار,سند انبار,2899,1405/03/31,سند حواله مصرف ماشين آلات با شماره 2899 ثبت شد
,شركت كيهان راه شرق (سهامي خاص),1405,كريمزاده1,1405/04/03,14:35:53,موجوديت جديد,انبار,سند انبار,7999,1405/03/16,سند رسيد خريد  با شماره 7999 ثبت شد
,شركت كيهان راه شرق (سهامي خاص),1405,كريمزاده1,1405/04/03,14:34:56, ويرايش موجوديت,انبار,سند انبار,2899,1405/03/31,سند حواله مصرف ماشين آلات با شماره 2899 ثبت شد
,شركت كيهان راه شرق (سهامي خاص),1405,كريمزاده1,1405/04/03,14:32:19, ويرايش موجوديت,انبار,سند انبار,2899,1405/03/31,سند حواله مصرف ماشين آلات با شماره 2899 ثبت شد
,شركت كيهان راه شرق (سهامي خاص),1405,كريمزاده1,1405/04/03,14:30:55, ويرايش موجوديت,انبار,سند انبار,2899,1405/03/31,سند حواله مصرف ماشين آلات با شماره 2899 ثبت شد
,شركت كيهان راه شرق (سهامي خاص),1405,كريمزاده1,1405/04/03,14:29:31, ويرايش موجوديت,انبار,سند انبار,2899,1405/03/31,سند حواله مصرف ماشين آلات با شماره 2899 ثبت شد
,شركت كيهان راه شرق (سهامي خاص),1405,كريمزاده1,1405/04/03,14:28:20, ويرايش موجوديت,انبار,سند انبار,2899,1405/03/31,سند حواله مصرف ماشين آلات با شماره 2899 ثبت شد
,شركت كيهان راه شرق (سهامي خاص),1405,كريمزاده1,1405/04/03,14:26:31,موجوديت جديد,انبار,سند انبار,7998,1405/03/07,سند رسيد خريد  با شماره 7998 ثبت شد
,شركت كيهان راه شرق (سهامي خاص),1405,كريمزاده1,1405/04/03,14:25:34, ويرايش موجوديت,انبار,سند انبار,2899,1405/03/31,سند حواله مصرف ماشين آلات با شماره 2899 ثبت شد
,شركت كيهان راه شرق (سهامي خاص),1405,كريمزاده1,1405/04/03,14:21:54, ويرايش موجوديت,انبار,سند انبار,2899,1405/03/31,سند حواله مصرف ماشين آلات با شماره 2899 ثبت شد
,شركت كيهان راه شرق (سهامي خاص),1405,كريمزاده1,1405/04/03,14:18:09,موجوديت جديد,انبار,سند انبار,7997,1405/03/16,سند رسيد خريد  با شماره 7997 ثبت شد
,شركت كيهان راه شرق (سهامي خاص),1405,يوسفي4خواف,1405/04/03,13:47:39,موجوديت جديد,انبار,سند انبار,2550,1405/03/26,سند حواله مصرف  با شماره 2550 ثبت شد
,شركت كيهان راه شرق (سهامي خاص),1405,يوسفي4خواف,1405/04/03,13:47:22,موجوديت جديد,انبار,سند انبار,5987,1405/03/17,سند درخواست كالا از انبار با شماره 5987 ثبت شد
,شركت كيهان راه شرق (سهامي خاص),1405,يوسفي4خواف,1405/04/03,13:43:50,موجوديت جديد,انبار,سند انبار,7996,1405/03/18,سند رسيد خريد  با شماره 7996 ثبت شد
,شركت كيهان راه شرق (سهامي خاص),1405,يوسفي4خواف,1405/04/03,13:41:35,موجوديت جديد,انبار,سند انبار,5986,1405/03/17,سند درخواست كالا از انبار با شماره 5986 ثبت شد
,شركت كيهان راه شرق (سهامي خاص),1405,يوسفي4خواف,1405/04/03,13:39:22,موجوديت جديد,انبار,سند انبار,2549,1405/03/31,سند حواله مصرف  با شماره 2549 ثبت شد
,شركت كيهان راه شرق (سهامي خاص),1405,يوسفي4خواف,1405/04/03,13:36:29,موجوديت جديد,انبار,سند انبار,7995,1405/03/18,سند رسيد خريد  با شماره 7995 ثبت شد
,شركت كيهان راه شرق (سهامي خاص),1405,يوسفي4خواف,1405/04/03,13:33:10,موجوديت جديد,انبار,سند انبار,5985,1405/03/29,سند درخواست كالا از انبار با شماره 5985 ثبت شد
,شركت كيهان راه شرق (سهامي خاص),1405,يوسفي4خواف,1405/04/03,13:31:33,موجوديت جديد,انبار,سند انبار,2548,1405/03/31,سند حواله مصرف  با شماره 2548 ثبت شد
,شركت كيهان راه شرق (سهامي خاص),1405,يوسفي4خواف,1405/04/03,13:28:32,موجوديت جديد,انبار,سند انبار,7994,1405/03/30,سند رسيد خريد  با شماره 7994 ثبت شد
,شركت كيهان راه شرق (سهامي خاص),1405,يوسفي4خواف,1405/04/03,13:24:54, ويرايش موجوديت,انبار,سند انبار,5984,1405/03/20,سند درخواست كالا از انبار با شماره 5984 ثبت شد
,شركت كيهان راه شرق (سهامي خاص),1405,يوسفي4خواف,1405/04/03,13:24:38,موجوديت جديد,انبار,سند انبار,5984,1405/03/20,سند درخواست كالا از انبار با شماره 5984 ثبت شد
,شركت كيهان راه شرق (سهامي خاص),1405,يوسفي4خواف,1405/04/03,13:23:06, ويرايش موجوديت,انبار,سند انبار,2547,1405/03/27,سند حواله مصرف  با شماره 2547 ثبت شد
,شركت كيهان راه شرق (سهامي خاص),1405,يوسفي4خواف,1405/04/03,13:22:57,موجوديت جديد,انبار,سند انبار,2547,1405/04/03,سند حواله مصرف  با شماره 2547 ثبت شد
,شركت كيهان راه شرق (سهامي خاص),1405,يوسفي4خواف,1405/04/03,13:20:20,موجوديت جديد,انبار,سند انبار,7993,1405/03/21,سند رسيد خريد  با شماره 7993 ثبت شد
,شركت كيهان راه شرق (سهامي خاص),1405,كريمزاده1,1405/04/03,13:18:22, ويرايش موجوديت,انبار,سند انبار,3953,1405/03/30,سند حواله مصرف ماشين آلات با شماره 3953 ثبت شد
,شركت كيهان راه شرق (سهامي خاص),1405,يوسفي4خواف,1405/04/03,13:15:27, ويرايش موجوديت,انبار,سند انبار,7992,1405/03/30,سند رسيد خريد  با شماره 7992 ثبت شد
,شركت كيهان راه شرق (سهامي خاص),1405,يوسفي4خواف,1405/04/03,13:10:10, ويرايش موجوديت,انبار,سند انبار,7992,1405/03/30,سند رسيد خريد  با شماره 7992 ثبت شد
,شركت كيهان راه شرق (سهامي خاص),1405,يوسفي4خواف,1405/04/03,13:08:39,موجوديت جديد,انبار,سند انبار,5983,1405/03/29,سند درخواست كالا از انبار با شماره 5983 ثبت شد
,شركت كيهان راه شرق (سهامي خاص),1405,يوسفي4خواف,1405/04/03,13:06:52,موجوديت جديد,انبار,سند انبار,2546,1405/04/01,سند حواله مصرف  با شماره 2546 ثبت شد
,شركت كيهان راه شرق (سهامي خاص),1405,يوسفي4خواف,1405/04/03,13:04:56,موجوديت جديد,انبار,سند انبار,7992,1405/03/30,سند رسيد خريد  با شماره 7992 ثبت شد
,شركت كيهان راه شرق (سهامي خاص),1405,يوسفي4خواف,1405/04/03,13:01:59,موجوديت جديد,انبار,سند انبار,5982,1405/03/28,سند درخواست كالا از انبار با شماره 5982 ثبت شد
,شركت كيهان راه شرق (سهامي خاص),1405,يوسفي4خواف,1405/04/03,13:00:57, ويرايش موجوديت,انبار,سند انبار,2545,1405/04/02,سند حواله مصرف  با شماره 2545 ثبت شد
,شركت كيهان راه شرق (سهامي خاص),1405,يوسفي4خواف,1405/04/03,13:00:32,موجوديت جديد,انبار,سند انبار,2545,1405/04/02,سند حواله مصرف  با شماره 2545 ثبت شد
,شركت كيهان راه شرق (سهامي خاص),1405,يوسفي4خواف,1405/04/03,12:57:17,موجوديت جديد,انبار,سند انبار,7991,1405/03/29,سند رسيد خريد  با شماره 7991 ثبت شد
,شركت كيهان راه شرق (سهامي خاص),1405,يوسفي4خواف,1405/04/03,12:54:41,ورود موفق,,نشست,,,
,شركت كيهان راه شرق (سهامي خاص),1405,كريمزاده1,1405/04/03,12:45:49, ويرايش موجوديت,انبار,سند انبار,3953,1405/03/27,سند حواله مصرف ماشين آلات با شماره 3953 ثبت شد
,شركت كيهان راه شرق (سهامي خاص),1405,كريمزاده1,1405/04/03,12:43:22,موجوديت جديد,انبار,سند انبار,7990,1405/03/08,سند رسيد خريد  با شماره 7990 ثبت شد
,شركت كيهان راه شرق (سهامي خاص),1405,كريمزاده1,1405/04/03,12:22:48, ويرايش موجوديت,انبار,سند انبار,3953,1405/03/27,سند حواله مصرف ماشين آلات با شماره 3953 ثبت شد
,شركت كيهان راه شرق (سهامي خاص),1405,كريمزاده1,1405/04/03,11:58:30,موجوديت جديد,انبار,سند انبار,7989,1405/03/10,سند رسيد خريد  با شماره 7989 ثبت شد
,شركت كيهان راه شرق (سهامي خاص),1405,كريمزاده1,1405/04/03,11:56:32,موجوديت جديد,انبار,سند انبار,7988,1405/03/11,سند رسيد خريد  با شماره 7988 ثبت شد
,شركت كيهان راه شرق (سهامي خاص),1405,كريمزاده1,1405/04/03,11:45:58,موجوديت جديد,انبار,سند انبار,7987,1405/03/12,سند رسيد خريد  با شماره 7987 ثبت شد
,شركت كيهان راه شرق (سهامي خاص),1405,كريمزاده1,1405/04/03,11:28:39, ويرايش موجوديت,انبار,سند انبار,3953,1405/03/27,سند حواله مصرف ماشين آلات با شماره 3953 ثبت شد
,شركت كيهان راه شرق (سهامي خاص),1405,كريمزاده1,1405/04/03,11:17:54,موجوديت جديد,انبار,سند انبار,7986,1405/03/12,سند رسيد خريد  با شماره 7986 ثبت شد
,شركت كيهان راه شرق (سهامي خاص),1405,كريمزاده1,1405/04/03,10:55:04,موجوديت جديد,انبار,سند انبار,7985,1405/04/03,سند رسيد خريد  با شماره 7985 ثبت شد
,شركت كيهان راه شرق (سهامي خاص),1405,كريمزاده1,1405/04/03,10:51:02,موجوديت جديد,انبار,سند انبار,7984,1405/03/12,سند رسيد خريد  با شماره 7984 ثبت شد
,شركت كيهان راه شرق (سهامي خاص),1405,كريمزاده1,1405/04/03,10:46:14,موجوديت جديد,انبار,سند انبار,7983,1405/03/20,سند رسيد خريد  با شماره 7983 ثبت شد
,شركت كيهان راه شرق (سهامي خاص),1405,كريمزاده1,1405/04/03,10:24:08,موجوديت جديد,انبار,سند انبار,7982,1405/03/12,سند رسيد خريد  با شماره 7982 ثبت شد
,شركت كيهان راه شرق (سهامي خاص),1405,كريمزاده1,1405/04/03,10:22:15,موجوديت جديد,انبار,سند انبار,7981,1405/03/12,سند رسيد خريد  با شماره 7981 ثبت شد
,شركت كيهان راه شرق (سهامي خاص),1405,كريمزاده1,1405/04/03,10:13:43,موجوديت جديد,انبار,سند انبار,7980,1405/03/11,سند رسيد خريد  با شماره 7980 ثبت شد
,شركت كيهان راه شرق (سهامي خاص),1405,كريمزاده1,1405/04/03,09:57:28,موجوديت جديد,انبار,سند انبار,7979,1405/03/09,سند رسيد خريد  با شماره 7979 ثبت شد
,شركت كيهان راه شرق (سهامي خاص),1405,كريمزاده1,1405/04/03,09:53:01,موجوديت جديد,انبار,سند انبار,7978,1405/03/11,سند رسيد خريد  با شماره 7978 ثبت شد
,شركت كيهان راه شرق (سهامي خاص),1405,كريمزاده1,1405/04/03,09:43:46,موجوديت جديد,انبار,سند انبار,7977,1405/03/13,سند رسيد خريد  با شماره 7977 ثبت شد
,شركت كيهان راه شرق (سهامي خاص),1405,كريمزاده1,1405/04/03,09:40:42,موجوديت جديد,انبار,سند انبار,7976,1405/03/16,سند رسيد خريد  با شماره 7976 ثبت شد
,شركت كيهان راه شرق (سهامي خاص),1405,كريمزاده1,1405/04/03,09:38:40,موجوديت جديد,انبار,سند انبار,7975,1405/03/16,سند رسيد خريد  با شماره 7975 ثبت شد
,شركت كيهان راه شرق (سهامي خاص),1405,كريمزاده1,1405/04/03,09:31:30,موجوديت جديد,انبار,سند انبار,7974,1405/03/16,سند رسيد خريد  با شماره 7974 ثبت شد
,شركت كيهان راه شرق (سهامي خاص),1405,كريمزاده1,1405/04/03,09:28:37,موجوديت جديد,انبار,سند انبار,7973,1405/03/01,سند رسيد خريد  با شماره 7973 ثبت شد
,شركت كيهان راه شرق (سهامي خاص),1405,كريمزاده1,1405/04/03,09:04:46,موجوديت جديد,انبار,سند انبار,7972,1405/03/02,سند رسيد خريد  با شماره 7972 ثبت شد
,شركت كيهان راه شرق (سهامي خاص),1405,كريمزاده1,1405/04/03,09:00:36,موجوديت جديد,انبار,سند انبار,7971,1405/03/02,سند رسيد خريد  با شماره 7971 ثبت شد
,شركت كيهان راه شرق (سهامي خاص),1405,كريمزاده1,1405/04/03,08:57:27,موجوديت جديد,انبار,سند انبار,7970,1405/04/02,سند رسيد خريد  با شماره 7970 ثبت شد
,شركت كيهان راه شرق (سهامي خاص),1405,كريمزاده1,1405/04/03,08:35:31,موجوديت جديد,انبار,سند انبار,7969,1405/03/03,سند رسيد خريد  با شماره 7969 ثبت شد
,شركت كيهان راه شرق (سهامي خاص),1405,كريمزاده1,1405/04/03,08:33:30,موجوديت جديد,انبار,سند انبار,7968,1405/03/04,سند رسيد خريد  با شماره 7968 ثبت شد
,شركت كيهان راه شرق (سهامي خاص),1405,كريمزاده1,1405/04/03,08:25:16,موجوديت جديد,انبار,سند انبار,7967,1405/03/04,سند رسيد خريد  با شماره 7967 ثبت شد
,شركت كيهان راه شرق (سهامي خاص),1405,كريمزاده1,1405/04/03,08:17:04,موجوديت جديد,انبار,سند انبار,7966,1405/03/04,سند رسيد خريد  با شماره 7966 ثبت شد
,شركت كيهان راه شرق (سهامي خاص),1405,كريمزاده1,1405/04/03,07:59:54,موجوديت جديد,انبار,سند انبار,7965,1405/03/04,سند رسيد خريد  با شماره 7965 ثبت شد
,شركت كيهان راه شرق (سهامي خاص),1405,كريمزاده1,1405/04/03,07:49:48,موجوديت جديد,انبار,سند انبار,7964,1405/03/04,سند رسيد خريد  با شماره 7964 ثبت شد
,شركت كيهان راه شرق (سهامي خاص),1405,كريمزاده1,1405/04/03,07:33:56,موجوديت جديد,انبار,سند انبار,7963,1405/03/04,سند رسيد خريد  با شماره 7963 ثبت شد
,شركت كيهان راه شرق (سهامي خاص),1405,كريمزاده1,1405/04/03,07:19:24, ويرايش موجوديت,انبار,سند انبار,7962,1405/03/04,سند رسيد خريد  با شماره 7962 ثبت شد
,شركت كيهان راه شرق (سهامي خاص),1405,كريمزاده1,1405/04/03,07:18:43,موجوديت جديد,انبار,سند انبار,7962,1405/03/04,سند رسيد خريد  با شماره 7962 ثبت شد
,شركت كيهان راه شرق (سهامي خاص),1405,كريمزاده1,1405/04/03,07:06:34,موجوديت جديد,انبار,سند انبار,7961,1405/03/09,سند رسيد خريد  با شماره 7961 ثبت شد
,شركت كيهان راه شرق (سهامي خاص),1405,كريمزاده1,1405/04/03,07:02:57,موجوديت جديد,انبار,سند انبار,7960,1405/03/21,سند رسيد خريد  با شماره 7960 ثبت شد
,شركت كيهان راه شرق (سهامي خاص),1405,كريمزاده1,1405/04/03,07:01:34,موجوديت جديد,انبار,سند انبار,7959,1405/03/09,سند رسيد خريد  با شماره 7959 ثبت شد
,شركت كيهان راه شرق (سهامي خاص),1405,كريمزاده1,1405/04/03,06:55:34,موجوديت جديد,انبار,سند انبار,7958,1405/03/10,سند رسيد خريد  با شماره 7958 ثبت شد
,شركت كيهان راه شرق (سهامي خاص),1405,كريمزاده1,1405/04/03,06:51:57,موجوديت جديد,انبار,سند انبار,7957,1405/04/10,سند رسيد خريد  با شماره 7957 ثبت شد
,شركت قدرت ايمان كوير(سهامي خاص),1405,فاطمي3,1405/04/02,17:07:28, ويرايش موجوديت,خزانه داري,سند حسابداري,191,1405/02/10,سند عمومي با شماره 191 تاييد شد
,شركت كيهان راه شرق (سهامي خاص),1405,عليرضاسالاري,1405/04/02,17:05:02, ويرايش موجوديت,انبار,سند انبار,5572,1405/03/27,سند درخواست كالا از انبار با شماره 5572 ثبت شد
,شركت كيهان راه شرق (سهامي خاص),1405,عليرضاسالاري,1405/04/02,17:02:24, ويرايش موجوديت,انبار,سند انبار,5572,1405/03/27,سند درخواست كالا از انبار با شماره 5572 ثبت شد
,شركت كيهان راه شرق (سهامي خاص),1405,عليرضاسالاري,1405/04/02,17:01:54, ويرايش موجوديت,انبار,سند انبار,5572,1405/03/27,سند درخواست كالا از انبار با شماره 5572 ثبت شد
,شركت قدرت ايمان كوير(سهامي خاص),1405,فاطمي3,1405/04/02,17:00:28, ويرايش موجوديت,حسابداري,سند حسابداري,958,1405/03/30,سند عمومي با شماره 958 تاييد شد
,شركت قدرت ايمان كوير(سهامي خاص),1405,فاطمي3,1405/04/02,16:59:51,ورود موفق,,نشست,,,
,صولت پارس آمود,1405,فاطمي7,1405/04/02,16:55:32, ويرايش موجوديت,خزانه داري,سند حسابداري,3693,1404/12/24,سند عمومي با شماره 3693 تاييد شد
,شركت كيهان راه شرق (سهامي خاص),1405,كريمزاده1,1405/04/02,16:55:25,موجوديت جديد,انبار,سند انبار,5981,1405/04/02,سند درخواست كالا از انبار با شماره 5981 ثبت شد
,صولت پارس آمود,1405,فاطمي7,1405/04/02,16:54:11, ويرايش موجوديت,خزانه داري,سند حسابداري,3683,1404/12/23,سند عمومي با شماره 3683 تاييد شد
,صولت پارس آمود,1405,فاطمي7,1405/04/02,16:52:28,ورود موفق,,نشست,,,
,تفتان ره ساز پارس,1405,فاطمي15,1405/04/02,16:51:53, ويرايش موجوديت,خزانه داري,سند حسابداري,424,1405/03/31,سند عمومي با شماره 424 تاييد شد
,تفتان ره ساز پارس,1405,فاطمي15,1405/04/02,16:51:10,ورود موفق,,نشست,,,
,شركت كيهان راه شرق (سهامي خاص),1405,فرامرزسليماني,1405/04/02,16:50:53, ويرايش موجوديت,انبار,سند انبار,5804,1405/03/30,سند درخواست كالا از انبار با شماره 5804 ثبت شد
,شركت كيهان راه شرق (سهامي خاص),1405,فرامرزسليماني,1405/04/02,16:50:21,موجوديت جديد,انبار,سند انبار,4680,1405/04/02,سند تاييد درخواست كالا با شماره 4680 ثبت شد
,شركت كيهان راه شرق (سهامي خاص),1405,فرامرزسليماني,1405/04/02,16:50:14, ويرايش موجوديت,انبار,سند انبار,5839,1405/03/31,سند درخواست كالا از انبار با شماره 5839 ثبت شد
,شركت كيهان راه شرق (سهامي خاص),1405,فرامرزسليماني,1405/04/02,16:49:23,موجوديت جديد,انبار,سند انبار,4679,1405/04/02,سند تاييد درخواست كالا با شماره 4679 ثبت شد
,شركت كيهان راه شرق (سهامي خاص),1405,فرامرزسليماني,1405/04/02,16:49:02,موجوديت جديد,انبار,سند انبار,4678,1405/04/02,سند تاييد درخواست كالا با شماره 4678 ثبت شد
,شركت كيهان راه شرق (سهامي خاص),1405,فرامرزسليماني,1405/04/02,16:48:53, ويرايش موجوديت,انبار,سند انبار,5384,1405/03/25,سند درخواست كالا از انبار با شماره 5384 ثبت شد
,شركت قدرت ايمان كوير(سهامي خاص),1404,اژدري,1405/04/02,16:46:33,ورود موفق,,نشست,,,
,شركت كيهان راه شرق (سهامي خاص),1405,نباتي,1405/04/02,16:46:30,ورود موفق,,نشست,,,
,شركت دنا بنيان بيرجند (سهامي خاص),1405,فاطمي2,1405/04/02,16:44:49, ويرايش موجوديت,خزانه داري,سند حسابداري,1027,1405/03/30,سند عمومي با شماره 1027 تاييد شد
,شركت كيهان راه شرق (سهامي خاص),1405,كريمزاده1,1405/04/02,16:36:32, ويرايش موجوديت,انبار,سند انبار,7956,1405/03/18,سند رسيد خريد  با شماره 7956 ثبت شد
,شركت كيهان راه شرق (سهامي خاص),1405,كريمزاده1,1405/04/02,16:35:11,موجوديت جديد,انبار,سند انبار,7956,1405/03/18,سند رسيد خريد  با شماره 7956 ثبت شد
,شركت كيهان راه شرق (سهامي خاص),1405,كريمزاده1,1405/04/02,16:32:14,موجوديت جديد,انبار,سند انبار,7955,1405/03/16,سند رسيد خريد  با شماره 7955 ثبت شد
,شركت كيهان راه شرق (سهامي خاص),1405,فرامرزسليماني,1405/04/02,16:30:58,موجوديت جديد,انبار,سند انبار,4677,1405/04/02,سند تاييد درخواست كالا با شماره 4677 ثبت شد
,شركت كيهان راه شرق (سهامي خاص),1405,فرامرزسليماني,1405/04/02,16:30:50, ويرايش موجوديت,انبار,سند انبار,5037,1405/03/21,سند درخواست كالا از انبار با شماره 5037 ثبت شد
,شركت كيهان راه شرق (سهامي خاص),1405,عليرضاسالاري,1405/04/02,16:30:41, ويرايش موجوديت,انبار,سند انبار,5392,1405/03/25,سند درخواست كالا از انبار با شماره 5392 ثبت شد
,شركت كيهان راه شرق (سهامي خاص),1405,فرامرزسليماني,1405/04/02,16:30:11, ويرايش موجوديت,انبار,سند انبار,5037,1405/03/21,سند درخواست كالا از انبار با شماره 5037 ثبت شد
,شركت كيهان راه شرق (سهامي خاص),1405,فرامرزسليماني,1405/04/02,16:28:32,موجوديت جديد,انبار,سند انبار,4676,1405/04/02,سند تاييد درخواست كالا با شماره 4676 ثبت شد
,شركت كيهان راه شرق (سهامي خاص),1405,فرامرزسليماني,1405/04/02,16:27:12, ويرايش موجوديت,انبار,سند انبار,5254,1405/03/24,سند درخواست كالا از انبار با شماره 5254 ثبت شد
,شركت كيهان راه شرق (سهامي خاص),1405,فرامرزسليماني,1405/04/02,16:27:00,موجوديت جديد,انبار,سند انبار,4675,1405/04/02,سند تاييد درخواست كالا با شماره 4675 ثبت شد
,شركت كيهان راه شرق (سهامي خاص),1405,فرامرزسليماني,1405/04/02,16:24:17, ويرايش موجوديت,انبار,سند انبار,5310,1405/03/25,سند درخواست كالا از انبار با شماره 5310 ثبت شد
,شركت كيهان راه شرق (سهامي خاص),1405,عسكريان15,1405/04/02,16:23:19,موجوديت جديد,انبار,سند انبار,3954,1405/02/15,سند حواله مصرف ماشين آلات با شماره 3954 ثبت شد
,شركت كيهان راه شرق (سهامي خاص),1405,عليرضاسالاري,1405/04/02,16:22:15, ويرايش موجوديت,انبار,سند انبار,5392,1405/03/25,سند درخواست كالا از انبار با شماره 5392 ثبت شد
,شركت كيهان راه شرق (سهامي خاص),1405,كريمزاده1,1405/04/02,16:21:03, ويرايش موجوديت,انبار,سند انبار,3953,1405/03/27,سند حواله مصرف ماشين آلات با شماره 3953 ثبت شد
,شركت كيهان راه شرق (سهامي خاص),1405,عسكريان15,1405/04/02,16:20:49,موجوديت جديد,انبار,سند انبار,7954,1405/02/15,سند رسيد خريد  با شماره 7954 ثبت شد
,شركت كيهان راه شرق (سهامي خاص),1405,فرامرزسليماني,1405/04/02,16:20:03,موجوديت جديد,انبار,سند انبار,4674,1405/04/02,سند تاييد درخواست كالا با شماره 4674 ثبت شد
,شركت كيهان راه شرق (سهامي خاص),1405,فرامرزسليماني,1405/04/02,16:19:54, ويرايش موجوديت,انبار,سند انبار,5627,1405/03/28,سند درخواست كالا از انبار با شماره 5627 ثبت شد
,شركت كيهان راه شرق (سهامي خاص),1405,كريمزاده1,1405/04/02,16:19:23, ويرايش موجوديت,انبار,سند انبار,3953,1405/03/27,سند حواله مصرف ماشين آلات با شماره 3953 ثبت شد
,شركت كيهان راه شرق (سهامي خاص),1405,كريمزاده1,1405/04/02,16:14:01, ويرايش موجوديت,انبار,سند انبار,3953,1405/03/27,سند حواله مصرف ماشين آلات با شماره 3953 ثبت شد
,شركت كيهان راه شرق (سهامي خاص),1405,فرامرزسليماني,1405/04/02,16:13:04,موجوديت جديد,انبار,سند انبار,4673,1405/04/02,سند تاييد درخواست كالا با شماره 4673 ثبت شد
,شركت كيهان راه شرق (سهامي خاص),1405,كريمزاده1,1405/04/02,16:12:56, ويرايش موجوديت,انبار,سند انبار,3953,1405/03/27,سند حواله مصرف ماشين آلات با شماره 3953 ثبت شد
,شركت كيهان راه شرق (سهامي خاص),1405,كريمزاده1,1405/04/02,16:09:31, ويرايش موجوديت,انبار,سند انبار,3953,1405/03/27,سند حواله مصرف ماشين آلات با شماره 3953 ثبت شد
,شركت كيهان راه شرق (سهامي خاص),1405,فرامرزسليماني,1405/04/02,16:09:21,موجوديت جديد,انبار,سند انبار,4672,1405/04/02,سند تاييد درخواست كالا با شماره 4672 ثبت شد
,شركت كيهان راه شرق (سهامي خاص),1405,كريمزاده1,1405/04/02,16:09:14,موجوديت جديد,انبار,سند انبار,7953,1405/03/17,سند رسيد خريد  با شماره 7953 ثبت شد
,شركت كيهان راه شرق (سهامي خاص),1405,فرامرزسليماني,1405/04/02,16:09:07, ويرايش موجوديت,انبار,سند انبار,5876,1405/03/31,سند درخواست كالا از انبار با شماره 5876 ثبت شد
,شركت كيهان راه شرق (سهامي خاص),1405,فرامرزسليماني,1405/04/02,16:07:23, ويرايش موجوديت,انبار,سند انبار,5972,1405/04/02,سند درخواست كالا از انبار با شماره 5972 ثبت شد
,شركت كيهان راه شرق (سهامي خاص),1405,كريمزاده1,1405/04/02,16:07:15,موجوديت جديد,انبار,سند انبار,7952,1405/03/17,سند رسيد خريد  با شماره 7952 ثبت شد
,شركت كيهان راه شرق (سهامي خاص),1405,فرامرزسليماني,1405/04/02,16:07:05, ويرايش موجوديت,انبار,سند انبار,5972,1405/04/02,سند درخواست كالا از انبار با شماره 5972 ثبت شد
,شركت كيهان راه شرق (سهامي خاص),1405,فرامرزسليماني,1405/04/02,16:06:23, ويرايش موجوديت,انبار,سند انبار,5971,1405/04/02,سند درخواست كالا از انبار با شماره 5971 ثبت شد
,شركت كيهان راه شرق (سهامي خاص),1405,فرامرزسليماني,1405/04/02,16:06:15, ويرايش موجوديت,انبار,سند انبار,5971,1405/04/02,سند درخواست كالا از انبار با شماره 5971 ثبت شد
,شركت كيهان راه شرق (سهامي خاص),1405,فرامرزسليماني,1405/04/02,16:06:04, ويرايش موجوديت,انبار,سند انبار,5971,1405/04/02,سند درخواست كالا از انبار با شماره 5971 ثبت شد
,شركت قدرت ايمان كوير(سهامي خاص),1404,شاهروديان3,1405/04/02,16:05:44, ويرايش موجوديت,خزانه داري,سند حسابداري,7809,1404/11/28,سند عمومي با شماره 7809 تاييد شد
,شركت قدرت ايمان كوير(سهامي خاص),1404,شاهروديان3,1405/04/02,16:05:31, ويرايش موجوديت,خزانه داري,سند حسابداري,7810,1404/11/28,سند عمومي با شماره 7810 تاييد شد
,شركت قدرت ايمان كوير(سهامي خاص),1404,جوانمرد3,1405/04/02,16:05:23, ويرايش موجوديت,خزانه داري,سند حسابداري,7810,1404/11/28,سند عمومي با شماره 7810 ذخيره شد
,شركت كيهان راه شرق (سهامي خاص),1405,كريمزاده1,1405/04/02,16:05:12,موجوديت جديد,انبار,سند انبار,3953,1405/03/27,سند حواله مصرف ماشين آلات با شماره 3953 ثبت شد
,شركت قدرت ايمان كوير(سهامي خاص),1404,شاهروديان3,1405/04/02,16:04:54, ويرايش موجوديت,خزانه داري,سند حسابداري,7811,1404/11/29,سند عمومي با شماره 7811 تاييد شد
,شركت قدرت ايمان كوير(سهامي خاص),1404,جوانمرد3,1405/04/02,16:04:41, ويرايش موجوديت,خزانه داري,سند حسابداري,7811,1404/11/29,سند عمومي با شماره 7811 ذخيره شد
,شركت قدرت ايمان كوير(سهامي خاص),1404,شاهروديان3,1405/04/02,16:04:17, ويرايش موجوديت,خزانه داري,سند حسابداري,7812,1404/11/27,سند عمومي با شماره 7812 تاييد شد
,شركت قدرت ايمان كوير(سهامي خاص),1404,جوانمرد3,1405/04/02,16:04:08, ويرايش موجوديت,خزانه داري,سند حسابداري,7812,1404/11/27,سند عمومي با شماره 7812 ذخيره شد
,شركت قدرت ايمان كوير(سهامي خاص),1404,شاهروديان3,1405/04/02,16:03:43, ويرايش موجوديت,خزانه داري,سند حسابداري,7813,1404/11/28,سند عمومي با شماره 7813 تاييد شد
,شركت قدرت ايمان كوير(سهامي خاص),1404,جوانمرد3,1405/04/02,16:03:38, ويرايش موجوديت,خزانه داري,سند حسابداري,7813,1404/11/28,سند عمومي با شماره 7813 ذخيره شد
,شركت قدرت ايمان كوير(سهامي خاص),1404,شاهروديان3,1405/04/02,16:03:11, ويرايش موجوديت,خزانه داري,سند حسابداري,7814,1404/11/28,سند عمومي با شماره 7814 تاييد شد
,شركت قدرت ايمان كوير(سهامي خاص),1404,جوانمرد3,1405/04/02,16:03:06, ويرايش موجوديت,خزانه داري,سند حسابداري,7814,1404/11/28,سند عمومي با شماره 7814 ذخيره شد
,شركت قدرت ايمان كوير(سهامي خاص),1404,شاهروديان3,1405/04/02,16:02:34, ويرايش موجوديت,خزانه داري,سند حسابداري,7816,1404/11/27,سند عمومي با شماره 7816 تاييد شد
,شركت قدرت ايمان كوير(سهامي خاص),1404,شاهروديان3,1405/04/02,16:02:07, ويرايش موجوديت,خزانه داري,سند حسابداري,7818,1404/11/26,سند عمومي با شماره 7818 تاييد شد
,شركت قدرت ايمان كوير(سهامي خاص),1404,جوانمرد3,1405/04/02,16:02:03, ويرايش موجوديت,خزانه داري,سند حسابداري,7818,1404/11/26,سند عمومي با شماره 7818 ذخيره شد
,شركت قدرت ايمان كوير(سهامي خاص),1404,شاهروديان3,1405/04/02,16:01:27, ويرايش موجوديت,خزانه داري,سند حسابداري,7821,1404/11/26,سند عمومي با شماره 7821 تاييد شد
,شركت قدرت ايمان كوير(سهامي خاص),1404,شاهروديان3,1405/04/02,16:01:07, ويرايش موجوديت,خزانه داري,سند حسابداري,7823,1404/11/26,سند عمومي با شماره 7823 تاييد شد
,شركت قدرت ايمان كوير(سهامي خاص),1404,جوانمرد3,1405/04/02,16:01:02, ويرايش موجوديت,خزانه داري,سند حسابداري,7823,1404/11/26,سند عمومي با شماره 7823 ذخيره شد
,شركت قدرت ايمان كوير(سهامي خاص),1404,شاهروديان3,1405/04/02,16:00:27, ويرايش موجوديت,خزانه داري,سند حسابداري,7824,1404/11/25,سند عمومي با شماره 7824 تاييد شد
,شركت قدرت ايمان كوير(سهامي خاص),1404,شاهروديان3,1405/04/02,16:00:04, ويرايش موجوديت,خزانه داري,سند حسابداري,7825,1404/11/25,سند عمومي با شماره 7825 تاييد شد
,شركت قدرت ايمان كوير(سهامي خاص),1404,شاهروديان3,1405/04/02,15:59:48, ويرايش موجوديت,خزانه داري,سند حسابداري,7826,1404/11/25,سند عمومي با شماره 7826 تاييد شد
,شركت قدرت ايمان كوير(سهامي خاص),1404,جوانمرد3,1405/04/02,15:59:33, ويرايش موجوديت,خزانه داري,سند حسابداري,7826,1404/11/25,سند عمومي با شماره 7826 ذخيره شد
,شركت قدرت ايمان كوير(سهامي خاص),1404,شاهروديان3,1405/04/02,15:58:53, ويرايش موجوديت,خزانه داري,سند حسابداري,7827,1404/11/23,سند عمومي با شماره 7827 تاييد شد
,شركت برش كوه آريا پارت (سهامي خاص),1405,جوانمرد5,1405/04/02,15:58:23,موجوديت جديد,خزانه داري,سند خزانه داري,61,1405/03/21,سند اعلاميه برداشت ريالي با شماره 61 ذخيره شد
,شركت قدرت ايمان كوير(سهامي خاص),1404,شاهروديان3,1405/04/02,15:58:16, ويرايش موجوديت,خزانه داري,سند حسابداري,7828,1404/11/23,سند عمومي با شماره 7828 تاييد شد
,شركت قدرت ايمان كوير(سهامي خاص),1404,شاهروديان3,1405/04/02,15:58:04, ويرايش موجوديت,خزانه داري,سند حسابداري,7829,1404/11/23,سند عمومي با شماره 7829 تاييد شد
,شركت كيهان راه شرق (سهامي خاص),1405,بهرامي1بيرجند,1405/04/02,15:57:44,موجوديت جديد,انبار,سند انبار,3952,1405/04/02,سند حواله مصرف ماشين آلات با شماره 3952 ثبت شد
,شركت كيهان راه شرق (سهامي خاص),1405,يوسفي4خواف,1405/04/02,15:57:18, ويرايش موجوديت,انبار,سند انبار,7951,1405/03/23,سند رسيد خريد  با شماره 7951 ثبت شد
,شركت برش كوه آريا پارت (سهامي خاص),1405,جوانمرد5,1405/04/02,15:57:12,موجوديت جديد,خزانه داري,سند خزانه داري,60,1405/03/20,سند اعلاميه برداشت ريالي با شماره 60 ذخيره شد
,شركت كيهان راه شرق (سهامي خاص),1405,يوسفي4خواف,1405/04/02,15:57:02,موجوديت جديد,انبار,سند انبار,7951,1405/03/23,سند رسيد خريد  با شماره 7951 ثبت شد
,شركت كيهان راه شرق (سهامي خاص),1405,كريمزاده1,1405/04/02,15:54:23, ويرايش موجوديت,انبار,سند انبار,7950,1405/03/17,سند رسيد خريد  با شماره 7950 ثبت شد
,شركت بنا بام بيستون (سهامي خاص),1405,آقاحاجي4,1405/04/02,15:50:58,موجوديت جديد,حسابداري,سند حسابداري,477,1405/03/26,سند عمومي با شماره ثابت 477 ذخيره شد
,شركت كيهان راه شرق (سهامي خاص),1405,اجنوردي1,1405/04/02,15:50:28, ويرايش موجوديت,انبار,سند انبار,34,1405/04/02,سند ارسال به تعميرات با شماره 34 ثبت شد
,صولت پارس آمود,1404,صابري,1405/04/02,15:50:19,ورود موفق,,نشست,,,
,,,,1405/04/02,15:50:11,ورود ناموفق (عدم صحت نام کاربر يا کلمه عبور),,نشست,,,
,شركت كيهان راه شرق (سهامي خاص),1405,درويش_نيا_تربت,1405/04/02,15:50:06, ويرايش موجوديت,انبار,سند انبار,190,1405/04/02,سند رسيد ضايعات و كالاهاي تعميري با شماره 190 ثبت شد
,,,,1405/04/02,15:50:04,ورود ناموفق (عدم صحت نام کاربر يا کلمه عبور),,نشست,,,
,شركت كيهان راه شرق (سهامي خاص),1405,اجنوردي1,1405/04/02,15:50:04,موجوديت جديد,انبار,سند انبار,34,1405/04/02,سند ارسال به تعميرات با شماره 34 ثبت شد
,,,,1405/04/02,15:49:59,ورود ناموفق (عدم صحت نام کاربر يا کلمه عبور),,نشست,,,
,شركت قدرت ايمان كوير(سهامي خاص),1404,شاهروديان3,1405/04/02,15:49:05, ويرايش موجوديت,خزانه داري,سند حسابداري,7830,1404/11/23,سند عمومي با شماره 7830 تاييد شد
,شركت كيهان راه شرق (سهامي خاص),1405,درويش_نيا_تربت,1405/04/02,15:49:03, ويرايش موجوديت,انبار,سند انبار,190,1405/04/02,سند رسيد ضايعات و كالاهاي تعميري با شماره 190 ثبت شد
,شركت كيهان راه شرق (سهامي خاص),1405,درويش_نيا_تربت,1405/04/02,15:48:59,موجوديت جديد,انبار,سند انبار,190,1405/04/02,سند رسيد ضايعات و كالاهاي تعميري با شماره 190 ثبت شد
,شركت قدرت ايمان كوير(سهامي خاص),1404,جوانمرد3,1405/04/02,15:48:36, ويرايش موجوديت,خزانه داري,سند حسابداري,7830,1404/11/23,سند عمومي با شماره 7830 ذخيره شد
,شركت كيهان راه شرق (سهامي خاص),1405,درويش_نيا_تربت,1405/04/02,15:48:12, ويرايش موجوديت,انبار,سند انبار,5980,1405/04/02,سند درخواست كالا از انبار با شماره 5980 ثبت شد
,شركت كيهان راه شرق (سهامي خاص),1405,درويش_نيا_تربت,1405/04/02,15:48:05,موجوديت جديد,انبار,سند انبار,5980,1405/04/02,سند درخواست كالا از انبار با شماره 5980 ثبت شد
,شركت كيهان راه شرق (سهامي خاص),1405,درويش_نيا_تربت,1405/04/02,15:46:59,ورود موفق,,نشست,,,
,شركت كيهان راه شرق (سهامي خاص),1405,كريمزاده1,1405/04/02,15:45:05,موجوديت جديد,انبار,سند انبار,7950,1405/03/17,سند رسيد خريد  با شماره 7950 ثبت شد
,شركت كيهان راه شرق (سهامي خاص),1405,فرامرزسليماني,1405/04/02,15:43:00,موجوديت جديد,انبار,سند انبار,4671,1405/04/02,سند تاييد درخواست كالا با شماره 4671 ثبت شد
,شركت كيهان راه شرق (سهامي خاص),1405,فرامرزسليماني,1405/04/02,15:42:51, ويرايش موجوديت,انبار,سند انبار,5172,1405/03/23,سند درخواست كالا از انبار با شماره 5172 ثبت شد
,شركت كيهان راه شرق (سهامي خاص),1405,كريمزاده1,1405/04/02,15:42:26,موجوديت جديد,انبار,سند انبار,7949,1405/03/17,سند رسيد خريد  با شماره 7949 ثبت شد
,شركت برش كوه آريا پارت (سهامي خاص),1405,جوانمرد5,1405/04/02,15:42:01,ورود موفق,,نشست,,,
,شركت بنا بام بيستون (سهامي خاص),1405,آقاحاجي4,1405/04/02,15:40:35,موجوديت جديد,حسابداري,سند حسابداري,476,1405/03/23,سند عمومي با شماره ثابت 476 ذخيره شد
,شركت قدرت ايمان كوير(سهامي خاص),1404,اژدري3,1405/04/02,15:38:17, ويرايش موجوديت,حسابداري,سند حسابداري,7556,1404/11/13,سند عمومي با شماره ثابت 7556 ذخيره شد
,شركت قدرت ايمان كوير(سهامي خاص),1404,اژدري3,1405/04/02,15:38:12, ويرايش موجوديت,حسابداري,سند حسابداري,7556,1404/11/13,سند عمومي با شماره ثابت 7556 ذخيره شد
,شركت كيهان راه شرق (سهامي خاص),1405,فرامرزسليماني,1405/04/02,15:37:37,موجوديت جديد,انبار,سند انبار,4670,1405/04/02,سند تاييد درخواست كالا با شماره 4670 ثبت شد
,شركت كيهان راه شرق (سهامي خاص),1405,فرامرزسليماني,1405/04/02,15:37:28, ويرايش موجوديت,انبار,سند انبار,5650,1405/03/28,سند درخواست كالا از انبار با شماره 5650 ثبت شد
,شركت قدرت ايمان كوير(سهامي خاص),1404,اژدري3,1405/04/02,15:37:19, ويرايش موجوديت,حسابداري,سند حسابداري,7563,1404/11/15,سند عمومي با شماره ثابت 7563 ذخيره شد
,شركت قدرت ايمان كوير(سهامي خاص),1404,اژدري3,1405/04/02,15:36:04, ويرايش موجوديت,حسابداري,سند حسابداري,7559,1404/11/13,سند عمومي با شماره ثابت 7559 ذخيره شد
,شركت كيهان راه شرق (سهامي خاص),1405,فرامرزسليماني,1405/04/02,15:35:33,موجوديت جديد,انبار,سند انبار,4669,1405/04/02,سند تاييد درخواست كالا با شماره 4669 ثبت شد
,شركت كيهان راه شرق (سهامي خاص),1405,فرامرزسليماني,1405/04/02,15:35:23, ويرايش موجوديت,انبار,سند انبار,5649,1405/03/28,سند درخواست كالا از انبار با شماره 5649 ثبت شد
,شركت كيهان راه شرق (سهامي خاص),1405,عسكريان15,1405/04/02,15:35:21,موجوديت جديد,انبار,سند انبار,3951,1405/01/26,سند حواله مصرف ماشين آلات با شماره 3951 ثبت شد
,شركت قدرت ايمان كوير(سهامي خاص),1404,اژدري3,1405/04/02,15:35:00,ورود موفق,,نشست,,,
,شركت كيهان راه شرق (سهامي خاص),1405,فرامرزسليماني,1405/04/02,15:34:21, ويرايش موجوديت,انبار,سند انبار,5646,1405/03/28,سند درخواست كالا از انبار با شماره 5646 ثبت شد
,شركت كيهان راه شرق (سهامي خاص),1405,عسكريان15,1405/04/02,15:34:08,موجوديت جديد,انبار,سند انبار,7948,1405/01/26,سند رسيد خريد  با شماره 7948 ثبت شد
,شركت بنا بام بيستون (سهامي خاص),1405,آقاحاجي4,1405/04/02,15:32:27,ورود موفق,,نشست,,,
,شركت كيهان راه شرق (سهامي خاص),1405,عليزاده,1405/04/02,15:29:37,ورود موفق,,نشست,,,
,,,عليزاده,1405/04/02,15:29:30,ورود ناموفق (عدم صحت نام کاربر يا کلمه عبور),,نشست,,,
,شركت كيهان راه شرق (سهامي خاص),1405,كريمزاده1,1405/04/02,15:25:48, ويرايش موجوديت,انبار,سند انبار,3949,1405/03/29,سند حواله مصرف ماشين آلات با شماره 3949 ثبت شد
,شركت كيهان راه شرق (سهامي خاص),1405,عسكريان15,1405/04/02,15:25:34,موجوديت جديد,انبار,سند انبار,3950,1405/01/28,سند حواله مصرف ماشين آلات با شماره 3950 ثبت شد
,شركت كيهان راه شرق (سهامي خاص),1405,كريمزاده1,1405/04/02,15:25:14, ويرايش موجوديت,انبار,سند انبار,3949,1405/03/29,سند حواله مصرف ماشين آلات با شماره 3949 ثبت شد
,شركت كيهان راه شرق (سهامي خاص),1405,كسري_دهقان1,1405/04/02,15:24:03, ويرايش موجوديت,حسابداري,سند حسابداري,2636,1405/03/22,سند عمومي با شماره ثابت 2636 ذخيره شد
,شركت كيهان راه شرق (سهامي خاص),1405,عسكريان15,1405/04/02,15:23:48,موجوديت جديد,انبار,سند انبار,7947,1405/01/28,سند رسيد خريد  با شماره 7947 ثبت شد
,شركت كيهان راه شرق (سهامي خاص),1405,كسري_دهقان1,1405/04/02,15:22:51,موجوديت جديد,حسابداري,سند حسابداري,2657,1405/03/03,سند عمومي با شماره ثابت 2657 ذخيره شد
,شركت كيهان راه شرق (سهامي خاص),1405,كريمزاده1,1405/04/02,15:21:45, ويرايش موجوديت,انبار,سند انبار,3949,1405/03/29,سند حواله مصرف ماشين آلات با شماره 3949 ثبت شد
,شركت كيهان راه شرق (سهامي خاص),1405,كريمزاده1,1405/04/02,15:21:29, ويرايش موجوديت,انبار,سند انبار,3949,1405/03/29,سند حواله مصرف ماشين آلات با شماره 3949 ثبت شد
,شركت كيهان راه شرق (سهامي خاص),1405,عسكريان15,1405/04/02,15:20:43,ورود موفق,,نشست,,,
,شركت كيهان راه شرق (سهامي خاص),1405,كريمزاده1,1405/04/02,15:20:21,موجوديت جديد,انبار,سند انبار,3949,1405/03/29,سند حواله مصرف ماشين آلات با شماره 3949 ثبت شد
,شركت كيهان راه شرق (سهامي خاص),1405,كريمزاده1,1405/04/02,15:18:06,موجوديت جديد,انبار,سند انبار,7946,1405/03/17,سند رسيد خريد  با شماره 7946 ثبت شد
,شركت كيهان راه شرق (سهامي خاص),1405,كريمزاده1,1405/04/02,15:16:15,موجوديت جديد,انبار,سند انبار,7945,1405/03/18,سند رسيد خريد  با شماره 7945 ثبت شد
,شركت كيهان راه شرق (سهامي خاص),1405,كارآموز1,1405/04/02,15:15:53,موجوديت جديد,حسابداري,سند حسابداري,2656,1405/03/09,سند عمومي با شماره ثابت 2656 ذخيره شد
,شركت كيهان راه شرق (سهامي خاص),1405,كسري_دهقان1,1405/04/02,15:15:10,ورود موفق,,نشست,,,
,شركت كيهان راه شرق (سهامي خاص),1405,مينايي1,1405/04/02,15:14:18,موجوديت جديد,خزانه داري,سند حسابداري,2655,1405/04/02,سند عمومي با شماره 2655 ذخيره شد
,شركت كيهان راه شرق (سهامي خاص),1405,عبدپور_طرق,1405/04/02,15:13:00, ويرايش موجوديت,انبار,سند انبار,7944,1405/03/26,سند رسيد خريد  با شماره 7944 ثبت شد
,شركت كيهان راه شرق (سهامي خاص),1405,كارآموز1,1405/04/02,15:12:24,ورود موفق,,نشست,,,
,شركت كيهان راه شرق (سهامي خاص),1405,عبدپور_طرق,1405/04/02,15:12:06, ويرايش موجوديت,انبار,سند انبار,7944,1405/03/26,سند رسيد خريد  با شماره 7944 ثبت شد
,شركت كيهان راه شرق (سهامي خاص),1405,كريمزاده1,1405/04/02,15:11:50, ويرايش موجوديت,انبار,سند انبار,3948,1405/03/29,سند حواله مصرف ماشين آلات با شماره 3948 ثبت شد
,شركت كيهان راه شرق (سهامي خاص),1405,عبدپور_طرق,1405/04/02,15:11:35,موجوديت جديد,انبار,سند انبار,7944,1405/03/26,سند رسيد خريد  با شماره 7944 ثبت شد
,شركت كيهان راه شرق (سهامي خاص),1405,كسري_دهقان1,1405/04/02,15:10:52,موجوديت جديد,حسابداري,سند حسابداري,2654,1405/03/15,سند عمومي با شماره ثابت 2654 ذخيره شد
,شركت كيهان راه شرق (سهامي خاص),1405,كريمزاده1,1405/04/02,15:10:22, ويرايش موجوديت,انبار,سند انبار,3948,1405/03/29,سند حواله مصرف ماشين آلات با شماره 3948 ثبت شد
,شركت كيهان راه شرق (سهامي خاص),1405,كسري_دهقان1,1405/04/02,15:07:04,ورود موفق,,نشست,,,
,شركت كيهان راه شرق (سهامي خاص),1405,كريمزاده1,1405/04/02,15:06:30, ويرايش موجوديت,انبار,سند انبار,3948,1405/03/29,سند حواله مصرف ماشين آلات با شماره 3948 ثبت شد
,شركت كيهان راه شرق (سهامي خاص),1405,يوسفي4خواف,1405/04/02,15:05:34,موجوديت جديد,انبار,سند انبار,884,1405/04/02,سند حواله  اماني ما نزد ديگران با شماره 884 ثبت شد
,شركت كيهان راه شرق (سهامي خاص),1405,صفري1,1405/04/02,15:03:37,ورود موفق,,نشست,,,
,شركت كيهان راه شرق (سهامي خاص),1405,كريمزاده1,1405/04/02,15:02:24,موجوديت جديد,انبار,سند انبار,7943,1405/03/18,سند رسيد خريد  با شماره 7943 ثبت شد
,شركت كيهان راه شرق (سهامي خاص),1405,محمدمختاري,1405/04/02,15:02:10,موجوديت جديد,انبار,سند انبار,4668,1405/04/02,سند تاييد درخواست كالا با شماره 4668 ثبت شد
,شركت كيهان راه شرق (سهامي خاص),1405,محمدمختاري,1405/04/02,15:02:00, ويرايش موجوديت,انبار,سند انبار,5960,1405/04/02,سند درخواست كالا از انبار با شماره 5960 ثبت شد
,شركت كيهان راه شرق (سهامي خاص),1405,كريمزاده1,1405/04/02,15:01:35, ويرايش موجوديت,انبار,سند انبار,3948,1405/03/29,سند حواله مصرف ماشين آلات با شماره 3948 ثبت شد
,شركت قدرت ايمان كوير(سهامي خاص),1404,شاهروديان3,1405/04/02,15:00:54, ويرايش موجوديت,خزانه داري,سند حسابداري,7832,1404/11/23,سند عمومي با شماره 7832 تاييد شد
,شركت قدرت ايمان كوير(سهامي خاص),1404,جوانمرد3,1405/04/02,15:00:48, ويرايش موجوديت,خزانه داري,سند حسابداري,7832,1404/11/23,سند عمومي با شماره 7832 ذخيره شد
,شركت كيهان راه شرق (سهامي خاص),1405,مينايي1,1405/04/02,15:00:47,ورود موفق,,نشست,,,
,شركت كيهان راه شرق (سهامي خاص),1405,كريمزاده1,1405/04/02,15:00:36, ويرايش موجوديت,انبار,سند انبار,3948,1405/03/29,سند حواله مصرف ماشين آلات با شماره 3948 ثبت شد
,شركت قدرت ايمان كوير(سهامي خاص),1404,شاهروديان3,1405/04/02,15:00:18, ويرايش موجوديت,خزانه داري,سند حسابداري,7833,1404/11/24,سند عمومي با شماره 7833 تاييد شد
,شركت كيهان راه شرق (سهامي خاص),1405,محمدمختاري,1405/04/02,15:00:13,ورود موفق,,نشست,,,
,شركت كيهان راه شرق (سهامي خاص),1405,يوسفي4خواف,1405/04/02,15:00:08,ورود موفق,,نشست,,,
,شركت قدرت ايمان كوير(سهامي خاص),1404,جوانمرد3,1405/04/02,14:59:44,موجوديت جديد,خزانه داري,سند حسابداري,7978,1404/10/18,سند عمومي با شماره 7978 ذخيره شد
,شركت قدرت ايمان كوير(سهامي خاص),1404,شاهروديان3,1405/04/02,14:59:37, ويرايش موجوديت,خزانه داري,سند حسابداري,7836,1404/11/22,سند عمومي با شماره 7836 تاييد شد
,شركت قدرت ايمان كوير(سهامي خاص),1404,جوانمرد3,1405/04/02,14:59:32, ويرايش موجوديت,خزانه داري,سند حسابداري,7836,1404/11/22,سند عمومي با شماره 7836 ذخيره شد
,شركت قدرت ايمان كوير(سهامي خاص),1404,جوانمرد3,1405/04/02,14:59:29,موجوديت جديد,خزانه داري,سند خزانه داري,2337,1404/10/18,سند صورت هزينه تنخواه با شماره 2337 ذخيره شد
,شركت قدرت ايمان كوير(سهامي خاص),1404,شاهروديان3,1405/04/02,14:59:00, ويرايش موجوديت,خزانه داري,سند حسابداري,7837,1404/11/22,سند عمومي با شماره 7837 تاييد شد
,شركت بنا بام بيستون (سهامي خاص),1405,آقاحاجي4,1405/04/02,14:58:47,ورود موفق,,نشست,,,
,شركت كيهان راه شرق (سهامي خاص),1405,كسري_دهقان1,1405/04/02,14:58:25,موجوديت جديد,حسابداري,سند حسابداري,2653,1405/03/04,سند عمومي با شماره ثابت 2653 ذخيره شد
,شركت قدرت ايمان كوير(سهامي خاص),1404,شاهروديان3,1405/04/02,14:58:06, ويرايش موجوديت,خزانه داري,سند حسابداري,7838,1404/11/22,سند عمومي با شماره 7838 تاييد شد
,شركت قدرت ايمان كوير(سهامي خاص),1404,شاهروديان3,1405/04/02,14:57:51, ويرايش موجوديت,خزانه داري,سند حسابداري,7839,1404/11/22,سند عمومي با شماره 7839 تاييد شد
,صولت پارس آمود,1405,برهان,1405/04/02,14:57:48,ورود موفق,,نشست,,,
,شركت كيهان راه شرق (سهامي خاص),1405,كريمزاده1,1405/04/02,14:57:46, ويرايش موجوديت,انبار,سند انبار,3948,1405/03/29,سند حواله مصرف ماشين آلات با شماره 3948 ثبت شد
,شركت قدرت ايمان كوير(سهامي خاص),1404,جوانمرد3,1405/04/02,14:57:43, ويرايش موجوديت,خزانه داري,سند حسابداري,7839,1404/11/22,سند عمومي با شماره 7839 ذخيره شد
,شركت قدرت ايمان كوير(سهامي خاص),1404,شاهروديان3,1405/04/02,14:57:20, ويرايش موجوديت,خزانه داري,سند حسابداري,7840,1404/11/21,سند عمومي با شماره 7840 تاييد شد
,شركت قدرت ايمان كوير(سهامي خاص),1404,شاهروديان3,1405/04/02,14:57:18, ويرايش موجوديت,حسابداري,سند حسابداري,7841,1404/11/21,سند عمومي با شماره ثابت 7841 ذخيره شد
,شركت دنا بنيان بيرجند (سهامي خاص),1405,آقاحاجي2,1405/04/02,14:56:53, ويرايش موجوديت,حسابداري,سند حسابداري,1057,1405/03/26,سند عمومي با شماره ثابت 1057 ذخيره شد
,شركت قدرت ايمان كوير(سهامي خاص),1404,شاهروديان3,1405/04/02,14:56:50, ويرايش موجوديت,خزانه داري,سند حسابداري,7841,1404/11/21,سند عمومي با شماره 7841 تاييد شد
,شركت كيهان راه شرق (سهامي خاص),1405,كريمزاده1,1405/04/02,14:56:46, ويرايش موجوديت,انبار,سند انبار,3948,1405/03/29,سند حواله مصرف ماشين آلات با شماره 3948 ثبت شد
,شركت كيهان راه شرق (سهامي خاص),1405,يوسفي4خواف,1405/04/02,14:56:40,موجوديت جديد,انبار,سند انبار,1447,1405/04/02,سند رسيد انتقال بين انبار با شماره 1447 ثبت شد
,شركت قدرت ايمان كوير(سهامي خاص),1404,شاهروديان3,1405/04/02,14:56:33, ويرايش موجوديت,خزانه داري,سند حسابداري,7842,1404/11/21,سند عمومي با شماره 7842 تاييد شد
,شركت قدرت ايمان كوير(سهامي خاص),1404,شاهروديان3,1405/04/02,14:56:12, ويرايش موجوديت,خزانه داري,سند حسابداري,7843,1404/11/21,سند عمومي با شماره 7843 تاييد شد
,شركت كيهان راه شرق (سهامي خاص),1404,صدوقي1,1405/04/02,14:56:06, ويرايش موجوديت,حسابداري,سند حسابداري,21881,1404/01/15,سند عمومي با شماره 21881 تاييد شد
,شركت قدرت ايمان كوير(سهامي خاص),1404,جوانمرد3,1405/04/02,14:56:03, ويرايش موجوديت,خزانه داري,سند حسابداري,7843,1404/11/21,سند عمومي با شماره 7843 ذخيره شد
,پايش مسير اقليم,1404,غلامي11,1405/04/02,14:55:58, ويرايش موجوديت,خزانه داري,سند حسابداري,61,1405/02/14,سند عمومي با شماره 61 تاييد شد
,شركت كيهان راه شرق (سهامي خاص),1405,مينايي1,1405/04/02,14:55:42,ورود موفق,,نشست,,,
,شركت قدرت ايمان كوير(سهامي خاص),1404,شاهروديان3,1405/04/02,14:55:31, ويرايش موجوديت,خزانه داري,سند حسابداري,7844,1404/11/20,سند عمومي با شماره 7844 تاييد شد
,شركت قدرت ايمان كوير(سهامي خاص),1404,جوانمرد3,1405/04/02,14:55:17,موجوديت جديد,خزانه داري,سند حسابداري,7977,1404/10/18,سند عمومي با شماره 7977 ذخيره شد
,شركت قدرت ايمان كوير(سهامي خاص),1404,شاهروديان3,1405/04/02,14:54:55, ويرايش موجوديت,خزانه داري,سند حسابداري,7845,1404/11/20,سند عمومي با شماره 7845 تاييد شد
,شركت قدرت ايمان كوير(سهامي خاص),1404,جوانمرد3,1405/04/02,14:54:52,موجوديت جديد,خزانه داري,سند خزانه داري,2336,1404/10/18,سند صورت هزينه تنخواه با شماره 2336 ذخيره شد
,شركت قدرت ايمان كوير(سهامي خاص),1404,شاهروديان3,1405/04/02,14:54:46, ويرايش موجوديت,خزانه داري,سند حسابداري,7846,1404/11/20,سند عمومي با شماره 7846 تاييد شد
,شركت كيهان راه شرق (سهامي خاص),1405,كريمزاده1,1405/04/02,14:54:44, ويرايش موجوديت,انبار,سند انبار,3948,1405/03/29,سند حواله مصرف ماشين آلات با شماره 3948 ثبت شد
,شركت كيهان راه شرق (سهامي خاص),1405,محمدمختاري,1405/04/02,14:54:08, ويرايش موجوديت,انبار,سند انبار,4355,1405/03/13,سند درخواست كالا از انبار با شماره 4355 ثبت شد
,شركت قدرت ايمان كوير(سهامي خاص),1404,شاهروديان3,1405/04/02,14:53:43, ويرايش موجوديت,خزانه داري,سند حسابداري,7847,1404/11/20,سند عمومي با شماره 7847 تاييد شد
,شركت كيهان راه شرق (سهامي خاص),1405,فرامرزسليماني,1405/04/02,14:53:33, ويرايش موجوديت,انبار,سند انبار,3660,1405/03/02,سند درخواست كالا از انبار با شماره 3660 ثبت شد
,شركت كيهان راه شرق (سهامي خاص),1405,محمدمختاري,1405/04/02,14:53:32, ويرايش موجوديت,انبار,سند انبار,4355,1405/03/13,سند درخواست كالا از انبار با شماره 4355 ثبت شد
,شركت قدرت ايمان كوير(سهامي خاص),1404,شاهروديان3,1405/04/02,14:53:27, ويرايش موجوديت,خزانه داري,سند حسابداري,7848,1404/11/19,سند عمومي با شماره 7848 تاييد شد
,شركت كيهان راه شرق (سهامي خاص),1405,فرامرزسليماني,1405/04/02,14:53:23,موجوديت جديد,انبار,سند انبار,4667,1405/04/02,سند تاييد درخواست كالا با شماره 4667 ثبت شد
,پايش مسير اقليم,1404,غلامي11,1405/04/02,14:53:19, ويرايش موجوديت,خزانه داري,سند حسابداري,52,1405/02/08,سند عمومي با شماره 52 تاييد شد
,شركت قدرت ايمان كوير(سهامي خاص),1404,جوانمرد3,1405/04/02,14:53:17,موجوديت جديد,خزانه داري,سند حسابداري,7976,1404/10/19,سند عمومي با شماره 7976 ذخيره شد
,پايش مسير اقليم,1404,غلامي11,1405/04/02,14:53:15, ويرايش موجوديت,حسابداري,سند حسابداري,52,1405/02/08,سند عمومي با شماره ثابت 52 ذخيره شد
,شركت كيهان راه شرق (سهامي خاص),1404,صدوقي1,1405/04/02,14:53:12, ويرايش موجوديت,حسابداري,سند حسابداري,21881,1404/01/15,سند عمومي با شماره ثابت 21881 ذخيره شد
,شركت قدرت ايمان كوير(سهامي خاص),1404,جوانمرد3,1405/04/02,14:53:00,موجوديت جديد,خزانه داري,سند خزانه داري,2335,1404/10/19,سند صورت هزينه تنخواه با شماره 2335 ذخيره شد
,شركت كيهان راه شرق (سهامي خاص),1404,برهان,1405/04/02,14:53:00,ورود موفق,,نشست,,,
,شركت دنا بنيان بيرجند (سهامي خاص),1405,مينايي2,1405/04/02,14:52:58,ورود موفق,,نشست,,,
,شركت كيهان راه شرق (سهامي خاص),1405,كريمزاده1,1405/04/02,14:52:55, ويرايش موجوديت,انبار,سند انبار,3948,1405/03/29,سند حواله مصرف ماشين آلات با شماره 3948 ثبت شد
,شركت قدرت ايمان كوير(سهامي خاص),1404,جوانمرد3,1405/04/02,14:51:04,موجوديت جديد,خزانه داري,سند حسابداري,7975,1404/10/19,سند عمومي با شماره 7975 ذخيره شد
,شركت قدرت ايمان كوير(سهامي خاص),1404,جوانمرد3,1405/04/02,14:50:51,موجوديت جديد,خزانه داري,سند خزانه داري,2334,1404/10/19,سند صورت هزينه تنخواه با شماره 2334 ذخيره شد
,شركت كيهان راه شرق (سهامي خاص),1405,كريمزاده1,1405/04/02,14:50:34, ويرايش موجوديت,انبار,سند انبار,3948,1405/03/29,سند حواله مصرف ماشين آلات با شماره 3948 ثبت شد
,شركت كيهان راه شرق (سهامي خاص),1405,فرامرزسليماني,1405/04/02,14:50:32,موجوديت جديد,انبار,سند انبار,4666,1405/04/02,سند تاييد درخواست كالا با شماره 4666 ثبت شد
,شركت كيهان راه شرق (سهامي خاص),1405,محمدمختاري,1405/04/02,14:50:15, ويرايش موجوديت,انبار,سند انبار,3853,1405/03/05,سند درخواست كالا از انبار با شماره 3853 ثبت شد
,شركت كيهان راه شرق (سهامي خاص),1405,مينايي1,1405/04/02,14:49:43,موجوديت جديد,خزانه داري,سند خزانه داري,85,1405/04/02,سند پرداخت چك مدت دار با شماره 85 ذخيره شد
,شركت كيهان راه شرق (سهامي خاص),1405,كريمزاده1,1405/04/02,14:48:37, ويرايش موجوديت,انبار,سند انبار,3948,1405/03/29,سند حواله مصرف ماشين آلات با شماره 3948 ثبت شد
,شركت دنا بنيان بيرجند (سهامي خاص),1405,آقاحاجي2,1405/04/02,14:48:33,ورود موفق,,نشست,,,
,شركت كيهان راه شرق (سهامي خاص),1405,يوسفي4خواف,1405/04/02,14:47:42,موجوديت جديد,انبار,سند انبار,1446,1405/04/02,سند رسيد انتقال بين انبار با شماره 1446 ثبت شد
,شركت كيهان راه شرق (سهامي خاص),1405,كريمزاده1,1405/04/02,14:46:52,موجوديت جديد,انبار,سند انبار,3948,1405/03/29,سند حواله مصرف ماشين آلات با شماره 3948 ثبت شد
,شركت كيهان راه شرق (سهامي خاص),1405,مينايي1,1405/04/02,14:46:48,ورود موفق,,نشست,,,
,شركت كيهان راه شرق (سهامي خاص),1405,آقاحاجي1,1405/04/02,14:46:48,موجوديت جديد,حسابداري,سند حسابداري,2652,1405/03/26,سند عمومي با شماره ثابت 2652 ذخيره شد
,شركت قدرت ايمان كوير(سهامي خاص),1404,جوانمرد3,1405/04/02,14:46:30,موجوديت جديد,خزانه داري,سند حسابداري,7974,1404/10/20,سند عمومي با شماره 7974 ذخيره شد
,شركت قدرت ايمان كوير(سهامي خاص),1404,جوانمرد3,1405/04/02,14:46:15,موجوديت جديد,خزانه داري,سند خزانه داري,2333,1404/10/20,سند صورت هزينه تنخواه با شماره 2333 ذخيره شد
,صولت پارس آمود,1405,مينايي,1405/04/02,14:46:06,ورود موفق,,نشست,,,
,شركت كيهان راه شرق (سهامي خاص),1405,محمدمختاري,1405/04/02,14:45:54, ويرايش موجوديت,انبار,سند انبار,3329,1405/02/28,سند درخواست كالا از انبار با شماره 3329 ثبت شد
,شركت كيهان راه شرق (سهامي خاص),1405,محمدمختاري,1405/04/02,14:44:51, ويرايش موجوديت,انبار,سند انبار,3329,1405/02/28,سند درخواست كالا از انبار با شماره 3329 ثبت شد
,شركت قدرت ايمان كوير(سهامي خاص),1404,جوانمرد3,1405/04/02,14:44:37,موجوديت جديد,خزانه داري,سند حسابداري,7973,1404/10/21,سند عمومي با شماره 7973 ذخيره شد
,شركت قدرت ايمان كوير(سهامي خاص),1404,جوانمرد3,1405/04/02,14:44:21,موجوديت جديد,خزانه داري,سند خزانه داري,2332,1404/10/21,سند صورت هزينه تنخواه با شماره 2332 ذخيره شد
,شركت قدرت ايمان كوير(سهامي خاص),1404,جوانمرد3,1405/04/02,14:42:46,موجوديت جديد,خزانه داري,سند حسابداري,7972,1404/10/21,سند عمومي با شماره 7972 ذخيره شد
,شركت قدرت ايمان كوير(سهامي خاص),1404,جوانمرد3,1405/04/02,14:42:28,موجوديت جديد,خزانه داري,سند خزانه داري,2331,1404/10/21,سند صورت هزينه تنخواه با شماره 2331 ذخيره شد
,شركت كيهان راه شرق (سهامي خاص),1405,محمدمختاري,1405/04/02,14:42:26, ويرايش موجوديت,انبار,سند انبار,5189,1405/03/23,سند درخواست كالا از انبار با شماره 5189 ثبت شد
,شركت دنا بنيان بيرجند (سهامي خاص),1405,اكبري2,1405/04/02,14:42:00,موجوديت جديد,حسابداري,سند حسابداري,8984,1404/07/30,سند عمومي با شماره ثابت 8984 ذخيره شد
,شركت كيهان راه شرق (سهامي خاص),1405,فرامرزسليماني,1405/04/02,14:41:34,موجوديت جديد,انبار,سند انبار,4665,1405/04/02,سند تاييد درخواست كالا با شماره 4665 ثبت شد
,شركت كيهان راه شرق (سهامي خاص),1405,فرامرزسليماني,1405/04/02,14:41:24, ويرايش موجوديت,انبار,سند انبار,3675,1405/03/02,سند درخواست كالا از انبار با شماره 3675 ثبت شد
,صولت پارس آمود,1404,الاجگردي,1405/04/02,14:41:19,ورود موفق,,نشست,,,
,شركت قدرت ايمان كوير(سهامي خاص),1404,جوانمرد3,1405/04/02,14:40:47,موجوديت جديد,خزانه داري,سند حسابداري,7971,1404/10/21,سند عمومي با شماره 7971 ذخيره شد
,شركت قدرت ايمان كوير(سهامي خاص),1404,جوانمرد3,1405/04/02,14:40:34,موجوديت جديد,خزانه داري,سند خزانه داري,2330,1404/10/21,سند صورت هزينه تنخواه با شماره 2330 ذخيره شد
,شركت كيهان راه شرق (سهامي خاص),1405,يوسفي4خواف,1405/04/02,14:39:22,ورود موفق,,نشست,,,
,شركت كيهان راه شرق (سهامي خاص),1405,محمدمختاري,1405/04/02,14:38:57,موجوديت جديد,انبار,سند انبار,4664,1405/04/02,سند تاييد درخواست كالا با شماره 4664 ثبت شد
,شركت كيهان راه شرق (سهامي خاص),1405,محمدمختاري,1405/04/02,14:38:43, ويرايش موجوديت,انبار,سند انبار,3877,1405/03/05,سند درخواست كالا از انبار با شماره 3877 ثبت شد
,پايش مسير اقليم,1404,غلامي11,1405/04/02,14:38:28, ويرايش موجوديت,خزانه داري,سند حسابداري,48,1405/02/08,سند عمومي با شماره 48 تاييد شد
,شركت قدرت ايمان كوير(سهامي خاص),1404,جوانمرد3,1405/04/02,14:38:04,موجوديت جديد,خزانه داري,سند حسابداري,7970,1404/10/21,سند عمومي با شماره 7970 ذخيره شد
,شركت كيهان راه شرق (سهامي خاص),1405,سرحدي,1405/04/02,14:37:53,موجوديت جديد,انبار,سند انبار,1686,1405/03/23,سند حواله انتقال بين انبار با شماره 1686 ثبت شد
,شركت قدرت ايمان كوير(سهامي خاص),1404,جوانمرد3,1405/04/02,14:37:47,موجوديت جديد,خزانه داري,سند خزانه داري,2329,1404/10/21,سند صورت هزينه تنخواه با شماره 2329 ذخيره شد
,شركت قدرت ايمان كوير(سهامي خاص),1405,كاظميان3,1405/04/02,14:37:23,موجوديت جديد,خزانه داري,سند حسابداري,7969,1404/07/08,سند عمومي با شماره 7969 ذخيره شد
,شركت كيهان راه شرق (سهامي خاص),1405,محمدمختاري,1405/04/02,14:36:56, ويرايش موجوديت,انبار,سند انبار,3877,1405/03/05,سند درخواست كالا از انبار با شماره 3877 ثبت شد
,شركت كيهان راه شرق (سهامي خاص),1405,فرامرزسليماني,1405/04/02,14:36:40,موجوديت جديد,انبار,سند انبار,4663,1405/04/02,سند تاييد درخواست كالا با شماره 4663 ثبت شد
,شركت كيهان راه شرق (سهامي خاص),1405,ضيا,1405/04/02,14:36:34, ويرايش موجوديت,انبار,سند انبار,2544,1405/04/01,سند حواله مصرف  با شماره 2544 ثبت شد
,شركت كيهان راه شرق (سهامي خاص),1405,عليرضاسالاري,1405/04/02,14:36:28, ويرايش موجوديت,انبار,سند انبار,3661,1405/03/02,سند درخواست كالا از انبار با شماره 3661 ثبت شد
,شركت كيهان راه شرق (سهامي خاص),1405,محمدمختاري,1405/04/02,14:36:27, ويرايش موجوديت,انبار,سند انبار,3877,1405/03/05,سند درخواست كالا از انبار با شماره 3877 ثبت شد
,شركت كيهان راه شرق (سهامي خاص),1405,فرامرزسليماني,1405/04/02,14:36:27, ويرايش موجوديت,انبار,سند انبار,3657,1405/03/02,سند درخواست كالا از انبار با شماره 3657 ثبت شد
,شركت كيهان راه شرق (سهامي خاص),1405,سرحدي,1405/04/02,14:36:18,موجوديت جديد,انبار,سند انبار,1685,1405/03/21,سند حواله انتقال بين انبار با شماره 1685 ثبت شد
,شركت قدرت ايمان كوير(سهامي خاص),1405,كاظميان3,1405/04/02,14:35:06,موجوديت جديد,خزانه داري,سند خزانه داري,2328,1404/07/08,سند صورت هزينه تنخواه با شماره 2328 ذخيره شد
,شركت دنا بنيان بيرجند (سهامي خاص),1405,فاطمي2,1405/04/02,14:34:44, ويرايش موجوديت,خزانه داري,سند حسابداري,1036,1405/03/31,سند عمومي با شماره 1036 تاييد شد
,شركت قدرت ايمان كوير(سهامي خاص),1404,قاسمي3,1405/04/02,14:34:40, ويرايش موجوديت,خزانه داري,سند حسابداري,5002,1404/10/29,سند عمومي با شماره 5002 تاييد شد
,شركت قدرت ايمان كوير(سهامي خاص),1404,قاسمي3,1405/04/02,14:34:06, ويرايش موجوديت,خزانه داري,سند حسابداري,4743,1404/10/21,سند عمومي با شماره 4743 تاييد شد
,شركت كيهان راه شرق (سهامي خاص),1405,فرامرزسليماني,1405/04/02,14:33:57,موجوديت جديد,انبار,سند انبار,4662,1405/04/02,سند تاييد درخواست كالا با شماره 4662 ثبت شد
,شركت كيهان راه شرق (سهامي خاص),1405,كسري_دهقان1,1405/04/02,14:33:43,موجوديت جديد,حسابداري,سند حسابداري,2651,1405/03/13,سند عمومي با شماره ثابت 2651 ذخيره شد
,شركت كيهان راه شرق (سهامي خاص),1405,فرامرزسليماني,1405/04/02,14:33:43, ويرايش موجوديت,انبار,سند انبار,3500,1405/02/30,سند درخواست كالا از انبار با شماره 3500 ثبت شد
,شركت قدرت ايمان كوير(سهامي خاص),1404,قاسمي3,1405/04/02,14:33:33, ويرايش موجوديت,خزانه داري,سند حسابداري,4748,1404/10/21,سند عمومي با شماره 4748 تاييد شد
,شركت كيهان راه شرق (سهامي خاص),1405,فرامرزسليماني,1405/04/02,14:33:16, ويرايش موجوديت,انبار,سند انبار,3500,1405/02/30,سند درخواست كالا از انبار با شماره 3500 ثبت شد
,شركت كيهان راه شرق (سهامي خاص),1405,ضيا,1405/04/02,14:32:59, ويرايش موجوديت,انبار,سند انبار,7942,1405/04/01,سند رسيد خريد  با شماره 7942 ثبت شد
,شركت قدرت ايمان كوير(سهامي خاص),1404,قاسمي3,1405/04/02,14:32:37, ويرايش موجوديت,خزانه داري,سند حسابداري,6727,1404/12/06,سند عمومي با شماره 6727 تاييد شد
,شركت كيهان راه شرق (سهامي خاص),1404,الاجگردي1,1405/04/02,14:32:15,ورود موفق,,نشست,,,
,كيهان ريل تهران,1404,الاجگردي19,1405/04/02,14:31:52, ويرايش موجوديت,خزانه داري,سند حسابداري,1509,1404/12/28,سند عمومي با شماره 1509 تاييد شد
,شركت كيهان راه شرق (سهامي خاص),1405,ضيا,1405/04/02,14:31:16, ويرايش موجوديت,انبار,سند انبار,7942,1405/04/01,سند رسيد خريد  با شماره 7942 ثبت شد
,شركت دنا بنيان بيرجند (سهامي خاص),1405,فاطمي2,1405/04/02,14:30:51, ويرايش موجوديت,خزانه داري,سند حسابداري,947,1405/03/27,سند عمومي با شماره 947 تاييد شد
,شركت دنا بنيان بيرجند (سهامي خاص),1405,فاطمي2,1405/04/02,14:29:53,ورود موفق,,نشست,,,
,شركت كيهان راه شرق (سهامي خاص),1405,ضيا,1405/04/02,14:29:34,موجوديت جديد,انبار,سند انبار,2544,1405/04/02,سند حواله مصرف  با شماره 2544 ثبت شد
,شركت كيهان راه شرق (سهامي خاص),1405,فاطمي1,1405/04/02,14:27:38, ويرايش موجوديت,حسابداري,سند حسابداري,2606,1405/03/30,سند عمومي با شماره 2606 تاييد شد
,صولت پارس آمود,1404,برهان,1405/04/02,14:27:38, ويرايش موجوديت,حسابداري,سند حسابداري,21881,1404/01/15,سند عمومي با شماره 21881 برگشت از تاييد شد
,شركت كيهان راه شرق (سهامي خاص),1405,فاطمي1,1405/04/02,14:25:57, ويرايش موجوديت,حسابداري,سند حسابداري,2586,1405/03/30,سند عمومي با شماره 2586 تاييد شد
,شركت كيهان راه شرق (سهامي خاص),1405,ضيا,1405/04/02,14:24:35,موجوديت جديد,انبار,سند انبار,7942,1405/04/01,سند رسيد خريد  با شماره 7942 ثبت شد
,شركت كيهان راه شرق (سهامي خاص),1405,فاطمي1,1405/04/02,14:23:36, ويرايش موجوديت,خزانه داري,سند حسابداري,2558,1405/03/31,سند عمومي با شماره 2558 تاييد شد
,شركت كيهان راه شرق (سهامي خاص),1405,فاطمي1,1405/04/02,14:21:11, ويرايش موجوديت,خزانه داري,سند حسابداري,2357,1405/03/26,سند عمومي با شماره 2357 تاييد شد
,كيهان ريل تهران,1404,الاجگردي19,1405/04/02,14:20:56,ورود موفق,,نشست,,,
,شركت دنا بنيان بيرجند (سهامي خاص),1405,نيلوفريعقوبي2,1405/04/02,14:20:55, ويرايش موجوديت,حسابداري,سند حسابداري,69,1405/03/21,سند عمومي با شماره 69 تاييد شد
,شركت كيهان راه شرق (سهامي خاص),1405,يوسفي4خواف,1405/04/02,14:20:55,موجوديت جديد,انبار,سند انبار,5979,1405/04/02,سند درخواست كالا از انبار با شماره 5979 ثبت شد
,شركت قدرت ايمان كوير(سهامي خاص),1405,كاظميان3,1405/04/02,14:20:43,موجوديت جديد,خزانه داري,سند حسابداري,7968,1404/07/08,سند عمومي با شماره 7968 ذخيره شد
,صولت پارس آمود,1404,برهان,1405/04/02,14:19:54, ويرايش موجوديت,حسابداري,سند حسابداري,3400,1404/02/27,سند عمومي با شماره 3400 برگشت از تاييد شد
,شركت قدرت ايمان كوير(سهامي خاص),1405,كاظميان3,1405/04/02,14:19:44,موجوديت جديد,خزانه داري,سند خزانه داري,2327,1404/07/08,سند صورت هزينه تنخواه با شماره 2327 ذخيره شد
,صولت پارس آمود,1404,برهان,1405/04/02,14:19:22,ورود موفق,,نشست,,,
,شركت كيهان راه شرق (سهامي خاص),1405,يوسفي4خواف,1405/04/02,14:19:08,ورود موفق,,نشست,,,
,شركت كيهان راه شرق (سهامي خاص),1405,كسري_دهقان1,1405/04/02,14:18:02,موجوديت جديد,حسابداري,سند حسابداري,2650,1405/03/15,سند عمومي با شماره ثابت 2650 ذخيره شد
,صولت پارس آمود,1404,الاجگردي7,1405/04/02,14:17:52,ورود موفق,,نشست,,,
,شركت كيهان راه شرق (سهامي خاص),1405,فاطمي1,1405/04/02,14:16:07, ويرايش موجوديت,حسابداري,سند حسابداري,2643,1405/03/27,سند عمومي با شماره 2643 تاييد شد
,شركت كيهان راه شرق (سهامي خاص),1405,عليرضاسالاري,1405/04/02,14:15:32, ويرايش موجوديت,انبار,سند انبار,3468,1405/02/30,سند درخواست كالا از انبار با شماره 3468 ثبت شد
,شركت كيهان راه شرق (سهامي خاص),1405,فاطمي1,1405/04/02,14:14:06,ورود موفق,,نشست,,,
,مينو ساز گلستان,1404,الاجگردي10,1405/04/02,14:13:33,ورود موفق,,نشست,,,
,,,,1405/04/02,14:13:27,ورود ناموفق (عدم صحت نام کاربر يا کلمه عبور),,نشست,,,
,,,,1405/04/02,14:13:20,ورود ناموفق (عدم صحت نام کاربر يا کلمه عبور),,نشست,,,
,شركت بنا بام بيستون (سهامي خاص),1405,فاطمي4,1405/04/02,14:13:15,ورود موفق,,نشست,,,
,شركت بنا بام بيستون (سهامي خاص),1405,فاطمي4,1405/04/02,14:12:39, ويرايش موجوديت,حسابداري,سند حسابداري,470,1405/03/31,سند عمومي با شماره 470 تاييد شد
,شركت قدرت ايمان كوير(سهامي خاص),1404,شاهروديان3,1405/04/02,14:11:54, ويرايش موجوديت,خزانه داري,سند حسابداري,7754,1404/11/19,سند عمومي با شماره 7754 تاييد شد
,شركت كيهان راه شرق (سهامي خاص),1405,آقاحاجي1,1405/04/02,14:11:29,ورود موفق,,نشست,,,
,شركت قدرت ايمان كوير(سهامي خاص),1404,شاهروديان3,1405/04/02,14:11:25, ويرايش موجوديت,خزانه داري,سند حسابداري,7758,1404/11/19,سند عمومي با شماره 7758 تاييد شد
,شركت قدرت ايمان كوير(سهامي خاص),1404,جوانمرد3,1405/04/02,14:11:18, ويرايش موجوديت,خزانه داري,سند حسابداري,7758,1404/11/19,سند عمومي با شماره 7758 ذخيره شد
,مينو ساز گلستان,1404,الاجگردي10,1405/04/02,14:11:08,ورود موفق,,نشست,,,
,شركت بنا بام بيستون (سهامي خاص),1405,فاطمي4,1405/04/02,14:11:07,ورود موفق,,نشست,,,
,شركت قدرت ايمان كوير(سهامي خاص),1404,شاهروديان3,1405/04/02,14:10:25, ويرايش موجوديت,خزانه داري,سند حسابداري,7759,1404/11/19,سند عمومي با شماره 7759 تاييد شد
,مينو ساز گلستان,1404,الاجگردي10,1405/04/02,14:10:18,ورود موفق,,نشست,,,
,شركت دنا بنيان بيرجند (سهامي خاص),1405,آقاحاجي2,1405/04/02,14:10:10,موجوديت جديد,حسابداري,سند حسابداري,1057,1405/03/26,سند عمومي با شماره ثابت 1057 ذخيره شد
,شركت كيهان راه شرق (سهامي خاص),1405,علي_اماني1,1405/04/02,14:09:13,ورود موفق,,نشست,,,
,شركت قدرت ايمان كوير(سهامي خاص),1404,جوانمرد3,1405/04/02,14:08:38, ويرايش موجوديت,خزانه داري,سند حسابداري,7759,1404/11/19,سند عمومي با شماره 7759 ذخيره شد
,شركت قدرت ايمان كوير(سهامي خاص),1404,شاهروديان3,1405/04/02,14:07:59, ويرايش موجوديت,خزانه داري,سند حسابداري,7760,1404/11/19,سند عمومي با شماره 7760 تاييد شد
,صولت پارس آمود,1404,الاجگردي7,1405/04/02,14:07:39,ورود موفق,,نشست,,,
,شركت قدرت ايمان كوير(سهامي خاص),1404,شاهروديان3,1405/04/02,14:07:34, ويرايش موجوديت,خزانه داري,سند حسابداري,7761,1404/11/15,سند عمومي با شماره 7761 تاييد شد
,شركت قدرت ايمان كوير(سهامي خاص),1405,كاظميان3,1405/04/02,14:07:30, ويرايش موجوديت,خزانه داري,سند حسابداري,7967,1404/07/08,سند عمومي با شماره 7967 ذخيره شد
,شركت قدرت ايمان كوير(سهامي خاص),1404,جوانمرد3,1405/04/02,14:07:17, ويرايش موجوديت,خزانه داري,سند حسابداري,7761,1404/11/15,سند عمومي با شماره 7761 ذخيره شد
,شركت قدرت ايمان كوير(سهامي خاص),1405,كاظميان3,1405/04/02,14:07:07,موجوديت جديد,خزانه داري,سند حسابداري,7967,1404/07/08,سند عمومي با شماره 7967 ذخيره شد
,شركت كيهان راه شرق (سهامي خاص),1404,صدوقي1,1405/04/02,14:07:06, ويرايش موجوديت,حسابداري,سند حسابداري,17671,1404/02/19,سند عمومي با شماره 17671 تاييد شد
,شركت قدرت ايمان كوير(سهامي خاص),1404,شاهروديان3,1405/04/02,14:06:48, ويرايش موجوديت,خزانه داري,سند حسابداري,7762,1404/11/19,سند عمومي با شماره 7762 تاييد شد
,شركت قدرت ايمان كوير(سهامي خاص),1405,كاظميان3,1405/04/02,14:06:48,موجوديت جديد,خزانه داري,سند خزانه داري,2326,1404/07/08,سند صورت هزينه تنخواه با شماره 2326 ذخيره شد
,شركت كيهان راه شرق (سهامي خاص),1405,كسري_دهقان1,1405/04/02,14:06:37,موجوديت جديد,حسابداري,سند حسابداري,2649,1405/03/02,سند عمومي با شماره ثابت 2649 ذخيره شد
,شركت قدرت ايمان كوير(سهامي خاص),1404,شاهروديان3,1405/04/02,14:06:30, ويرايش موجوديت,خزانه داري,سند حسابداري,7763,1404/11/19,سند عمومي با شماره 7763 تاييد شد
,شركت قدرت ايمان كوير(سهامي خاص),1404,شاهروديان3,1405/04/02,14:06:11, ويرايش موجوديت,خزانه داري,سند حسابداري,7764,1404/11/18,سند عمومي با شماره 7764 تاييد شد
,مينو ساز گلستان,1404,الاجگردي10,1405/04/02,14:06:11,ورود موفق,,نشست,,,
,شركت قدرت ايمان كوير(سهامي خاص),1404,شاهروديان3,1405/04/02,14:05:46, ويرايش موجوديت,خزانه داري,سند حسابداري,7765,1404/11/16,سند عمومي با شماره 7765 تاييد شد
,شركت باراد معدن فلات شرق,1405,صابري21,1405/04/02,14:05:32, ويرايش موجوديت,حسابداري,سند حسابداري,39,1405/04/01,سند عمومي با شماره ثابت 39 ذخيره شد
,شركت باراد معدن فلات شرق,1405,صابري21,1405/04/02,14:05:29, ويرايش موجوديت,حسابداري,سند حسابداري,39,1405/04/01,سند عمومي با شماره ثابت 39 ذخيره شد
,شركت قدرت ايمان كوير(سهامي خاص),1404,شاهروديان3,1405/04/02,14:04:55, ويرايش موجوديت,خزانه داري,سند حسابداري,7766,1404/11/16,سند عمومي با شماره 7766 تاييد شد
,شركت قدرت ايمان كوير(سهامي خاص),1404,قاسمي3,1405/04/02,14:04:46, ويرايش موجوديت,خزانه داري,سند حسابداري,6732,1404/12/07,سند عمومي با شماره 6732 تاييد شد
,شركت كيهان راه شرق (سهامي خاص),1405,محمد رضايي,1405/04/02,14:04:43, ويرايش موجوديت,انبار,سند انبار,17,1405/04/02,سند حواله اموال با شماره 17 ثبت شد
,مينو ساز گلستان,1404,الاجگردي10,1405/04/02,14:04:39,ورود موفق,,نشست,,,
,شركت كيهان راه شرق (سهامي خاص),1405,سرحدي,1405/04/02,14:04:31, ويرايش موجوديت,انبار,سند انبار,863,1405/02/02,سند حواله انتقال بين انبار با شماره 863 ثبت شد
,شركت كيهان راه شرق (سهامي خاص),1404,صدوقي1,1405/04/02,14:04:27, ويرايش موجوديت,حسابداري,سند حسابداري,17671,1404/02/19,سند عمومي با شماره ثابت 17671 ذخيره شد
,,,الاجگردي7,1405/04/02,14:04:26,ورود موفق,,نشست,,,
,شركت قدرت ايمان كوير(سهامي خاص),1404,قاسمي3,1405/04/02,14:04:20, ويرايش موجوديت,خزانه داري,سند حسابداري,6731,1404/12/08,سند عمومي با شماره 6731 تاييد شد
,شركت قدرت ايمان كوير(سهامي خاص),1404,شاهروديان3,1405/04/02,14:04:06, ويرايش موجوديت,خزانه داري,سند حسابداري,7767,1404/11/15,سند عمومي با شماره 7767 تاييد شد
,شركت قدرت ايمان كوير(سهامي خاص),1404,قاسمي3,1405/04/02,14:03:50, ويرايش موجوديت,خزانه داري,سند حسابداري,6730,1404/12/09,سند عمومي با شماره 6730 تاييد شد
,شركت كيهان راه شرق (سهامي خاص),1405,سرحدي,1405/04/02,14:03:50, ويرايش موجوديت,انبار,سند انبار,863,1405/02/02,سند حواله انتقال بين انبار با شماره 863 ثبت شد
,شركت قدرت ايمان كوير(سهامي خاص),1404,جوانمرد3,1405/04/02,14:03:43, ويرايش موجوديت,خزانه داري,سند حسابداري,7767,1404/11/15,سند عمومي با شماره 7767 ذخيره شد
,شركت قدرت ايمان كوير(سهامي خاص),1404,جوانمرد3,1405/04/02,14:03:40,موجوديت جديد,خزانه داري,سند حسابداري,7966,1404/10/21,سند عمومي با شماره 7966 ذخيره شد
,شركت قدرت ايمان كوير(سهامي خاص),1404,جوانمرد3,1405/04/02,14:03:26,موجوديت جديد,خزانه داري,سند خزانه داري,2325,1404/10/21,سند صورت هزينه تنخواه با شماره 2325 ذخيره شد
,شركت باراد معدن فلات شرق,1405,صابري21,1405/04/02,14:03:25,ورود موفق,,نشست,,,
,شركت قدرت ايمان كوير(سهامي خاص),1404,قاسمي3,1405/04/02,14:03:20, ويرايش موجوديت,خزانه داري,سند حسابداري,6729,1404/12/10,سند عمومي با شماره 6729 تاييد شد
,شركت قدرت ايمان كوير(سهامي خاص),1404,شاهروديان3,1405/04/02,14:03:08, ويرايش موجوديت,خزانه داري,سند حسابداري,7769,1404/11/16,سند عمومي با شماره 7769 تاييد شد
,شركت قدرت ايمان كوير(سهامي خاص),1404,قاسمي3,1405/04/02,14:02:57, ويرايش موجوديت,خزانه داري,سند حسابداري,6728,1404/12/11,سند عمومي با شماره 6728 تاييد شد
,شركت قدرت ايمان كوير(سهامي خاص),1404,جوانمرد3,1405/04/02,14:02:40, ويرايش موجوديت,خزانه داري,سند حسابداري,7769,1404/11/16,سند عمومي با شماره 7769 ذخيره شد
,شركت كيهان راه شرق (سهامي خاص),1404,صدوقي1,1405/04/02,14:02:34, ويرايش موجوديت,حسابداري,سند حسابداري,17671,1404/02/19,سند عمومي با شماره ثابت 17671 ذخيره شد
,شركت كيهان راه شرق (سهامي خاص),1404,اميررضارحيمي1,1405/04/02,14:02:31, ويرايش موجوديت,حسابداري,سند حسابداري,27233,1404/02/06,سند عمومي با شماره 27233 تاييد شد
,شركت قدرت ايمان كوير(سهامي خاص),1404,شاهروديان3,1405/04/02,14:02:14, ويرايش موجوديت,خزانه داري,سند حسابداري,7771,1404/11/15,سند عمومي با شماره 7771 تاييد شد
,شركت دنا بنيان بيرجند (سهامي خاص),1405,نيلوفريعقوبي2,1405/04/02,14:01:49,ورود موفق,,نشست,,,
,شركت كيهان راه شرق (سهامي خاص),1405,محمد رضايي,1405/04/02,14:01:49, ويرايش موجوديت,انبار,سند انبار,17,1405/04/02,سند حواله اموال با شماره 17 ثبت شد
,شركت قدرت ايمان كوير(سهامي خاص),1404,شاهروديان3,1405/04/02,14:01:48, ويرايش موجوديت,خزانه داري,سند حسابداري,7773,1404/11/15,سند عمومي با شماره 7773 تاييد شد
,شركت كيهان راه شرق (سهامي خاص),1405,محمد رضايي,1405/04/02,14:01:33,موجوديت جديد,انبار,سند انبار,17,1405/04/02,سند حواله اموال با شماره 17 ثبت شد
,شركت قدرت ايمان كوير(سهامي خاص),1405,صابري3,1405/04/02,14:01:25,موجوديت جديد,حسابداري,سند حسابداري,7966,1404/12/13,سند عمومي با شماره ثابت 7966 ذخيره شد
,شركت قدرت ايمان كوير(سهامي خاص),1404,شاهروديان3,1405/04/02,14:00:43, ويرايش موجوديت,خزانه داري,سند حسابداري,7778,1404/11/14,سند عمومي با شماره 7778 تاييد شد
,كيهان ريل تهران,1404,الاجگردي19,1405/04/02,14:00:42, ويرايش موجوديت,خزانه داري,سند حسابداري,1508,1404/12/19,سند عمومي با شماره 1508 تاييد شد
,شركت برش كوه آريا پارت (سهامي خاص),1404,برهان,1405/04/02,14:00:26, ويرايش موجوديت,حسابداري,سند حسابداري,17671,1404/02/19,سند عمومي با شماره 17671 برگشت از تاييد شد
,شركت كيهان راه شرق (سهامي خاص),1405,محمدمختاري,1405/04/02,13:59:54, ويرايش موجوديت,انبار,سند انبار,3877,1405/03/05,سند درخواست كالا از انبار با شماره 3877 ثبت شد
,شركت قدرت ايمان كوير(سهامي خاص),1404,جوانمرد3,1405/04/02,13:59:46,موجوديت جديد,خزانه داري,سند حسابداري,7964,1404/10/22,سند عمومي با شماره 7964 ذخيره شد
,شركت قدرت ايمان كوير(سهامي خاص),1404,شاهروديان3,1405/04/02,13:59:39, ويرايش موجوديت,خزانه داري,سند حسابداري,7781,1404/11/14,سند عمومي با شماره 7781 تاييد شد
,شركت قدرت ايمان كوير(سهامي خاص),1405,كاظميان3,1405/04/02,13:59:34, ويرايش موجوديت,خزانه داري,سند حسابداري,7963,1404/07/09,سند عمومي با شماره 7963 ذخيره شد
,شركت قدرت ايمان كوير(سهامي خاص),1404,جوانمرد3,1405/04/02,13:59:33, ويرايش موجوديت,خزانه داري,سند حسابداري,7781,1404/11/14,سند عمومي با شماره 7781 ذخيره شد
,شركت قدرت ايمان كوير(سهامي خاص),1404,جوانمرد3,1405/04/02,13:59:32,موجوديت جديد,خزانه داري,سند خزانه داري,2324,1404/10/22,سند صورت هزينه تنخواه با شماره 2324 ذخيره شد
,شركت كيهان راه شرق (سهامي خاص),1405,سرحدي,1405/04/02,13:59:29, ويرايش موجوديت,انبار,سند انبار,3912,1405/02/02,سند رسيد خريد  با شماره 3912 ثبت شد
,شركت برش كوه آريا پارت (سهامي خاص),1404,برهان,1405/04/02,13:59:26, ويرايش موجوديت,حسابداري,سند حسابداري,27233,1404/02/06,سند عمومي با شماره 27233 برگشت از تاييد شد
,شركت قدرت ايمان كوير(سهامي خاص),1405,كاظميان3,1405/04/02,13:59:13,موجوديت جديد,خزانه داري,سند حسابداري,7963,1404/07/09,سند عمومي با شماره 7963 ذخيره شد
,شركت قدرت ايمان كوير(سهامي خاص),1404,شاهروديان3,1405/04/02,13:58:45, ويرايش موجوديت,خزانه داري,سند حسابداري,7782,1404/11/14,سند عمومي با شماره 7782 تاييد شد
,شركت قدرت ايمان كوير(سهامي خاص),1405,كاظميان3,1405/04/02,13:58:31,موجوديت جديد,خزانه داري,سند خزانه داري,2323,1404/07/09,سند صورت هزينه تنخواه با شماره 2323 ذخيره شد
,شركت قدرت ايمان كوير(سهامي خاص),1404,شاهروديان3,1405/04/02,13:58:25, ويرايش موجوديت,خزانه داري,سند حسابداري,7783,1404/11/13,سند عمومي با شماره 7783 تاييد شد
,شركت كيهان راه شرق (سهامي خاص),1404,زرعيكار1,1405/04/02,13:58:09, ويرايش موجوديت,خزانه داري,سند حسابداري,1580,1404/02/11,سند عمومي با شماره 1580 تاييد شد
,شركت قدرت ايمان كوير(سهامي خاص),1404,شاهروديان3,1405/04/02,13:58:00, ويرايش موجوديت,خزانه داري,سند حسابداري,7784,1404/11/13,سند عمومي با شماره 7784 تاييد شد
,شركت قدرت ايمان كوير(سهامي خاص),1404,جوانمرد3,1405/04/02,13:57:58,موجوديت جديد,خزانه داري,سند حسابداري,7962,1404/10/25,سند عمومي با شماره 7962 ذخيره شد
,شركت قدرت ايمان كوير(سهامي خاص),1404,جوانمرد3,1405/04/02,13:57:41,موجوديت جديد,خزانه داري,سند خزانه داري,2322,1404/10/25,سند صورت هزينه تنخواه با شماره 2322 ذخيره شد
,شركت قدرت ايمان كوير(سهامي خاص),1404,شاهروديان3,1405/04/02,13:57:39, ويرايش موجوديت,خزانه داري,سند حسابداري,7785,1404/11/12,سند عمومي با شماره 7785 تاييد شد
,شركت كيهان راه شرق (سهامي خاص),1404,زرعيكار1,1405/04/02,13:57:38, ويرايش موجوديت,خزانه داري,سند حسابداري,1634,1404/02/13,سند عمومي با شماره 1634 تاييد شد
,شركت كيهان راه شرق (سهامي خاص),1405,ضيا,1405/04/02,13:57:24,موجوديت جديد,انبار,سند انبار,3947,1405/03/30,سند حواله مصرف ماشين آلات با شماره 3947 ثبت شد
,شركت كيهان راه شرق (سهامي خاص),1404,زرعيكار1,1405/04/02,13:57:04, ويرايش موجوديت,خزانه داري,سند حسابداري,1634,1404/02/13,سند عمومي با شماره 1634 ذخيره شد
,شركت قدرت ايمان كوير(سهامي خاص),1404,شاهروديان3,1405/04/02,13:57:03, ويرايش موجوديت,خزانه داري,سند حسابداري,7787,1404/11/13,سند عمومي با شماره 7787 تاييد شد
,شركت دنا بنيان بيرجند (سهامي خاص),1405,آقاحاجي2,1405/04/02,13:57:02,موجوديت جديد,حسابداري,سند حسابداري,1056,1405/03/16,سند عمومي با شماره ثابت 1056 ذخيره شد
,شركت كيهان راه شرق (سهامي خاص),1404,زرعيكار1,1405/04/02,13:56:54, ويرايش موجوديت,خزانه داري,سند حسابداري,1634,1404/02/13,سند عمومي با شماره 1634 ذخيره شد
,شركت قدرت ايمان كوير(سهامي خاص),1404,جوانمرد3,1405/04/02,13:56:51, ويرايش موجوديت,خزانه داري,سند حسابداري,7787,1404/11/13,سند عمومي با شماره 7787 ذخيره شد
,شركت قدرت ايمان كوير(سهامي خاص),1404,شاهروديان3,1405/04/02,13:56:27, ويرايش موجوديت,خزانه داري,سند حسابداري,7788,1404/11/12,سند عمومي با شماره 7788 تاييد شد
,شركت قدرت ايمان كوير(سهامي خاص),1404,شاهروديان3,1405/04/02,13:56:12, ويرايش موجوديت,خزانه داري,سند حسابداري,7790,1404/11/12,سند عمومي با شماره 7790 تاييد شد
,شركت قدرت ايمان كوير(سهامي خاص),1404,شاهروديان3,1405/04/02,13:55:47, ويرايش موجوديت,خزانه داري,سند حسابداري,7791,1404/11/12,سند عمومي با شماره 7791 تاييد شد
,شركت كيهان راه شرق (سهامي خاص),1404,زرعيكار1,1405/04/02,13:55:07, ويرايش موجوديت,خزانه داري,سند حسابداري,1580,1404/02/11,سند عمومي با شماره 1580 ذخيره شد
,شركت قدرت ايمان كوير(سهامي خاص),1404,شاهروديان3,1405/04/02,13:54:50, ويرايش موجوديت,خزانه داري,سند حسابداري,7792,1404/11/12,سند عمومي با شماره 7792 تاييد شد
,شركت قدرت ايمان كوير(سهامي خاص),1404,جوانمرد3,1405/04/02,13:54:50,موجوديت جديد,خزانه داري,سند حسابداري,7961,1404/10/26,سند عمومي با شماره 7961 ذخيره شد
,شركت قدرت ايمان كوير(سهامي خاص),1404,جوانمرد3,1405/04/02,13:54:44, ويرايش موجوديت,خزانه داري,سند حسابداري,7792,1404/11/12,سند عمومي با شماره 7792 ذخيره شد
,شركت قدرت ايمان كوير(سهامي خاص),1404,جوانمرد3,1405/04/02,13:54:37,موجوديت جديد,خزانه داري,سند خزانه داري,2321,1404/10/26,سند صورت هزينه تنخواه با شماره 2321 ذخيره شد
,شركت قدرت ايمان كوير(سهامي خاص),1405,كاظميان3,1405/04/02,13:54:25,موجوديت جديد,خزانه داري,سند حسابداري,7960,1404/07/09,سند عمومي با شماره 7960 ذخيره شد
,شركت قدرت ايمان كوير(سهامي خاص),1404,شاهروديان3,1405/04/02,13:54:17, ويرايش موجوديت,خزانه داري,سند حسابداري,7793,1404/11/12,سند عمومي با شماره 7793 تاييد شد
,شركت قدرت ايمان كوير(سهامي خاص),1404,شاهروديان3,1405/04/02,13:53:47, ويرايش موجوديت,خزانه داري,سند حسابداري,7794,1404/11/11,سند عمومي با شماره 7794 تاييد شد
,شركت قدرت ايمان كوير(سهامي خاص),1404,قاسمي3,1405/04/02,13:53:40, ويرايش موجوديت,خزانه داري,سند حسابداري,6781,1404/12/14,سند عمومي با شماره 6781 تاييد شد
,شركت قدرت ايمان كوير(سهامي خاص),1404,شاهروديان3,1405/04/02,13:53:27, ويرايش موجوديت,خزانه داري,سند حسابداري,7796,1404/11/11,سند عمومي با شماره 7796 تاييد شد
,شركت قدرت ايمان كوير(سهامي خاص),1405,صابري3,1405/04/02,13:53:14,ورود موفق,,نشست,,,
,شركت قدرت ايمان كوير(سهامي خاص),1404,قاسمي3,1405/04/02,13:53:11, ويرايش موجوديت,خزانه داري,سند حسابداري,6783,1404/12/21,سند عمومي با شماره 6783 تاييد شد
,شركت قدرت ايمان كوير(سهامي خاص),1404,شاهروديان3,1405/04/02,13:52:32, ويرايش موجوديت,خزانه داري,سند حسابداري,7799,1404/11/11,سند عمومي با شماره 7799 تاييد شد
,شركت كيهان راه شرق (سهامي خاص),1405,عليرضاسالاري,1405/04/02,13:52:27, ويرايش موجوديت,انبار,سند انبار,4971,1405/03/20,سند درخواست كالا از انبار با شماره 4971 ثبت شد
,شركت قدرت ايمان كوير(سهامي خاص),1404,قاسمي3,1405/04/02,13:52:24, ويرايش موجوديت,خزانه داري,سند حسابداري,6785,1404/12/24,سند عمومي با شماره 6785 تاييد شد
,شركت قدرت ايمان كوير(سهامي خاص),1404,شاهروديان3,1405/04/02,13:51:59, ويرايش موجوديت,خزانه داري,سند حسابداري,7801,1404/11/11,سند عمومي با شماره 7801 تاييد شد
,شركت قدرت ايمان كوير(سهامي خاص),1405,كاظميان3,1405/04/02,13:51:54, ويرايش موجوديت,خزانه داري,سند خزانه داري,2320,1404/07/09,سند صورت هزينه تنخواه با شماره 2320 ذخيره شد
,شركت قدرت ايمان كوير(سهامي خاص),1404,جوانمرد3,1405/04/02,13:51:31, ويرايش موجوديت,خزانه داري,سند حسابداري,7801,1404/11/11,سند عمومي با شماره 7801 ذخيره شد
,شركت قدرت ايمان كوير(سهامي خاص),1405,كاظميان3,1405/04/02,13:51:28,موجوديت جديد,خزانه داري,سند خزانه داري,2320,1404/07/09,سند صورت هزينه تنخواه با شماره 2320 ذخيره شد
,صولت پارس آمود,1405,سپهريان,1405/04/02,13:51:08,ورود موفق,,نشست,,,
,كيهان ريل تهران,1404,الاجگردي19,1405/04/02,13:51:03,ورود موفق,,نشست,,,
,شركت قدرت ايمان كوير(سهامي خاص),1404,شاهروديان3,1405/04/02,13:50:59, ويرايش موجوديت,خزانه داري,سند حسابداري,7803,1404/11/12,سند عمومي با شماره 7803 تاييد شد
,شركت قدرت ايمان كوير(سهامي خاص),1404,جوانمرد3,1405/04/02,13:50:49, ويرايش موجوديت,خزانه داري,سند حسابداري,7803,1404/11/12,سند عمومي با شماره 7803 ذخيره شد
,شركت كيهان راه شرق (سهامي خاص),1405,پاشايي,1405/04/02,13:50:42, ويرايش موجوديت,انبار,سند انبار,7933,1405/03/24,سند رسيد خريد  با شماره 7933 ثبت شد
,شركت قدرت ايمان كوير(سهامي خاص),1404,شاهروديان3,1405/04/02,13:50:24, ويرايش موجوديت,خزانه داري,سند حسابداري,7805,1404/11/11,سند عمومي با شماره 7805 تاييد شد
,شركت قدرت ايمان كوير(سهامي خاص),1404,جوانمرد3,1405/04/02,13:50:15, ويرايش موجوديت,خزانه داري,سند حسابداري,7805,1404/11/11,سند عمومي با شماره 7805 ذخيره شد
,شركت كيهان راه شرق (سهامي خاص),1405,كسري_دهقان1,1405/04/02,13:48:47,موجوديت جديد,حسابداري,سند حسابداري,2648,1405/03/16,سند عمومي با شماره ثابت 2648 ذخيره شد
,شركت كيهان راه شرق (سهامي خاص),1404,صدوقي1,1405/04/02,13:48:37,ورود موفق,,نشست,,,
,شركت كيهان راه شرق (سهامي خاص),1404,كارآموز,1405/04/02,13:47:19,ورود موفق,,نشست,,,
,شركت قدرت ايمان كوير(سهامي خاص),1404,قاسمي3,1405/04/02,13:46:54, ويرايش موجوديت,خزانه داري,سند حسابداري,3917,1404/09/15,سند عمومي با شماره 3917 تاييد شد
,شركت كيهان راه شرق (سهامي خاص),1405,عليرضاسالاري,1405/04/02,13:46:30, ويرايش موجوديت,انبار,سند انبار,4661,1405/04/02,سند تاييد درخواست كالا با شماره 4661 ثبت شد
,شركت كيهان راه شرق (سهامي خاص),1405,عليرضاسالاري,1405/04/02,13:46:05,موجوديت جديد,انبار,سند انبار,4661,1405/04/02,سند تاييد درخواست كالا با شماره 4661 ثبت شد
,شركت قدرت ايمان كوير(سهامي خاص),1404,قاسمي3,1405/04/02,13:45:57, ويرايش موجوديت,خزانه داري,سند حسابداري,3476,1404/08/21,سند عمومي با شماره 3476 تاييد شد
,شركت كيهان راه شرق (سهامي خاص),1405,عليرضاسالاري,1405/04/02,13:45:51, ويرايش موجوديت,انبار,سند انبار,5735,1405/03/29,سند درخواست كالا از انبار با شماره 5735 ثبت شد
,شركت قدرت ايمان كوير(سهامي خاص),1404,قاسمي3,1405/04/02,13:44:59, ويرايش موجوديت,خزانه داري,سند حسابداري,3647,1404/09/02,سند عمومي با شماره 3647 تاييد شد
,شركت قدرت ايمان كوير(سهامي خاص),1404,قاسمي3,1405/04/02,13:44:08, ويرايش موجوديت,خزانه داري,سند حسابداري,5874,1404/12/02,سند عمومي با شماره 5874 تاييد شد
,شركت كيهان راه شرق (سهامي خاص),1404,نباتي1,1405/04/02,13:44:03, ويرايش موجوديت,حسابداري,سند حسابداري,27393,1404/11/30,سند عمومي با شماره 27393 تاييد شد
,شركت كيهان راه شرق (سهامي خاص),1404,نباتي1,1405/04/02,13:43:38, ويرايش موجوديت,حسابداري,سند حسابداري,27393,1404/11/30,سند عمومي با شماره ثابت 27393 ذخيره شد
,شركت قدرت ايمان كوير(سهامي خاص),1404,قاسمي3,1405/04/02,13:43:02, ويرايش موجوديت,خزانه داري,سند حسابداري,5867,1404/12/05,سند عمومي با شماره 5867 تاييد شد
,شركت كيهان راه شرق (سهامي خاص),1405,فرامرزسليماني,1405/04/02,13:42:54, ويرايش موجوديت,انبار,سند انبار,5845,1405/03/31,سند درخواست كالا از انبار با شماره 5845 ثبت شد
,شركت قدرت ايمان كوير(سهامي خاص),1404,قاسمي3,1405/04/02,13:42:12, ويرايش موجوديت,خزانه داري,سند حسابداري,5885,1404/12/07,سند عمومي با شماره 5885 تاييد شد
,شركت كيهان راه شرق (سهامي خاص),1404,نباتي1,1405/04/02,13:41:36, ويرايش موجوديت,حسابداري,سند حسابداري,27389,1404/09/30,سند عمومي با شماره 27389 تاييد شد
,شركت كيهان راه شرق (سهامي خاص),1404,نباتي1,1405/04/02,13:41:32, ويرايش موجوديت,حسابداري,سند حسابداري,27389,1404/09/30,سند عمومي با شماره ثابت 27389 ذخيره شد
,شركت قدرت ايمان كوير(سهامي خاص),1404,قاسمي3,1405/04/02,13:41:20, ويرايش موجوديت,خزانه داري,سند حسابداري,5923,1404/12/11,سند عمومي با شماره 5923 تاييد شد
,شركت قدرت ايمان كوير(سهامي خاص),1404,قاسمي3,1405/04/02,13:40:52, ويرايش موجوديت,خزانه داري,سند حسابداري,5918,1404/12/10,سند عمومي با شماره 5918 تاييد شد
,شركت قدرت ايمان كوير(سهامي خاص),1404,قاسمي3,1405/04/02,13:40:16, ويرايش موجوديت,خزانه داري,سند حسابداري,5998,1404/12/13,سند عمومي با شماره 5998 تاييد شد
,شركت قدرت ايمان كوير(سهامي خاص),1404,قاسمي3,1405/04/02,13:39:04, ويرايش موجوديت,خزانه داري,سند حسابداري,5954,1404/12/12,سند عمومي با شماره 5954 تاييد شد
,شركت قدرت ايمان كوير(سهامي خاص),1404,قاسمي3,1405/04/02,13:38:04, ويرايش موجوديت,خزانه داري,سند حسابداري,4729,1404/10/20,سند عمومي با شماره 4729 تاييد شد
,شركت كيهان راه شرق (سهامي خاص),1405,كسري_دهقان1,1405/04/02,13:37:15,موجوديت جديد,حسابداري,سند حسابداري,2647,1405/03/04,سند عمومي با شماره ثابت 2647 ذخيره شد
,شركت كيهان راه شرق (سهامي خاص),1404,نباتي1,1405/04/02,13:37:05, ويرايش موجوديت,حسابداري,سند حسابداري,27394,1404/10/30,سند عمومي با شماره 27394 تاييد شد
,شركت كيهان راه شرق (سهامي خاص),1404,نباتي1,1405/04/02,13:36:55, ويرايش موجوديت,حسابداري,سند حسابداري,27394,1404/10/30,سند عمومي با شماره ثابت 27394 ذخيره شد
,شركت كيهان راه شرق (سهامي خاص),1405,سرحدي,1405/04/02,13:36:08,موجوديت جديد,انبار,سند انبار,1684,1405/03/18,سند حواله انتقال بين انبار با شماره 1684 ثبت شد
,شركت قدرت ايمان كوير(سهامي خاص),1404,قاسمي3,1405/04/02,13:35:23, ويرايش موجوديت,خزانه داري,سند حسابداري,6030,1404/12/14,سند عمومي با شماره 6030 تاييد شد
,شركت برش كوه آريا پارت (سهامي خاص),1404,برهان,1405/04/02,13:35:13,ورود موفق,,نشست,,,
,شركت كيهان راه شرق (سهامي خاص),1404,محبوبي1,1405/04/02,13:35:01,موجوديت جديد,انبار,سند انبار,1683,1405/03/26,سند حواله انتقال بين انبار با شماره 1683 ثبت شد
,شركت كيهان راه شرق (سهامي خاص),1404,نباتي1,1405/04/02,13:34:29, ويرايش موجوديت,حسابداري,سند حسابداري,29420,1404/07/30,سند عمومي با شماره 29420 تاييد شد
,شركت كيهان راه شرق (سهامي خاص),1404,نباتي1,1405/04/02,13:34:10, ويرايش موجوديت,حسابداري,سند حسابداري,29420,1404/07/30,سند عمومي با شماره ثابت 29420 ذخيره شد
,شركت كيهان راه شرق (سهامي خاص),1405,سرحدي,1405/04/02,13:33:42,موجوديت جديد,انبار,سند انبار,1682,1405/03/10,سند حواله انتقال بين انبار با شماره 1682 ثبت شد
,صولت پارس آمود,1405,سپهريان7,1405/04/02,13:33:36, ويرايش موجوديت,خزانه داري,سند حسابداري,2464,1404/10/08,سند عمومي با شماره 2464 ذخيره شد
,شركت كيهان راه شرق (سهامي خاص),1405,محمد رضايي,1405/04/02,13:33:20, ويرايش موجوديت,انبار,سند انبار,16,1405/04/02,سند حواله اموال با شماره 16 ثبت شد
,شركت قدرت ايمان كوير(سهامي خاص),1404,قاسمي3,1405/04/02,13:33:20, ويرايش موجوديت,خزانه داري,سند حسابداري,4390,1404/10/03,سند عمومي با شماره 4390 تاييد شد
,صولت پارس آمود,1405,سپهريان7,1405/04/02,13:32:39, ويرايش موجوديت,خزانه داري,سند حسابداري,2977,1404/09/26,سند عمومي با شماره 2977 ذخيره شد
,شركت قدرت ايمان كوير(سهامي خاص),1404,قاسمي3,1405/04/02,13:32:29, ويرايش موجوديت,خزانه داري,سند حسابداري,5997,1404/12/13,سند عمومي با شماره 5997 تاييد شد
,شركت كيهان راه شرق (سهامي خاص),1404,نباتي1,1405/04/02,13:32:18, ويرايش موجوديت,حسابداري,سند حسابداري,29419,1404/11/30,سند عمومي با شماره 29419 تاييد شد
,شركت كيهان راه شرق (سهامي خاص),1405,محمد رضايي,1405/04/02,13:32:12,موجوديت جديد,انبار,سند انبار,16,1405/04/02,سند حواله اموال با شماره 16 ثبت شد
,شركت كيهان راه شرق (سهامي خاص),1404,نباتي1,1405/04/02,13:32:02, ويرايش موجوديت,حسابداري,سند حسابداري,29419,1404/11/30,سند عمومي با شماره ثابت 29419 ذخيره شد
,شركت كيهان راه شرق (سهامي خاص),1404,نباتي1,1405/04/02,13:31:31, ويرايش موجوديت,حسابداري,سند حسابداري,29419,1404/11/30,سند عمومي با شماره ثابت 29419 ذخيره شد
,صولت پارس آمود,1405,سپهريان7,1405/04/02,13:29:27, ويرايش موجوديت,خزانه داري,سند حسابداري,2073,1404/09/22,سند عمومي با شماره 2073 ذخيره شد
,صولت پارس آمود,1405,سپهريان7,1405/04/02,13:28:10, ويرايش موجوديت,خزانه داري,سند حسابداري,2046,1404/09/20,سند عمومي با شماره 2046 ذخيره شد
,شركت قدرت ايمان كوير(سهامي خاص),1404,جوانمرد3,1405/04/02,13:28:02,موجوديت جديد,خزانه داري,سند حسابداري,7959,1404/10/26,سند عمومي با شماره 7959 ذخيره شد
,شركت كيهان راه شرق (سهامي خاص),1404,نباتي1,1405/04/02,13:28:01, ويرايش موجوديت,حسابداري,سند حسابداري,29429,1404/09/30,سند عمومي با شماره 29429 تاييد شد
,شركت كيهان راه شرق (سهامي خاص),1404,نباتي1,1405/04/02,13:27:50, ويرايش موجوديت,حسابداري,سند حسابداري,29429,1404/09/30,سند عمومي با شماره ثابت 29429 ذخيره شد
,شركت قدرت ايمان كوير(سهامي خاص),1404,جوانمرد3,1405/04/02,13:27:49,موجوديت جديد,خزانه داري,سند خزانه داري,2319,1404/10/26,سند صورت هزينه تنخواه با شماره 2319 ذخيره شد
,صولت پارس آمود,1405,سپهريان7,1405/04/02,13:27:34, ويرايش موجوديت,خزانه داري,سند حسابداري,2001,1404/09/18,سند عمومي با شماره 2001 ذخيره شد
,صولت پارس آمود,1405,سپهريان7,1405/04/02,13:26:41, ويرايش موجوديت,خزانه داري,سند حسابداري,1940,1404/09/15,سند عمومي با شماره 1940 ذخيره شد
,شركت كيهان راه شرق (سهامي خاص),1405,محمد رضايي,1405/04/02,13:26:36, ويرايش موجوديت,انبار,سند انبار,15,1405/04/02,سند حواله اموال با شماره 15 ثبت شد
,شركت كيهان راه شرق (سهامي خاص),1405,محمد رضايي,1405/04/02,13:26:16,موجوديت جديد,انبار,سند انبار,15,1405/04/02,سند حواله اموال با شماره 15 ثبت شد
,صولت پارس آمود,1405,سپهريان7,1405/04/02,13:24:35, ويرايش موجوديت,خزانه داري,سند حسابداري,1925,1404/09/12,سند عمومي با شماره 1925 ذخيره شد
,شركت قدرت ايمان كوير(سهامي خاص),1404,دادرس3,1405/04/02,13:24:20, ويرايش موجوديت,خزانه داري,سند حسابداري,5426,1404/11/18,سند عمومي با شماره 5426 تاييد شد
,شركت كيهان راه شرق (سهامي خاص),1405,سجادي1,1405/04/02,13:24:11,ورود موفق,,نشست,,,
,شركت كيهان راه شرق (سهامي خاص),1404,محبوبي1,1405/04/02,13:23:58,موجوديت جديد,انبار,سند انبار,7941,1405/03/26,سند رسيد خريد  با شماره 7941 ثبت شد
,صولت پارس آمود,1405,سپهريان7,1405/04/02,13:23:53, ويرايش موجوديت,خزانه داري,سند حسابداري,3643,1404/12/19,سند عمومي با شماره 3643 ذخيره شد
,شركت كيهان راه شرق (سهامي خاص),1405,محمد رضايي,1405/04/02,13:23:30, ويرايش موجوديت,انبار,سند انبار,14,1405/04/02,سند حواله اموال با شماره 14 ثبت شد
,صولت پارس آمود,1405,سپهريان7,1405/04/02,13:23:13,ورود موفق,,نشست,,,
,شركت كيهان راه شرق (سهامي خاص),1405,كسري_دهقان1,1405/04/02,13:23:13,موجوديت جديد,حسابداري,سند حسابداري,2646,1405/03/21,سند عمومي با شماره ثابت 2646 ذخيره شد
,شركت كيهان راه شرق (سهامي خاص),1405,محمد رضايي,1405/04/02,13:23:10,موجوديت جديد,انبار,سند انبار,14,1405/04/02,سند حواله اموال با شماره 14 ثبت شد
,صولت پارس آمود,1405,صابري,1405/04/02,13:22:27,ورود موفق,,نشست,,,
,شركت كيهان راه شرق (سهامي خاص),1405,عبدپور_طرق,1405/04/02,13:21:56,موجوديت جديد,انبار,سند انبار,7940,1405/03/31,سند رسيد خريد  با شماره 7940 ثبت شد
,شركت قدرت ايمان كوير(سهامي خاص),1405,كاظميان3,1405/04/02,13:21:45,موجوديت جديد,خزانه داري,سند حسابداري,7958,1404/07/09,سند عمومي با شماره 7958 ذخيره شد
,شركت قدرت ايمان كوير(سهامي خاص),1404,جوانمرد3,1405/04/02,13:21:19,موجوديت جديد,خزانه داري,سند حسابداري,7957,1404/10/27,سند عمومي با شماره 7957 ذخيره شد
,شركت كيهان راه شرق (سهامي خاص),1405,محمد رضايي,1405/04/02,13:21:07,موجوديت جديد,انبار,سند انبار,13,1405/04/02,سند حواله اموال با شماره 13 ثبت شد
,شركت قدرت ايمان كوير(سهامي خاص),1404,جوانمرد3,1405/04/02,13:21:07,موجوديت جديد,خزانه داري,سند خزانه داري,2318,1404/10/27,سند صورت هزينه تنخواه با شماره 2318 ذخيره شد
,شركت قدرت ايمان كوير(سهامي خاص),1405,كاظميان3,1405/04/02,13:21:06,موجوديت جديد,خزانه داري,سند خزانه داري,2317,1404/07/09,سند صورت هزينه تنخواه با شماره 2317 ذخيره شد
,شركت كيهان راه شرق (سهامي خاص),1404,نباتي1,1405/04/02,13:21:02, ويرايش موجوديت,حسابداري,سند حسابداري,29430,1404/10/30,سند عمومي با شماره 29430 تاييد شد
,شركت كيهان راه شرق (سهامي خاص),1404,نباتي1,1405/04/02,13:20:59, ويرايش موجوديت,حسابداري,سند حسابداري,29430,1404/10/30,سند عمومي با شماره ثابت 29430 ذخيره شد
,شركت قدرت ايمان كوير(سهامي خاص),1404,دادرس3,1405/04/02,13:20:51, ويرايش موجوديت,حسابداري,سند حسابداري,5407,1404/11/18,سند عمومي با شماره 5407 تاييد شد
,شركت كيهان راه شرق (سهامي خاص),1405,محمد رضايي,1405/04/02,13:19:52, حذف موجوديت,انبار,سند انبار,3947,1405/04/02,سند حواله مصرف ماشين آلات با شماره 3947 حذف شد
,شركت كيهان راه شرق (سهامي خاص),1405,عليرضاسالاري,1405/04/02,13:19:46, ويرايش موجوديت,انبار,سند انبار,4660,1405/04/02,سند تاييد درخواست كالا با شماره 4660 ثبت شد
,صولت پارس آمود,1405,صابري7,1405/04/02,13:19:45,موجوديت جديد,حسابداري,سند حسابداري,708,1405/03/31,سند عمومي با شماره ثابت 708 ذخيره شد
,شركت كيهان راه شرق (سهامي خاص),1405,محمد رضايي,1405/04/02,13:19:44,موجوديت جديد,انبار,سند انبار,3947,1405/04/02,سند حواله مصرف ماشين آلات با شماره 3947 ثبت شد
,شركت كيهان راه شرق (سهامي خاص),1405,عليرضاسالاري,1405/04/02,13:19:27,موجوديت جديد,انبار,سند انبار,4660,1405/04/02,سند تاييد درخواست كالا با شماره 4660 ثبت شد
,شركت كيهان راه شرق (سهامي خاص),1405,عليرضاسالاري,1405/04/02,13:19:14, ويرايش موجوديت,انبار,سند انبار,5970,1405/04/02,سند درخواست كالا از انبار با شماره 5970 ثبت شد
,شركت كيهان راه شرق (سهامي خاص),1405,عبدپور_طرق,1405/04/02,13:17:59,موجوديت جديد,انبار,سند انبار,7939,1405/03/23,سند رسيد خريد  با شماره 7939 ثبت شد
,شركت كيهان راه شرق (سهامي خاص),1405,برزگررشتخواري,1405/04/02,13:17:56, ويرايش موجوديت,انبار,سند انبار,5970,1405/04/02,سند درخواست كالا از انبار با شماره 5970 ثبت شد
,شركت قدرت ايمان كوير(سهامي خاص),1404,جوانمرد3,1405/04/02,13:17:40,موجوديت جديد,خزانه داري,سند حسابداري,7956,1404/10/27,سند عمومي با شماره 7956 ذخيره شد
,شركت قدرت ايمان كوير(سهامي خاص),1404,جوانمرد3,1405/04/02,13:17:26,موجوديت جديد,خزانه داري,سند خزانه داري,2316,1404/10/27,سند صورت هزينه تنخواه با شماره 2316 ذخيره شد
,شركت كيهان راه شرق (سهامي خاص),1405,محمد رضايي,1405/04/02,13:16:57, ويرايش موجوديت,انبار,سند انبار,1444,1405/02/12,سند رسيد انتقال بين انبار با شماره 1444 ثبت شد
,شركت كيهان راه شرق (سهامي خاص),1405,كسري_دهقان1,1405/04/02,13:15:33,موجوديت جديد,حسابداري,سند حسابداري,2645,1405/03/10,سند عمومي با شماره ثابت 2645 ذخيره شد
,شركت كيهان راه شرق (سهامي خاص),1404,محبوبي1,1405/04/02,13:15:27,ورود موفق,,نشست,,,
,شركت دنا بنيان بيرجند (سهامي خاص),1405,اكبري2,1405/04/02,13:14:48,موجوديت جديد,حسابداري,سند حسابداري,8983,1404/10/30,سند عمومي با شماره ثابت 8983 ذخيره شد
,شركت كيهان راه شرق (سهامي خاص),1405,برزگررشتخواري,1405/04/02,13:14:47, ويرايش موجوديت,انبار,سند انبار,5970,1405/04/02,سند درخواست كالا از انبار با شماره 5970 ثبت شد
,شركت كيهان راه شرق (سهامي خاص),1405,سپهريان1,1405/04/02,13:14:16, ويرايش موجوديت,خزانه داري,سند حسابداري,2641,1405/04/01,سند عمومي با شماره 2641 ذخيره شد
,شركت كيهان راه شرق (سهامي خاص),1404,نباتي1,1405/04/02,13:14:03, ويرايش موجوديت,حسابداري,سند حسابداري,29430,1404/10/30,سند عمومي با شماره ثابت 29430 ذخيره شد
,صولت پارس آمود,1405,فاطمي7,1405/04/02,13:13:47, ويرايش موجوديت,خزانه داري,سند حسابداري,3730,1404/12/26,سند عمومي با شماره 3730 تاييد شد
,شركت كيهان راه شرق (سهامي خاص),1405,محمد رضايي,1405/04/02,13:13:07, ويرايش موجوديت,انبار,سند انبار,4549,1405/02/10,سند رسيد خريد  با شماره 4549 ثبت شد
,شركت كيهان راه شرق (سهامي خاص),1405,سپهريان1,1405/04/02,13:12:52,ورود موفق,,نشست,,,
,شركت قدرت ايمان كوير(سهامي خاص),1404,سپهريان3,1405/04/02,13:12:39, ويرايش موجوديت,خزانه داري,سند حسابداري,5426,1404/11/18,سند عمومي با شماره 5426 ذخيره شد
,شركت قدرت ايمان كوير(سهامي خاص),1404,جوانمرد3,1405/04/02,13:11:59,موجوديت جديد,خزانه داري,سند حسابداري,7955,1404/10/27,سند عمومي با شماره 7955 ذخيره شد
,شركت كيهان راه شرق (سهامي خاص),1404,نباتي1,1405/04/02,13:11:51, ويرايش موجوديت,حسابداري,سند حسابداري,29417,1404/12/29,سند عمومي با شماره 29417 تاييد شد
,شركت كيهان راه شرق (سهامي خاص),1404,نباتي1,1405/04/02,13:11:47, ويرايش موجوديت,حسابداري,سند حسابداري,29417,1404/12/29,سند عمومي با شماره ثابت 29417 ذخيره شد
,شركت قدرت ايمان كوير(سهامي خاص),1404,جوانمرد3,1405/04/02,13:11:45,موجوديت جديد,خزانه داري,سند خزانه داري,2315,1404/10/27,سند صورت هزينه تنخواه با شماره 2315 ذخيره شد
,شركت قدرت ايمان كوير(سهامي خاص),1404,سپهريان3,1405/04/02,13:11:32, ويرايش موجوديت,حسابداري,سند حسابداري,5408,1404/11/18,سند عمومي با شماره ثابت 5408 ذخيره شد
,شركت قدرت ايمان كوير(سهامي خاص),1404,سپهريان3,1405/04/02,13:10:04,ورود موفق,,نشست,,,
,صولت پارس آمود,1405,سپهريان7,1405/04/02,13:09:51, ويرايش موجوديت,خزانه داري,سند حسابداري,3693,1404/12/24,سند عمومي با شماره 3693 ذخيره شد
,شركت كيهان راه شرق (سهامي خاص),1405,فرامرزسليماني,1405/04/02,13:09:30,موجوديت جديد,انبار,سند انبار,4659,1405/04/02,سند تاييد درخواست كالا با شماره 4659 ثبت شد
,شركت كيهان راه شرق (سهامي خاص),1405,فرامرزسليماني,1405/04/02,13:09:22, ويرايش موجوديت,انبار,سند انبار,5520,1405/03/27,سند درخواست كالا از انبار با شماره 5520 ثبت شد
,شركت كيهان راه شرق (سهامي خاص),1405,محمد رضايي,1405/04/02,13:09:03,موجوديت جديد,انبار,سند انبار,165,1405/04/02,سند برگشت اماني ما نزد ديگران با شماره 165 ثبت شد
,صولت پارس آمود,1405,سپهريان7,1405/04/02,13:08:48, ويرايش موجوديت,خزانه داري,سند حسابداري,3683,1404/12/23,سند عمومي با شماره 3683 ذخيره شد
,شركت قدرت ايمان كوير(سهامي خاص),1405,كاظميان3,1405/04/02,13:08:38,موجوديت جديد,خزانه داري,سند حسابداري,7954,1404/07/09,سند عمومي با شماره 7954 ذخيره شد
,شركت قدرت ايمان كوير(سهامي خاص),1404,شاهروديان3,1405/04/02,13:08:36, ويرايش موجوديت,خزانه داري,سند حسابداري,7704,1404/08/12,سند عمومي با شماره 7704 تاييد شد
,شركت قدرت ايمان كوير(سهامي خاص),1404,شاهروديان3,1405/04/02,13:08:29, ويرايش موجوديت,خزانه داري,سند حسابداري,7706,1404/08/12,سند عمومي با شماره 7706 تاييد شد
,شركت قدرت ايمان كوير(سهامي خاص),1404,شاهروديان3,1405/04/02,13:08:11, ويرايش موجوديت,خزانه داري,سند حسابداري,7710,1404/08/12,سند عمومي با شماره 7710 تاييد شد
,شركت كيهان راه شرق (سهامي خاص),1405,كسري_دهقان1,1405/04/02,13:08:09,موجوديت جديد,حسابداري,سند حسابداري,2644,1405/03/09,سند عمومي با شماره ثابت 2644 ذخيره شد
,شركت قدرت ايمان كوير(سهامي خاص),1404,شاهروديان3,1405/04/02,13:07:36, ويرايش موجوديت,خزانه داري,سند حسابداري,7711,1404/08/12,سند عمومي با شماره 7711 تاييد شد
,صولت پارس آمود,1405,سپهريان7,1405/04/02,13:07:13,ورود موفق,,نشست,,,
,شركت قدرت ايمان كوير(سهامي خاص),1404,شاهروديان3,1405/04/02,13:07:11, ويرايش موجوديت,خزانه داري,سند حسابداري,7712,1404/08/11,سند عمومي با شماره 7712 تاييد شد
,شركت قدرت ايمان كوير(سهامي خاص),1405,كاظميان3,1405/04/02,13:07:05,موجوديت جديد,خزانه داري,سند خزانه داري,2314,1404/07/09,سند صورت هزينه تنخواه با شماره 2314 ذخيره شد
,شركت قدرت ايمان كوير(سهامي خاص),1404,شاهروديان3,1405/04/02,13:06:36, ويرايش موجوديت,خزانه داري,سند حسابداري,7713,1404/08/11,سند عمومي با شماره 7713 تاييد شد
,شركت كيهان راه شرق (سهامي خاص),1405,سپهريان1,1405/04/02,13:06:18,موجوديت جديد,حسابداري,سند حسابداري,2643,1405/03/27,سند عمومي با شماره ثابت 2643 ذخيره شد
,شركت قدرت ايمان كوير(سهامي خاص),1404,شاهروديان3,1405/04/02,13:06:16, ويرايش موجوديت,خزانه داري,سند حسابداري,7714,1404/08/11,سند عمومي با شماره 7714 تاييد شد
,شركت كيهان راه شرق (سهامي خاص),1404,كارآموز,1405/04/02,13:06:14,ورود موفق,,نشست,,,
,شركت كيهان راه شرق (سهامي خاص),1405,عليرضاسالاري,1405/04/02,13:06:10, ويرايش موجوديت,انبار,سند انبار,4936,1405/03/20,سند درخواست كالا از انبار با شماره 4936 ثبت شد
,شركت قدرت ايمان كوير(سهامي خاص),1404,جوانمرد3,1405/04/02,13:06:08, ويرايش موجوديت,خزانه داري,سند حسابداري,7714,1404/08/11,سند عمومي با شماره 7714 ذخيره شد
,شركت كيهان راه شرق (سهامي خاص),1405,فرامرزسليماني,1405/04/02,13:05:26, ويرايش موجوديت,انبار,سند انبار,5501,1405/03/26,سند درخواست كالا از انبار با شماره 5501 ثبت شد
,شركت كيهان راه شرق (سهامي خاص),1405,فرامرزسليماني,1405/04/02,13:05:17,موجوديت جديد,انبار,سند انبار,4658,1405/04/02,سند تاييد درخواست كالا با شماره 4658 ثبت شد
,شركت قدرت ايمان كوير(سهامي خاص),1404,شاهروديان3,1405/04/02,13:05:09, ويرايش موجوديت,خزانه داري,سند حسابداري,7715,1404/08/11,سند عمومي با شماره 7715 تاييد شد
,شركت كيهان راه شرق (سهامي خاص),1405,فرامرزسليماني,1405/04/02,13:05:07, ويرايش موجوديت,انبار,سند انبار,5501,1405/03/26,سند درخواست كالا از انبار با شماره 5501 ثبت شد
,شركت قدرت ايمان كوير(سهامي خاص),1404,جوانمرد3,1405/04/02,13:05:02, ويرايش موجوديت,خزانه داري,سند حسابداري,7715,1404/08/11,سند عمومي با شماره 7715 ذخيره شد
,شركت كيهان راه شرق (سهامي خاص),1405,سپهريان1,1405/04/02,13:04:51,ورود موفق,,نشست,,,
,شركت دنا بنيان بيرجند (سهامي خاص),1405,سپهريان2,1405/04/02,13:04:32, ويرايش موجوديت,خزانه داري,سند حسابداري,947,1405/03/27,سند عمومي با شماره 947 ذخيره شد
,صولت پارس آمود,1404,نيكنام7,1405/04/02,13:04:31,موجوديت جديد,حسابداري,سند حسابداري,4459,1404/11/13,سند عمومي با شماره ثابت 4459 ذخيره شد
,شركت دنا بنيان بيرجند (سهامي خاص),1405,آقاحاجي2,1405/04/02,13:04:28,موجوديت جديد,حسابداري,سند حسابداري,1055,1405/03/21,سند عمومي با شماره ثابت 1055 ذخيره شد
,شركت كيهان راه شرق (سهامي خاص),1405,محمدمختاري,1405/04/02,13:04:27, ويرايش موجوديت,انبار,سند انبار,3877,1405/03/05,سند درخواست كالا از انبار با شماره 3877 ثبت شد
,شركت قدرت ايمان كوير(سهامي خاص),1404,شاهروديان3,1405/04/02,13:04:26, ويرايش موجوديت,خزانه داري,سند حسابداري,7717,1404/08/10,سند عمومي با شماره 7717 تاييد شد
,شركت دنا بنيان بيرجند (سهامي خاص),1405,سپهريان2,1405/04/02,13:04:21, ويرايش موجوديت,خزانه داري,سند حسابداري,947,1405/03/27,سند عمومي با شماره 947 ذخيره شد
,شركت كيهان راه شرق (سهامي خاص),1405,ضيا,1405/04/02,13:03:50, ويرايش موجوديت,انبار,سند انبار,7938,1405/03/30,سند رسيد خريد  با شماره 7938 ثبت شد
,شركت كيهان راه شرق (سهامي خاص),1405,صابونيزاده1,1405/04/02,13:02:56, ويرايش موجوديت,انبار,سند انبار,7119,1405/03/09,سند رسيد خريد  با شماره 7119 ثبت شد
,صولت پارس آمود,1404,نيكنام7,1405/04/02,13:01:40, ويرايش موجوديت,حسابداري,سند حسابداري,3438,1404/09/30,سند عمومي با شماره ثابت 3438 ذخيره شد
,شركت قدرت ايمان كوير(سهامي خاص),1405,كاظميان3,1405/04/02,13:01:24,موجوديت جديد,خزانه داري,سند حسابداري,7953,1404/07/10,سند عمومي با شماره 7953 ذخيره شد
,شركت كيهان راه شرق (سهامي خاص),1405,عليرضاسالاري,1405/04/02,13:00:47, ويرايش موجوديت,انبار,سند انبار,5972,1405/04/02,سند درخواست كالا از انبار با شماره 5972 ثبت شد
,شركت قدرت ايمان كوير(سهامي خاص),1405,كاظميان3,1405/04/02,13:00:44,موجوديت جديد,خزانه داري,سند خزانه داري,2313,1404/07/10,سند صورت هزينه تنخواه با شماره 2313 ذخيره شد
,شركت كيهان راه شرق (سهامي خاص),1405,عليرضاسالاري,1405/04/02,13:00:40, ويرايش موجوديت,انبار,سند انبار,5972,1405/04/02,سند درخواست كالا از انبار با شماره 5972 ثبت شد
,شركت قدرت ايمان كوير(سهامي خاص),1404,جوانمرد3,1405/04/02,12:59:51,موجوديت جديد,خزانه داري,سند حسابداري,7952,1404/10/28,سند عمومي با شماره 7952 ذخيره شد
,شركت كيهان راه شرق (سهامي خاص),1405,محمد رضايي,1405/04/02,12:59:48, ويرايش موجوديت,انبار,سند انبار,12,1405/04/02,سند حواله اموال با شماره 12 ثبت شد
,شركت كيهان راه شرق (سهامي خاص),1405,ضيا,1405/04/02,12:59:40, ويرايش موجوديت,انبار,سند انبار,7938,1405/03/30,سند رسيد خريد  با شماره 7938 ثبت شد
,شركت كيهان راه شرق (سهامي خاص),1405,عليرضاسالاري,1405/04/02,12:59:36, ويرايش موجوديت,انبار,سند انبار,5972,1405/04/02,سند درخواست كالا از انبار با شماره 5972 ثبت شد
,شركت قدرت ايمان كوير(سهامي خاص),1404,جوانمرد3,1405/04/02,12:59:34,موجوديت جديد,خزانه داري,سند خزانه داري,2312,1404/10/28,سند صورت هزينه تنخواه با شماره 2312 ذخيره شد
,شركت قدرت ايمان كوير(سهامي خاص),1404,دادرس3,1405/04/02,12:59:25, ويرايش موجوديت,خزانه داري,سند حسابداري,5539,1404/11/23,سند عمومي با شماره 5539 تاييد شد
,شركت كيهان راه شرق (سهامي خاص),1405,فرامرزسليماني,1405/04/02,12:59:12,موجوديت جديد,انبار,سند انبار,4657,1405/04/02,سند تاييد درخواست كالا با شماره 4657 ثبت شد
,شركت كيهان راه شرق (سهامي خاص),1405,كسري_دهقان1,1405/04/02,12:59:05,موجوديت جديد,حسابداري,سند حسابداري,2642,1405/03/11,سند عمومي با شماره ثابت 2642 ذخيره شد
,پايش مسير اقليم,1404,غلامي11,1405/04/02,12:58:59,ورود موفق,,نشست,,,
,شركت كيهان راه شرق (سهامي خاص),1405,صابونيزاده1,1405/04/02,12:58:21, ويرايش موجوديت,انبار,سند انبار,7092,1405/03/09,سند رسيد خريد  با شماره 7092 ثبت شد
,شركت كيهان راه شرق (سهامي خاص),1405,محمد رضايي,1405/04/02,12:58:12,موجوديت جديد,انبار,سند انبار,12,1405/04/02,سند حواله اموال با شماره 12 ثبت شد
,شركت كيهان راه شرق (سهامي خاص),1405,اكبري1,1405/04/02,12:58:11, ويرايش موجوديت,حسابداري,سند حسابداري,30756,1404/07/21,سند عمومي با شماره ثابت 30756 ذخيره شد
,شركت كيهان راه شرق (سهامي خاص),1405,ضيا,1405/04/02,12:58:03,موجوديت جديد,انبار,سند انبار,7938,1405/03/30,سند رسيد خريد  با شماره 7938 ثبت شد
,شركت كيهان راه شرق (سهامي خاص),1405,محمدمختاري,1405/04/02,12:57:54, ويرايش موجوديت,انبار,سند انبار,5189,1405/03/23,سند درخواست كالا از انبار با شماره 5189 ثبت شد
,صولت پارس آمود,1405,صابري7,1405/04/02,12:57:19,ورود موفق,,نشست,,,
,شركت قدرت ايمان كوير(سهامي خاص),1404,دادرس3,1405/04/02,12:56:40, ويرايش موجوديت,خزانه داري,سند حسابداري,5540,1404/11/20,سند عمومي با شماره 5540 تاييد شد
,شركت كيهان راه شرق (سهامي خاص),1405,صابونيزاده1,1405/04/02,12:56:24, ويرايش موجوديت,انبار,سند انبار,7089,1405/03/09,سند رسيد خريد  با شماره 7089 ثبت شد
,شركت قدرت ايمان كوير(سهامي خاص),1404,جوانمرد3,1405/04/02,12:56:11,موجوديت جديد,خزانه داري,سند حسابداري,7951,1404/10/28,سند عمومي با شماره 7951 ذخيره شد
,صولت پارس آمود,1405,فاطمي7,1405/04/02,12:56:08, ويرايش موجوديت,خزانه داري,سند حسابداري,3715,1404/12/25,سند عمومي با شماره 3715 تاييد شد
,شركت كيهان راه شرق (سهامي خاص),1405,اكبري1,1405/04/02,12:56:02,موجوديت جديد,حسابداري,سند حسابداري,30756,1404/07/21,سند عمومي با شماره ثابت 30756 ذخيره شد
,شركت قدرت ايمان كوير(سهامي خاص),1404,جوانمرد3,1405/04/02,12:55:49,موجوديت جديد,خزانه داري,سند خزانه داري,2311,1404/10/28,سند صورت هزينه تنخواه با شماره 2311 ذخيره شد
,شركت كيهان راه شرق (سهامي خاص),1405,فرامرزسليماني,1405/04/02,12:55:11, ويرايش موجوديت,انبار,سند انبار,5533,1405/03/27,سند درخواست كالا از انبار با شماره 5533 ثبت شد
,شركت كيهان راه شرق (سهامي خاص),1405,سرحدي,1405/04/02,12:55:09,موجوديت جديد,انبار,سند انبار,1681,1405/03/10,سند حواله انتقال بين انبار با شماره 1681 ثبت شد
,صولت پارس آمود,1404,نيكنام7,1405/04/02,12:55:06,ورود موفق,,نشست,,,
,شركت كيهان راه شرق (سهامي خاص),1405,عليرضاسالاري,1405/04/02,12:54:34, ويرايش موجوديت,انبار,سند انبار,5971,1405/04/02,سند درخواست كالا از انبار با شماره 5971 ثبت شد
,شركت دنا بنيان بيرجند (سهامي خاص),1405,آقاحاجي2,1405/04/02,12:54:12,ورود موفق,,نشست,,,
,شركت كيهان راه شرق (سهامي خاص),1405,صابونيزاده1,1405/04/02,12:53:45, ويرايش موجوديت,انبار,سند انبار,7088,1405/03/09,سند رسيد خريد  با شماره 7088 ثبت شد
,شركت قدرت ايمان كوير(سهامي خاص),1404,شاهروديان3,1405/04/02,12:53:35, ويرايش موجوديت,خزانه داري,سند حسابداري,7718,1404/08/09,سند عمومي با شماره 7718 تاييد شد
,شركت كيهان راه شرق (سهامي خاص),1405,فرامرزسليماني,1405/04/02,12:53:23, ويرايش موجوديت,انبار,سند انبار,5452,1405/03/26,سند درخواست كالا از انبار با شماره 5452 ثبت شد
,شركت قدرت ايمان كوير(سهامي خاص),1404,جوانمرد3,1405/04/02,12:53:15, ويرايش موجوديت,خزانه داري,سند حسابداري,7718,1404/08/09,سند عمومي با شماره 7718 ذخيره شد
,شركت قدرت ايمان كوير(سهامي خاص),1404,شاهروديان3,1405/04/02,12:52:51, ويرايش موجوديت,خزانه داري,سند حسابداري,7720,1404/08/08,سند عمومي با شماره 7720 تاييد شد
,شركت قدرت ايمان كوير(سهامي خاص),1404,جوانمرد3,1405/04/02,12:52:43,موجوديت جديد,خزانه داري,سند حسابداري,7950,1404/10/28,سند عمومي با شماره 7950 ذخيره شد
,شركت كيهان راه شرق (سهامي خاص),1405,فرامرزسليماني,1405/04/02,12:52:29, ويرايش موجوديت,انبار,سند انبار,5452,1405/03/26,سند درخواست كالا از انبار با شماره 5452 ثبت شد
,شركت قدرت ايمان كوير(سهامي خاص),1404,جوانمرد3,1405/04/02,12:52:27,موجوديت جديد,خزانه داري,سند خزانه داري,2310,1404/10/28,سند صورت هزينه تنخواه با شماره 2310 ذخيره شد
,شركت قدرت ايمان كوير(سهامي خاص),1404,شاهروديان3,1405/04/02,12:52:23, ويرايش موجوديت,خزانه داري,سند حسابداري,7721,1404/08/08,سند عمومي با شماره 7721 تاييد شد
,شركت كيهان راه شرق (سهامي خاص),1405,صابونيزاده1,1405/04/02,12:52:20, ويرايش موجوديت,انبار,سند انبار,7088,1405/03/09,سند رسيد خريد  با شماره 7088 ثبت شد
,شركت كيهان راه شرق (سهامي خاص),1404,غلامي,1405/04/02,12:52:10,ورود موفق,,نشست,,,
,شركت قدرت ايمان كوير(سهامي خاص),1404,شاهروديان3,1405/04/02,12:52:08, ويرايش موجوديت,خزانه داري,سند حسابداري,7723,1404/08/07,سند عمومي با شماره 7723 تاييد شد
,شركت قدرت ايمان كوير(سهامي خاص),1404,جوانمرد3,1405/04/02,12:51:47, ويرايش موجوديت,خزانه داري,سند حسابداري,7723,1404/08/07,سند عمومي با شماره 7723 ذخيره شد
,شركت كيهان راه شرق (سهامي خاص),1405,سرحدي,1405/04/02,12:51:43, ويرايش موجوديت,انبار,سند انبار,7847,1405/03/10,سند رسيد خريد  با شماره 7847 ثبت شد
,شركت كيهان راه شرق (سهامي خاص),1405,عليرضاسالاري,1405/04/02,12:51:35, ويرايش موجوديت,انبار,سند انبار,5971,1405/04/02,سند درخواست كالا از انبار با شماره 5971 ثبت شد
,شركت قدرت ايمان كوير(سهامي خاص),1404,شاهروديان3,1405/04/02,12:51:14, ويرايش موجوديت,خزانه داري,سند حسابداري,7725,1404/08/07,سند عمومي با شماره 7725 تاييد شد
,شركت قدرت ايمان كوير(سهامي خاص),1405,جعفري3,1405/04/02,12:51:08,موجوديت جديد,خزانه داري,سند حسابداري,7949,1404/09/14,سند عمومي با شماره 7949 ذخيره شد
,شركت كيهان راه شرق (سهامي خاص),1405,كريمزاده1,1405/04/02,12:50:54,موجوديت جديد,انبار,سند انبار,5978,1405/04/02,سند درخواست كالا از انبار با شماره 5978 ثبت شد
,شركت قدرت ايمان كوير(سهامي خاص),1404,شاهروديان3,1405/04/02,12:50:53, ويرايش موجوديت,خزانه داري,سند حسابداري,7727,1404/08/06,سند عمومي با شماره 7727 تاييد شد
,شركت قدرت ايمان كوير(سهامي خاص),1404,شاهروديان3,1405/04/02,12:50:51, ويرايش موجوديت,حسابداري,سند حسابداري,7728,1404/08/06,سند عمومي با شماره ثابت 7728 ذخيره شد
,شركت قدرت ايمان كوير(سهامي خاص),1404,شاهروديان3,1405/04/02,12:50:31, ويرايش موجوديت,خزانه داري,سند حسابداري,7729,1404/08/06,سند عمومي با شماره 7729 تاييد شد
,شركت كيهان راه شرق (سهامي خاص),1404,آقاحاجي1,1405/04/02,12:50:20, ويرايش موجوديت,حسابداري,سند حسابداري,2640,1405/03/21,سند عمومي با شماره ثابت 2640 ذخيره شد
,شركت قدرت ايمان كوير(سهامي خاص),1404,جوانمرد3,1405/04/02,12:50:10,موجوديت جديد,خزانه داري,سند حسابداري,7948,1404/10/29,سند عمومي با شماره 7948 ذخيره شد
,شركت قدرت ايمان كوير(سهامي خاص),1404,شاهروديان3,1405/04/02,12:50:04, ويرايش موجوديت,خزانه داري,سند حسابداري,7736,1404/08/07,سند عمومي با شماره 7736 تاييد شد
,شركت كيهان راه شرق (سهامي خاص),1405,سرحدي,1405/04/02,12:49:57, ويرايش موجوديت,انبار,سند انبار,7847,1405/03/10,سند رسيد خريد  با شماره 7847 ثبت شد
,شركت قدرت ايمان كوير(سهامي خاص),1404,جوانمرد3,1405/04/02,12:49:57,موجوديت جديد,خزانه داري,سند خزانه داري,2309,1404/10/29,سند صورت هزينه تنخواه با شماره 2309 ذخيره شد
,شركت قدرت ايمان كوير(سهامي خاص),1404,دادرس3,1405/04/02,12:49:54, ويرايش موجوديت,خزانه داري,سند حسابداري,5443,1404/11/19,سند عمومي با شماره 5443 تاييد شد
,شركت كيهان راه شرق (سهامي خاص),1405,فرامرزسليماني,1405/04/02,12:49:45,موجوديت جديد,انبار,سند انبار,4656,1405/04/02,سند تاييد درخواست كالا با شماره 4656 ثبت شد
,شركت قدرت ايمان كوير(سهامي خاص),1404,شاهروديان3,1405/04/02,12:49:43, ويرايش موجوديت,خزانه داري,سند حسابداري,7738,1404/08/28,سند عمومي با شماره 7738 تاييد شد
,شركت دنا بنيان بيرجند (سهامي خاص),1405,سپهريان2,1405/04/02,12:49:37,موجوديت جديد,خزانه داري,سند حسابداري,1054,1405/04/01,سند عمومي با شماره 1054 ذخيره شد
,شركت كيهان راه شرق (سهامي خاص),1405,فرامرزسليماني,1405/04/02,12:49:35, ويرايش موجوديت,انبار,سند انبار,5422,1405/03/26,سند درخواست كالا از انبار با شماره 5422 ثبت شد
,شركت دنا بنيان بيرجند (سهامي خاص),1405,سپهريان2,1405/04/02,12:49:24, ويرايش موجوديت,خزانه داري,سند خزانه داري,267,1405/04/01,سند اعلاميه برداشت ريالي با شماره 267 ذخيره شد
,شركت قدرت ايمان كوير(سهامي خاص),1404,شاهروديان3,1405/04/02,12:48:57, ويرايش موجوديت,خزانه داري,سند حسابداري,7739,1404/08/05,سند عمومي با شماره 7739 تاييد شد
,شركت قدرت ايمان كوير(سهامي خاص),1404,جوانمرد3,1405/04/02,12:48:49, ويرايش موجوديت,خزانه داري,سند حسابداري,7739,1404/08/05,سند عمومي با شماره 7739 ذخيره شد
,شركت دنا بنيان بيرجند (سهامي خاص),1405,سپهريان2,1405/04/02,12:48:40,ورود موفق,,نشست,,,
,مينو ساز گلستان,1404,الاجگردي10,1405/04/02,12:48:17,ورود موفق,,نشست,,,
,شركت كيهان راه شرق (سهامي خاص),1405,فرامرزسليماني,1405/04/02,12:48:06, ويرايش موجوديت,انبار,سند انبار,5438,1405/03/26,سند درخواست كالا از انبار با شماره 5438 ثبت شد
,شركت قدرت ايمان كوير(سهامي خاص),1405,جعفري3,1405/04/02,12:47:56,موجوديت جديد,خزانه داري,سند خزانه داري,2308,1404/09/14,سند صورت هزينه تنخواه با شماره 2308 ذخيره شد
,شركت قدرت ايمان كوير(سهامي خاص),1404,شاهروديان3,1405/04/02,12:47:44, ويرايش موجوديت,خزانه داري,سند حسابداري,7740,1404/08/05,سند عمومي با شماره 7740 تاييد شد
,شركت كيهان راه شرق (سهامي خاص),1405,عليرضاسالاري,1405/04/02,12:47:35,موجوديت جديد,انبار,سند انبار,4655,1405/04/02,سند تاييد درخواست كالا با شماره 4655 ثبت شد
,شركت كيهان راه شرق (سهامي خاص),1405,سپهريان1,1405/04/02,12:47:26,موجوديت جديد,خزانه داري,سند حسابداري,2641,1405/04/01,سند عمومي با شماره 2641 ذخيره شد
,صولت پارس آمود,1404,الاجگردي7,1405/04/02,12:47:18,ورود موفق,,نشست,,,
,شركت كيهان راه شرق (سهامي خاص),1405,عليرضاسالاري,1405/04/02,12:47:16, ويرايش موجوديت,انبار,سند انبار,5913,1405/04/01,سند درخواست كالا از انبار با شماره 5913 ثبت شد
,شركت كيهان راه شرق (سهامي خاص),1405,سپهريان1,1405/04/02,12:47:15, ويرايش موجوديت,خزانه داري,سند خزانه داري,327,1405/04/01,سند اعلاميه برداشت ريالي با شماره 327 ذخيره شد
,شركت قدرت ايمان كوير(سهامي خاص),1404,شاهروديان3,1405/04/02,12:47:14, ويرايش موجوديت,خزانه داري,سند حسابداري,7741,1404/08/05,سند عمومي با شماره 7741 تاييد شد
,شركت كيهان راه شرق (سهامي خاص),1405,عليرضاسالاري,1405/04/02,12:47:01, ويرايش موجوديت,انبار,سند انبار,5913,1405/04/01,سند درخواست كالا از انبار با شماره 5913 ثبت شد
,شركت كيهان راه شرق (سهامي خاص),1405,صابونيزاده1,1405/04/02,12:47:00, ويرايش موجوديت,انبار,سند انبار,7118,1405/03/09,سند رسيد خريد  با شماره 7118 ثبت شد
,شركت دنا بنيان بيرجند (سهامي خاص),1404,الاجگردي2,1405/04/02,12:46:43, ويرايش موجوديت,خزانه داري,سند حسابداري,8272,1404/12/23,سند عمومي با شماره 8272 تاييد شد
,شركت دنا بنيان بيرجند (سهامي خاص),1404,كارآموز2,1405/04/02,12:46:16, ويرايش موجوديت,خزانه داري,سند حسابداري,8272,1404/12/23,سند عمومي با شماره 8272 ذخيره شد
,شركت كيهان راه شرق (سهامي خاص),1405,فرامرزسليماني,1405/04/02,12:45:58,موجوديت جديد,انبار,سند انبار,4654,1405/04/02,سند تاييد درخواست كالا با شماره 4654 ثبت شد
,شركت قدرت ايمان كوير(سهامي خاص),1404,شاهروديان3,1405/04/02,12:45:57, ويرايش موجوديت,خزانه داري,سند حسابداري,7742,1404/08/05,سند عمومي با شماره 7742 تاييد شد
,شركت قدرت ايمان كوير(سهامي خاص),1405,جعفري3,1405/04/02,12:45:51,موجوديت جديد,خزانه داري,سند حسابداري,7947,1404/09/15,سند عمومي با شماره 7947 ذخيره شد
,شركت كيهان راه شرق (سهامي خاص),1405,فرامرزسليماني,1405/04/02,12:45:49, ويرايش موجوديت,انبار,سند انبار,5438,1405/03/26,سند درخواست كالا از انبار با شماره 5438 ثبت شد
,شركت قدرت ايمان كوير(سهامي خاص),1404,شاهروديان3,1405/04/02,12:45:30, ويرايش موجوديت,خزانه داري,سند حسابداري,7743,1404/08/05,سند عمومي با شماره 7743 تاييد شد
,شركت قدرت ايمان كوير(سهامي خاص),1405,جعفري3,1405/04/02,12:45:13,موجوديت جديد,خزانه داري,سند خزانه داري,2307,1404/09/15,سند صورت هزينه تنخواه با شماره 2307 ذخيره شد
,شركت كيهان راه شرق (سهامي خاص),1405,صابونيزاده1,1405/04/02,12:45:12, ويرايش موجوديت,انبار,سند انبار,7112,1405/03/09,سند رسيد خريد  با شماره 7112 ثبت شد
,شركت قدرت ايمان كوير(سهامي خاص),1404,شاهروديان3,1405/04/02,12:44:55, ويرايش موجوديت,خزانه داري,سند حسابداري,7744,1404/08/05,سند عمومي با شماره 7744 تاييد شد
,شركت كيهان راه شرق (سهامي خاص),1405,سپهريان1,1405/04/02,12:44:36, ويرايش موجوديت,خزانه داري,سند خزانه داري,327,1405/04/01,سند اعلاميه برداشت ريالي با شماره 327 ذخيره شد
,شركت قدرت ايمان كوير(سهامي خاص),1404,شاهروديان3,1405/04/02,12:44:32, ويرايش موجوديت,خزانه داري,سند حسابداري,7745,1404/08/05,سند عمومي با شماره 7745 تاييد شد
,شركت كيهان راه شرق (سهامي خاص),1404,آقاحاجي1,1405/04/02,12:44:19,موجوديت جديد,حسابداري,سند حسابداري,2640,1405/03/21,سند عمومي با شماره ثابت 2640 ذخيره شد
,شركت كيهان راه شرق (سهامي خاص),1405,اكبري1,1405/04/02,12:43:55, ويرايش موجوديت,حسابداري,سند حسابداري,30755,1404/07/11,سند عمومي با شماره ثابت 30755 ذخيره شد
,شركت قدرت ايمان كوير(سهامي خاص),1404,جوانمرد3,1405/04/02,12:43:44,ورود موفق,,نشست,,,
,شركت كيهان راه شرق (سهامي خاص),1405,صابونيزاده1,1405/04/02,12:43:22, ويرايش موجوديت,انبار,سند انبار,7115,1405/03/09,سند رسيد خريد  با شماره 7115 ثبت شد
,شركت قدرت ايمان كوير(سهامي خاص),1405,جعفري3,1405/04/02,12:43:09,موجوديت جديد,خزانه داري,سند حسابداري,7946,1404/09/15,سند عمومي با شماره 7946 ذخيره شد
,شركت كيهان راه شرق (سهامي خاص),1405,اكبري1,1405/04/02,12:42:58,موجوديت جديد,حسابداري,سند حسابداري,30755,1404/07/11,سند عمومي با شماره ثابت 30755 ذخيره شد
,شركت قدرت ايمان كوير(سهامي خاص),1405,جعفري3,1405/04/02,12:42:36,موجوديت جديد,خزانه داري,سند خزانه داري,2306,1404/09/15,سند صورت هزينه تنخواه با شماره 2306 ذخيره شد
,شركت كيهان راه شرق (سهامي خاص),1405,محمدمختاري,1405/04/02,12:41:51, ويرايش موجوديت,انبار,سند انبار,3832,1405/03/04,سند درخواست كالا از انبار با شماره 3832 ثبت شد
,شركت كيهان راه شرق (سهامي خاص),1405,صابونيزاده1,1405/04/02,12:41:24, ويرايش موجوديت,انبار,سند انبار,7117,1405/03/09,سند رسيد خريد  با شماره 7117 ثبت شد
,شركت دنا بنيان بيرجند (سهامي خاص),1404,سلطاني2,1405/04/02,12:41:11, ويرايش موجوديت,خزانه داري,سند حسابداري,8127,1404/11/30,سند عمومي با شماره 8127 تاييد شد
,شركت كيهان راه شرق (سهامي خاص),1405,كسري_دهقان1,1405/04/02,12:41:04,موجوديت جديد,حسابداري,سند حسابداري,2639,1405/03/17,سند عمومي با شماره ثابت 2639 ذخيره شد
,شركت قدرت ايمان كوير(سهامي خاص),1404,شاهروديان3,1405/04/02,12:40:41, ويرايش موجوديت,خزانه داري,سند حسابداري,7746,1404/08/04,سند عمومي با شماره 7746 تاييد شد
,شركت كيهان راه شرق (سهامي خاص),1405,سپهريان1,1405/04/02,12:40:30, ويرايش موجوديت,خزانه داري,سند خزانه داري,327,1405/04/01,سند اعلاميه برداشت ريالي با شماره 327 ذخيره شد
,شركت كيهان راه شرق (سهامي خاص),1405,اكبري1,1405/04/02,12:40:02,ورود موفق,,نشست,,,
,شركت قدرت ايمان كوير(سهامي خاص),1404,شاهروديان3,1405/04/02,12:39:50, ويرايش موجوديت,خزانه داري,سند حسابداري,7747,1404/08/05,سند عمومي با شماره 7747 تاييد شد
,شركت قدرت ايمان كوير(سهامي خاص),1404,شاهروديان3,1405/04/02,12:39:43, ويرايش موجوديت,خزانه داري,سند حسابداري,7748,1404/08/04,سند عمومي با شماره 7748 تاييد شد
,شركت قدرت ايمان كوير(سهامي خاص),1405,جعفري3,1405/04/02,12:39:42,موجوديت جديد,خزانه داري,سند حسابداري,7945,1404/09/15,سند عمومي با شماره 7945 ذخيره شد
,شركت دنا بنيان بيرجند (سهامي خاص),1404,كارآموز2,1405/04/02,12:39:33, ويرايش موجوديت,خزانه داري,سند حسابداري,8272,1404/12/23,سند عمومي با شماره 8272 ذخيره شد
,شركت دنا بنيان بيرجند (سهامي خاص),1404,سلطاني2,1405/04/02,12:39:31,ورود موفق,,نشست,,,
,شركت قدرت ايمان كوير(سهامي خاص),1404,شاهروديان3,1405/04/02,12:39:20, ويرايش موجوديت,خزانه داري,سند حسابداري,7749,1404/08/04,سند عمومي با شماره 7749 تاييد شد
,شركت قدرت ايمان كوير(سهامي خاص),1405,جعفري3,1405/04/02,12:39:09,موجوديت جديد,خزانه داري,سند خزانه داري,2305,1404/09/15,سند صورت هزينه تنخواه با شماره 2305 ذخيره شد
,شركت قدرت ايمان كوير(سهامي خاص),1404,شاهروديان3,1405/04/02,12:38:45, ويرايش موجوديت,خزانه داري,سند حسابداري,7750,1404/08/03,سند عمومي با شماره 7750 تاييد شد
,شركت كيهان راه شرق (سهامي خاص),1405,كريمزاده1,1405/04/02,12:38:32,موجوديت جديد,انبار,سند انبار,7937,1405/03/18,سند رسيد خريد  با شماره 7937 ثبت شد
,شركت دنا بنيان بيرجند (سهامي خاص),1404,كارآموز2,1405/04/02,12:38:20,ورود موفق,,نشست,,,
,شركت قدرت ايمان كوير(سهامي خاص),1404,جوانمرد3,1405/04/02,12:38:13, ويرايش موجوديت,خزانه داري,سند حسابداري,7750,1404/08/03,سند عمومي با شماره 7750 ذخيره شد
,شركت قدرت ايمان كوير(سهامي خاص),1404,شاهروديان3,1405/04/02,12:37:37, ويرايش موجوديت,خزانه داري,سند حسابداري,7751,1404/08/03,سند عمومي با شماره 7751 تاييد شد
,شركت كيهان راه شرق (سهامي خاص),1405,كسري_دهقان1,1405/04/02,12:37:36,موجوديت جديد,حسابداري,سند حسابداري,2638,1405/03/24,سند عمومي با شماره ثابت 2638 ذخيره شد
,شركت قدرت ايمان كوير(سهامي خاص),1404,شاهروديان3,1405/04/02,12:37:31, ويرايش موجوديت,خزانه داري,سند حسابداري,7752,1404/08/02,سند عمومي با شماره 7752 تاييد شد
,شركت كيهان راه شرق (سهامي خاص),1405,اجنوردي1,1405/04/02,12:37:20, ويرايش موجوديت,انبار,سند انبار,885,1405/02/12,سند حواله مصرف ماشين آلات با شماره 885 ثبت شد
,شركت قدرت ايمان كوير(سهامي خاص),1404,جوانمرد3,1405/04/02,12:37:18, ويرايش موجوديت,خزانه داري,سند حسابداري,7751,1404/08/03,سند عمومي با شماره 7751 ذخيره شد
,شركت قدرت ايمان كوير(سهامي خاص),1404,قاسمي3,1405/04/02,12:36:54, ويرايش موجوديت,خزانه داري,سند حسابداري,6358,1404/12/27,سند عمومي با شماره 6358 تاييد شد
,شركت قدرت ايمان كوير(سهامي خاص),1405,جعفري3,1405/04/02,12:36:35,موجوديت جديد,خزانه داري,سند حسابداري,7944,1404/09/15,سند عمومي با شماره 7944 ذخيره شد
,شركت قدرت ايمان كوير(سهامي خاص),1404,جوانمرد3,1405/04/02,12:36:30, ويرايش موجوديت,خزانه داري,سند حسابداري,7752,1404/08/02,سند عمومي با شماره 7752 ذخيره شد
,شركت قدرت ايمان كوير(سهامي خاص),1405,جعفري3,1405/04/02,12:36:00,موجوديت جديد,خزانه داري,سند خزانه داري,2304,1404/09/15,سند صورت هزينه تنخواه با شماره 2304 ذخيره شد
,شركت كيهان راه شرق (سهامي خاص),1405,فرامرزسليماني,1405/04/02,12:35:49,موجوديت جديد,انبار,سند انبار,4653,1405/04/02,سند تاييد درخواست كالا با شماره 4653 ثبت شد
,شركت كيهان راه شرق (سهامي خاص),1405,صابونيزاده1,1405/04/02,12:35:04, ويرايش موجوديت,انبار,سند انبار,6012,1405/03/10,سند رسيد خريد  با شماره 6012 ثبت شد
,شركت قدرت ايمان كوير(سهامي خاص),1405,كاظميان3,1405/04/02,12:34:29, ويرايش موجوديت,خزانه داري,سند حسابداري,7943,1404/07/10,سند عمومي با شماره 7943 ذخيره شد
,شركت قدرت ايمان كوير(سهامي خاص),1405,كاظميان3,1405/04/02,12:34:26,موجوديت جديد,خزانه داري,سند حسابداري,7943,1404/07/10,سند عمومي با شماره 7943 ذخيره شد
,شركت كيهان راه شرق (سهامي خاص),1405,عليرضاسالاري,1405/04/02,12:33:59, ويرايش موجوديت,انبار,سند انبار,4875,1405/03/19,سند درخواست كالا از انبار با شماره 4875 ثبت شد
,شركت كيهان راه شرق (سهامي خاص),1405,صابونيزاده1,1405/04/02,12:33:55, ويرايش موجوديت,انبار,سند انبار,6011,1405/03/10,سند رسيد خريد  با شماره 6011 ثبت شد
,شركت قدرت ايمان كوير(سهامي خاص),1405,كاظميان3,1405/04/02,12:33:44,موجوديت جديد,خزانه داري,سند خزانه داري,2303,1404/07/10,سند صورت هزينه تنخواه با شماره 2303 ذخيره شد
,شركت كيهان راه شرق (سهامي خاص),1405,سپهريان1,1405/04/02,12:33:19, ويرايش موجوديت,خزانه داري,سند خزانه داري,327,1405/04/01,سند اعلاميه برداشت ريالي با شماره 327 ذخيره شد
,شركت كيهان راه شرق (سهامي خاص),1405,عليرضاسالاري,1405/04/02,12:32:51, ويرايش موجوديت,انبار,سند انبار,5961,1405/04/02,سند درخواست كالا از انبار با شماره 5961 ثبت شد
,شركت كيهان راه شرق (سهامي خاص),1405,اجنوردي1,1405/04/02,12:32:45,موجوديت جديد,انبار,سند انبار,5977,1405/04/02,سند درخواست كالا از انبار با شماره 5977 ثبت شد
,شركت كيهان راه شرق (سهامي خاص),1405,فرامرزسليماني,1405/04/02,12:32:35, ويرايش موجوديت,انبار,سند انبار,5677,1405/03/28,سند درخواست كالا از انبار با شماره 5677 ثبت شد
,شركت كيهان راه شرق (سهامي خاص),1405,فرامرزسليماني,1405/04/02,12:32:23,موجوديت جديد,انبار,سند انبار,4652,1405/04/02,سند تاييد درخواست كالا با شماره 4652 ثبت شد
,شركت كيهان راه شرق (سهامي خاص),1405,عليرضاسالاري,1405/04/02,12:32:15, ويرايش موجوديت,انبار,سند انبار,5961,1405/04/02,سند درخواست كالا از انبار با شماره 5961 ثبت شد
,شركت كيهان راه شرق (سهامي خاص),1404,برهان,1405/04/02,12:32:12,ورود موفق,,نشست,,,
,شركت كيهان راه شرق (سهامي خاص),1405,فرامرزسليماني,1405/04/02,12:32:08, ويرايش موجوديت,انبار,سند انبار,5677,1405/03/28,سند درخواست كالا از انبار با شماره 5677 ثبت شد
,,,برهان,1405/04/02,12:32:08,ورود ناموفق (عدم صحت نام کاربر يا کلمه عبور),,نشست,,,
,شركت كيهان راه شرق (سهامي خاص),1405,عليرضاسالاري,1405/04/02,12:31:19, ويرايش موجوديت,انبار,سند انبار,5964,1405/04/02,سند درخواست كالا از انبار با شماره 5964 ثبت شد
,شركت كيهان راه شرق (سهامي خاص),1405,عليرضاسالاري,1405/04/02,12:30:32, ويرايش موجوديت,انبار,سند انبار,5964,1405/04/02,سند درخواست كالا از انبار با شماره 5964 ثبت شد
,شركت كيهان راه شرق (سهامي خاص),1405,عبدپور_طرق,1405/04/02,12:29:59,موجوديت جديد,انبار,سند انبار,7936,1405/04/01,سند رسيد خريد  با شماره 7936 ثبت شد
,شركت كيهان راه شرق (سهامي خاص),1404,الاجگردي1,1405/04/02,12:29:47,موجوديت جديد,حسابداري,سند حسابداري,30754,1404/12/28,سند عمومي با شماره ثابت 30754 ذخيره شد
,شركت قدرت ايمان كوير(سهامي خاص),1405,جعفري3,1405/04/02,12:29:39,موجوديت جديد,خزانه داري,سند حسابداري,7942,1404/09/15,سند عمومي با شماره 7942 ذخيره شد
,شركت كيهان راه شرق (سهامي خاص),1405,فرامرزسليماني,1405/04/02,12:29:25, ويرايش موجوديت,انبار,سند انبار,5673,1405/03/28,سند درخواست كالا از انبار با شماره 5673 ثبت شد
,شركت كيهان راه شرق (سهامي خاص),1404,فرهمند1,1405/04/02,12:29:18,ورود موفق,,نشست,,,
,شركت كيهان راه شرق (سهامي خاص),1405,فرامرزسليماني,1405/04/02,12:29:13,موجوديت جديد,انبار,سند انبار,4651,1405/04/02,سند تاييد درخواست كالا با شماره 4651 ثبت شد
,شركت كيهان راه شرق (سهامي خاص),1405,فرامرزسليماني,1405/04/02,12:29:04, ويرايش موجوديت,انبار,سند انبار,5673,1405/03/28,سند درخواست كالا از انبار با شماره 5673 ثبت شد
,شركت قدرت ايمان كوير(سهامي خاص),1405,كاظميان3,1405/04/02,12:28:54,موجوديت جديد,خزانه داري,سند حسابداري,7941,1404/07/11,سند عمومي با شماره 7941 ذخيره شد
,شركت قدرت ايمان كوير(سهامي خاص),1405,جعفري3,1405/04/02,12:28:15,موجوديت جديد,خزانه داري,سند خزانه داري,2302,1404/09/15,سند صورت هزينه تنخواه با شماره 2302 ذخيره شد
,شركت قدرت ايمان كوير(سهامي خاص),1405,كاظميان3,1405/04/02,12:28:13, ويرايش موجوديت,خزانه داري,سند خزانه داري,2301,1404/07/11,سند صورت هزينه تنخواه با شماره 2301 ذخيره شد
,شركت كيهان راه شرق (سهامي خاص),1405,كريمزاده1,1405/04/02,12:28:01, ويرايش موجوديت,انبار,سند انبار,3944,1405/03/31,سند حواله مصرف ماشين آلات با شماره 3944 ثبت شد
,شركت كيهان راه شرق (سهامي خاص),1405,كريمزاده1,1405/04/02,12:27:48, ويرايش موجوديت,انبار,سند انبار,1680,1405/04/02,سند حواله انتقال بين انبار با شماره 1680 ثبت شد
,شركت كيهان راه شرق (سهامي خاص),1405,صابونيزاده1,1405/04/02,12:27:42, ويرايش موجوديت,انبار,سند انبار,5996,1405/03/02,سند رسيد خريد  با شماره 5996 ثبت شد
,شركت كيهان راه شرق (سهامي خاص),1405,كريمزاده1,1405/04/02,12:27:14, ويرايش موجوديت,انبار,سند انبار,3944,1405/03/31,سند حواله مصرف ماشين آلات با شماره 3944 ثبت شد
,شركت قدرت ايمان كوير(سهامي خاص),1405,كاظميان3,1405/04/02,12:26:37,موجوديت جديد,خزانه داري,سند خزانه داري,2301,1404/07/11,سند صورت هزينه تنخواه با شماره 2301 ذخيره شد
,شركت كيهان راه شرق (سهامي خاص),1404,الاجگردي1,1405/04/02,12:26:23,ورود موفق,,نشست,,,
,شركت كيهان راه شرق (سهامي خاص),1405,صابونيزاده1,1405/04/02,12:26:05, ويرايش موجوديت,انبار,سند انبار,6005,1405/03/02,سند رسيد خريد  با شماره 6005 ثبت شد
,شركت كيهان راه شرق (سهامي خاص),1405,فرامرزسليماني,1405/04/02,12:26:03, ويرايش موجوديت,انبار,سند انبار,5674,1405/03/28,سند درخواست كالا از انبار با شماره 5674 ثبت شد
,شركت كيهان راه شرق (سهامي خاص),1405,سپهريان1,1405/04/02,12:26:00, ويرايش موجوديت,خزانه داري,سند خزانه داري,327,1405/04/01,سند اعلاميه برداشت ريالي با شماره 327 ذخيره شد
,شركت كيهان راه شرق (سهامي خاص),1405,جوانمرد1,1405/04/02,12:25:37,موجوديت جديد,خزانه داري,سند حسابداري,2637,1405/03/04,سند عمومي با شماره 2637 ذخيره شد
,شركت كيهان راه شرق (سهامي خاص),1405,كريمزاده1,1405/04/02,12:25:35, ويرايش موجوديت,انبار,سند انبار,3944,1405/03/31,سند حواله مصرف ماشين آلات با شماره 3944 ثبت شد
,شركت كيهان راه شرق (سهامي خاص),1405,كريمزاده1,1405/04/02,12:25:22,موجوديت جديد,انبار,سند انبار,1680,1405/04/02,سند حواله انتقال بين انبار با شماره 1680 ثبت شد
,شركت كيهان راه شرق (سهامي خاص),1405,فرامرزسليماني,1405/04/02,12:25:12, ويرايش موجوديت,انبار,سند انبار,5674,1405/03/28,سند درخواست كالا از انبار با شماره 5674 ثبت شد
,شركت كيهان راه شرق (سهامي خاص),1405,كريمزاده1,1405/04/02,12:24:26, ويرايش موجوديت,انبار,سند انبار,3944,1405/03/31,سند حواله مصرف ماشين آلات با شماره 3944 ثبت شد
,شركت كيهان راه شرق (سهامي خاص),1405,جوانمرد1,1405/04/02,12:24:24, ويرايش موجوديت,خزانه داري,سند خزانه داري,282,1405/03/04,سند صورت هزينه تنخواه با شماره 282 ذخيره شد
,شركت كيهان راه شرق (سهامي خاص),1405,جوانمرد1,1405/04/02,12:24:12, ويرايش موجوديت,خزانه داري,سند خزانه داري,282,1405/03/04,سند صورت هزينه تنخواه با شماره 282 ذخيره شد
,شركت كيهان راه شرق (سهامي خاص),1405,صابونيزاده1,1405/04/02,12:23:25, ويرايش موجوديت,انبار,سند انبار,6002,1405/02/29,سند رسيد خريد  با شماره 6002 ثبت شد
,شركت كيهان راه شرق (سهامي خاص),1405,كريمزاده1,1405/04/02,12:22:50, ويرايش موجوديت,انبار,سند انبار,3944,1405/03/31,سند حواله مصرف ماشين آلات با شماره 3944 ثبت شد
,شركت كيهان راه شرق (سهامي خاص),1405,جوانمرد1,1405/04/02,12:22:43, ويرايش موجوديت,خزانه داري,سند خزانه داري,282,1405/03/04,سند صورت هزينه تنخواه با شماره 282 ذخيره شد
,شركت كيهان راه شرق (سهامي خاص),1405,سپهريان1,1405/04/02,12:22:37, ويرايش موجوديت,خزانه داري,سند خزانه داري,327,1405/04/01,سند اعلاميه برداشت ريالي با شماره 327 ذخيره شد
,شركت قدرت ايمان كوير(سهامي خاص),1405,كاظميان3,1405/04/02,12:22:06, ويرايش موجوديت,خزانه داري,سند حسابداري,7940,1404/07/12,سند عمومي با شماره 7940 ذخيره شد
,شركت قدرت ايمان كوير(سهامي خاص),1405,كاظميان3,1405/04/02,12:21:58,موجوديت جديد,خزانه داري,سند حسابداري,7940,1404/07/12,سند عمومي با شماره 7940 ذخيره شد
,شركت قدرت ايمان كوير(سهامي خاص),1404,نيكنام3,1405/04/02,12:21:52,موجوديت جديد,حسابداري,سند حسابداري,7940,1404/11/13,سند عمومي با شماره ثابت 7940 ذخيره شد
,شركت كيهان راه شرق (سهامي خاص),1405,جوانمرد1,1405/04/02,12:21:43, ويرايش موجوديت,خزانه داري,سند خزانه داري,282,1405/03/04,سند صورت هزينه تنخواه با شماره 282 ذخيره شد
,شركت كيهان راه شرق (سهامي خاص),1405,كريمزاده1,1405/04/02,12:21:38, ويرايش موجوديت,انبار,سند انبار,3944,1405/03/31,سند حواله مصرف ماشين آلات با شماره 3944 ثبت شد
,شركت كيهان راه شرق (سهامي خاص),1405,اجنوردي1,1405/04/02,12:21:07,موجوديت جديد,انبار,سند انبار,1445,1405/02/12,سند رسيد انتقال بين انبار با شماره 1445 ثبت شد
,شركت كيهان راه شرق (سهامي خاص),1405,كريمزاده1,1405/04/02,12:21:07,موجوديت جديد,انبار,سند انبار,7935,1405/03/18,سند رسيد خريد  با شماره 7935 ثبت شد
,شركت كيهان راه شرق (سهامي خاص),1405,صابونيزاده1,1405/04/02,12:21:01, ويرايش موجوديت,انبار,سند انبار,6003,1405/02/31,سند رسيد خريد  با شماره 6003 ثبت شد
,شركت كيهان راه شرق (سهامي خاص),1405,عليزاده,1405/04/02,12:20:49, ويرايش موجوديت,انبار,سند انبار,5974,1405/04/02,سند درخواست كالا از انبار با شماره 5974 ثبت شد
,شركت كيهان راه شرق (سهامي خاص),1405,كريمزاده1,1405/04/02,12:20:13, ويرايش موجوديت,انبار,سند انبار,3944,1405/03/31,سند حواله مصرف ماشين آلات با شماره 3944 ثبت شد
,شركت كيهان راه شرق (سهامي خاص),1405,فرامرزسليماني,1405/04/02,12:19:58,موجوديت جديد,انبار,سند انبار,4650,1405/04/02,سند تاييد درخواست كالا با شماره 4650 ثبت شد
,شركت باراد معدن فلات شرق,1405,كارآموز,1405/04/02,12:19:48,ورود موفق,,نشست,,,
,شركت كيهان راه شرق (سهامي خاص),1405,فرامرزسليماني,1405/04/02,12:19:43, ويرايش موجوديت,انبار,سند انبار,5675,1405/03/28,سند درخواست كالا از انبار با شماره 5675 ثبت شد
,شركت كيهان راه شرق (سهامي خاص),1405,فرامرزسليماني,1405/04/02,12:19:29, ويرايش موجوديت,انبار,سند انبار,5675,1405/03/28,سند درخواست كالا از انبار با شماره 5675 ثبت شد
,شركت قدرت ايمان كوير(سهامي خاص),1404,قاسمي3,1405/04/02,12:19:29, ويرايش موجوديت,خزانه داري,سند حسابداري,6354,1404/12/28,سند عمومي با شماره 6354 تاييد شد
,شركت كيهان راه شرق (سهامي خاص),1405,اجنوردي1,1405/04/02,12:18:59, ويرايش موجوديت,انبار,سند انبار,1444,1405/02/12,سند رسيد انتقال بين انبار با شماره 1444 ثبت شد
,شركت قدرت ايمان كوير(سهامي خاص),1404,قاسمي3,1405/04/02,12:18:48, ويرايش موجوديت,خزانه داري,سند حسابداري,6345,1404/12/27,سند عمومي با شماره 6345 تاييد شد
,شركت قدرت ايمان كوير(سهامي خاص),1404,نيكنام3,1405/04/02,12:18:39,موجوديت جديد,حسابداري,سند حسابداري,7939,1404/11/15,سند عمومي با شماره ثابت 7939 ذخيره شد
,شركت قدرت ايمان كوير(سهامي خاص),1405,كاظميان3,1405/04/02,12:18:36,موجوديت جديد,خزانه داري,سند خزانه داري,2300,1404/07/12,سند صورت هزينه تنخواه با شماره 2300 ذخيره شد
,شركت كيهان راه شرق (سهامي خاص),1405,صابونيزاده1,1405/04/02,12:16:50, ويرايش موجوديت,انبار,سند انبار,6004,1405/02/31,سند رسيد خريد  با شماره 6004 ثبت شد
,شركت كيهان راه شرق (سهامي خاص),1404,آقاحاجي1,1405/04/02,12:16:39,ورود موفق,,نشست,,,
,شركت كيهان راه شرق (سهامي خاص),1405,كريمزاده1,1405/04/02,12:16:26, ويرايش موجوديت,انبار,سند انبار,3944,1405/03/31,سند حواله مصرف ماشين آلات با شماره 3944 ثبت شد
,شركت كيهان راه شرق (سهامي خاص),1405,ضيا,1405/04/02,12:16:23,موجوديت جديد,انبار,سند انبار,2543,1405/03/24,سند حواله مصرف  با شماره 2543 ثبت شد
,شركت كيهان راه شرق (سهامي خاص),1405,عليرضاسالاري,1405/04/02,12:16:17,ورود موفق,,نشست,,,
,شركت دنا بنيان بيرجند (سهامي خاص),1405,فرهمند2,1405/04/02,12:16:02,ورود موفق,,نشست,,,
,شركت كيهان راه شرق (سهامي خاص),1405,اجنوردي1,1405/04/02,12:16:00,موجوديت جديد,انبار,سند انبار,1444,1405/04/02,سند رسيد انتقال بين انبار با شماره 1444 ثبت شد
,احداث راه پاسارگاد,1405,فاطمي16,1405/04/02,12:15:55, ويرايش موجوديت,حسابداري,سند حسابداري,153,1405/03/31,سند عمومي با شماره 153 تاييد شد
,احداث راه پاسارگاد,1405,فاطمي16,1405/04/02,12:15:46, ويرايش موجوديت,حسابداري,سند حسابداري,153,1405/03/31,سند عمومي با شماره ثابت 153 ذخيره شد
,شركت كيهان راه شرق (سهامي خاص),1405,كريمزاده1,1405/04/02,12:15:25, ويرايش موجوديت,انبار,سند انبار,3944,1405/03/31,سند حواله مصرف ماشين آلات با شماره 3944 ثبت شد
,شركت كيهان راه شرق (سهامي خاص),1405,كسري_دهقان1,1405/04/02,12:15:13,موجوديت جديد,حسابداري,سند حسابداري,2636,1405/03/22,سند عمومي با شماره ثابت 2636 ذخيره شد
,شركت كيهان راه شرق (سهامي خاص),1405,صابونيزاده1,1405/04/02,12:14:13, ويرايش موجوديت,انبار,سند انبار,5996,1405/03/02,سند رسيد خريد  با شماره 5996 ثبت شد
,شركت قدرت ايمان كوير(سهامي خاص),1405,كاظميان3,1405/04/02,12:13:20,موجوديت جديد,خزانه داري,سند حسابداري,7937,1404/07/12,سند عمومي با شماره 7937 ذخيره شد
,شركت كيهان راه شرق (سهامي خاص),1405,كريمزاده1,1405/04/02,12:13:15,موجوديت جديد,انبار,سند انبار,3946,1405/03/30,سند حواله مصرف ماشين آلات با شماره 3946 ثبت شد
,شركت قدرت ايمان كوير(سهامي خاص),1405,كاظميان3,1405/04/02,12:12:47,موجوديت جديد,خزانه داري,سند خزانه داري,2299,1404/07/12,سند صورت هزينه تنخواه با شماره 2299 ذخيره شد
,شركت كيهان راه شرق (سهامي خاص),1404,نباتي1,1405/04/02,12:12:21, ويرايش موجوديت,حسابداري,سند حسابداري,12222,1404/08/18,سند عمومي با شماره 12222 تاييد شد
,شركت كيهان راه شرق (سهامي خاص),1405,سپهريان1,1405/04/02,12:12:16, ويرايش موجوديت,خزانه داري,سند خزانه داري,327,1405/04/01,سند اعلاميه برداشت ريالي با شماره 327 ذخيره شد
,شركت قدرت ايمان كوير(سهامي خاص),1404,قاسمي3,1405/04/02,12:12:11, ويرايش موجوديت,خزانه داري,سند حسابداري,6170,1404/12/21,سند عمومي با شماره 6170 تاييد شد
,شركت كيهان راه شرق (سهامي خاص),1405,كريمزاده1,1405/04/02,12:11:58,موجوديت جديد,انبار,سند انبار,7934,1405/03/14,سند رسيد خريد  با شماره 7934 ثبت شد
,شركت كيهان راه شرق (سهامي خاص),1404,نباتي1,1405/04/02,12:11:52, ويرايش موجوديت,حسابداري,سند حسابداري,12222,1404/08/18,سند عمومي با شماره ثابت 12222 ذخيره شد
,شركت كيهان راه شرق (سهامي خاص),1405,ضيا,1405/04/02,12:10:57,موجوديت جديد,انبار,سند انبار,7933,1405/03/24,سند رسيد خريد  با شماره 7933 ثبت شد
,شركت كيهان راه شرق (سهامي خاص),1405,عليرضاسالاري,1405/04/02,12:10:27, ويرايش موجوديت,انبار,سند انبار,5961,1405/04/02,سند درخواست كالا از انبار با شماره 5961 ثبت شد
,شركت كيهان راه شرق (سهامي خاص),1405,صابونيزاده1,1405/04/02,12:09:34, ويرايش موجوديت,انبار,سند انبار,7088,1405/03/09,سند رسيد خريد  با شماره 7088 ثبت شد
,شركت كيهان راه شرق (سهامي خاص),1405,سپهريان1,1405/04/02,12:09:12, ويرايش موجوديت,خزانه داري,سند خزانه داري,327,1405/04/01,سند اعلاميه برداشت ريالي با شماره 327 ذخيره شد
,شركت قدرت ايمان كوير(سهامي خاص),1404,قاسمي3,1405/04/02,12:08:59, ويرايش موجوديت,خزانه داري,سند حسابداري,6121,1404/12/18,سند عمومي با شماره 6121 تاييد شد
,شركت قدرت ايمان كوير(سهامي خاص),1404,قاسمي3,1405/04/02,12:08:01, ويرايش موجوديت,خزانه داري,سند حسابداري,5380,1404/11/16,سند عمومي با شماره 5380 تاييد شد
,شركت قدرت ايمان كوير(سهامي خاص),1404,قاسمي3,1405/04/02,12:07:24, ويرايش موجوديت,خزانه داري,سند حسابداري,6067,1404/12/17,سند عمومي با شماره 6067 تاييد شد
,شركت دنا بنيان بيرجند (سهامي خاص),1405,آقاحاجي2,1405/04/02,12:07:18,موجوديت جديد,حسابداري,سند حسابداري,8982,1404/07/01,سند عمومي با شماره ثابت 8982 ذخيره شد
,شركت كيهان راه شرق (سهامي خاص),1405,عليرضاسالاري,1405/04/02,12:06:58, ويرايش موجوديت,انبار,سند انبار,5963,1405/04/02,سند درخواست كالا از انبار با شماره 5963 ثبت شد
,شركت قدرت ايمان كوير(سهامي خاص),1404,قاسمي3,1405/04/02,12:05:47, ويرايش موجوديت,خزانه داري,سند حسابداري,6051,1404/12/14,سند عمومي با شماره 6051 تاييد شد
,شركت كيهان راه شرق (سهامي خاص),1405,كريمزاده1,1405/04/02,12:05:39,موجوديت جديد,انبار,سند انبار,7932,1405/03/20,سند رسيد خريد  با شماره 7932 ثبت شد
,شركت كيهان راه شرق (سهامي خاص),1404,اميررضارحيمي1,1405/04/02,12:04:33, ويرايش موجوديت,حسابداري,سند حسابداري,21286,1404/01/14,سند عمومي با شماره 21286 تاييد شد
,شركت كيهان راه شرق (سهامي خاص),1405,عليرضاسالاري,1405/04/02,12:04:06, ويرايش موجوديت,انبار,سند انبار,5963,1405/04/02,سند درخواست كالا از انبار با شماره 5963 ثبت شد
,شركت كيهان راه شرق (سهامي خاص),1405,عليزاده,1405/04/02,12:03:28, ويرايش موجوديت,انبار,سند انبار,5929,1405/04/01,سند درخواست كالا از انبار با شماره 5929 ثبت شد
,شركت كيهان راه شرق (سهامي خاص),1404,اميررضارحيمي1,1405/04/02,12:03:03, ويرايش موجوديت,حسابداري,سند حسابداري,21286,1404/01/14,سند عمومي با شماره ثابت 21286 ذخيره شد
,شركت كيهان راه شرق (سهامي خاص),1405,محمد رضايي,1405/04/02,12:02:47, ويرايش موجوديت,انبار,سند انبار,963,1405/02/10,سند حواله انتقال بين انبار با شماره 963 ثبت شد
,شركت كيهان راه شرق (سهامي خاص),1404,نباتي1,1405/04/02,12:02:16, ويرايش موجوديت,حسابداري,سند حسابداري,16746,1404/09/25,سند عمومي با شماره 16746 تاييد شد
,شركت كيهان راه شرق (سهامي خاص),1404,نباتي1,1405/04/02,12:02:11, ويرايش موجوديت,حسابداري,سند حسابداري,16746,1404/09/25,سند عمومي با شماره ثابت 16746 ذخيره شد
,شركت قدرت ايمان كوير(سهامي خاص),1405,جعفري3,1405/04/02,12:01:55,موجوديت جديد,خزانه داري,سند حسابداري,7936,1404/12/19,سند عمومي با شماره 7936 ذخيره شد
,صولت پارس آمود,1404,سلطاني7,1405/04/02,12:01:53, ويرايش موجوديت,خزانه داري,سند حسابداري,4334,1404/12/29,سند عمومي با شماره 4334 تاييد شد
,شركت قدرت ايمان كوير(سهامي خاص),1404,شاهروديان3,1405/04/02,12:01:12, ويرايش موجوديت,خزانه داري,سند حسابداري,7649,1404/07/01,سند عمومي با شماره 7649 تاييد شد
,شركت كيهان راه شرق (سهامي خاص),1405,كسري_دهقان1,1405/04/02,12:01:00,موجوديت جديد,حسابداري,سند حسابداري,2635,1405/03/09,سند عمومي با شماره ثابت 2635 ذخيره شد
,شركت كيهان راه شرق (سهامي خاص),1404,برهان,1405/04/02,12:00:49, ويرايش موجوديت,حسابداري,سند حسابداري,21286,1404/01/14,سند عمومي با شماره 21286 برگشت از تاييد شد
,شركت قدرت ايمان كوير(سهامي خاص),1404,شاهروديان3,1405/04/02,12:00:39, ويرايش موجوديت,خزانه داري,سند حسابداري,7648,1404/07/01,سند عمومي با شماره 7648 تاييد شد
,شركت كيهان راه شرق (سهامي خاص),1405,محمد رضايي,1405/04/02,12:00:36, ويرايش موجوديت,انبار,سند انبار,963,1405/02/10,سند حواله انتقال بين انبار با شماره 963 ثبت شد
,شركت قدرت ايمان كوير(سهامي خاص),1405,جعفري3,1405/04/02,12:00:34,موجوديت جديد,خزانه داري,سند خزانه داري,2298,1404/12/19,سند صورت هزينه تنخواه با شماره 2298 ذخيره شد
,شركت قدرت ايمان كوير(سهامي خاص),1404,جوانمرد3,1405/04/02,12:00:27, ويرايش موجوديت,خزانه داري,سند حسابداري,7648,1404/07/01,سند عمومي با شماره 7648 ذخيره شد
,شركت كيهان راه شرق (سهامي خاص),1405,كريمزاده1,1405/04/02,12:00:13,موجوديت جديد,انبار,سند انبار,7931,1405/03/16,سند رسيد خريد  با شماره 7931 ثبت شد
,شركت دنا بنيان بيرجند (سهامي خاص),1405,آقاحاجي2,1405/04/02,12:00:12,ورود موفق,,نشست,,,
,شركت قدرت ايمان كوير(سهامي خاص),1404,شاهروديان3,1405/04/02,12:00:03, ويرايش موجوديت,خزانه داري,سند حسابداري,7647,1404/07/01,سند عمومي با شماره 7647 تاييد شد
,شركت كيهان راه شرق (سهامي خاص),1405,محمد رضايي,1405/04/02,11:59:59, ويرايش موجوديت,انبار,سند انبار,4549,1405/02/10,سند رسيد خريد  با شماره 4549 ثبت شد
,شركت كيهان راه شرق (سهامي خاص),1405,محمد رضايي,1405/04/02,11:59:48, ويرايش موجوديت,انبار,سند انبار,4549,1405/02/10,سند رسيد خريد  با شماره 4549 ثبت شد
,شركت كيهان راه شرق (سهامي خاص),1404,برهان,1405/04/02,11:59:47,ورود موفق,,نشست,,,
,شركت قدرت ايمان كوير(سهامي خاص),1404,شاهروديان3,1405/04/02,11:59:42, ويرايش موجوديت,خزانه داري,سند حسابداري,7646,1404/07/01,سند عمومي با شماره 7646 تاييد شد
,شركت قدرت ايمان كوير(سهامي خاص),1405,كاظميان3,1405/04/02,11:59:37,موجوديت جديد,خزانه داري,سند حسابداري,7935,1404/07/12,سند عمومي با شماره 7935 ذخيره شد
,شركت قدرت ايمان كوير(سهامي خاص),1404,شاهروديان3,1405/04/02,11:59:14, ويرايش موجوديت,خزانه داري,سند حسابداري,7644,1404/07/02,سند عمومي با شماره 7644 تاييد شد
,شركت قدرت ايمان كوير(سهامي خاص),1405,كاظميان3,1405/04/02,11:59:07, ويرايش موجوديت,خزانه داري,سند خزانه داري,2297,1404/07/12,سند صورت هزينه تنخواه با شماره 2297 ذخيره شد
,شركت قدرت ايمان كوير(سهامي خاص),1405,كاظميان3,1405/04/02,11:58:58,موجوديت جديد,خزانه داري,سند خزانه داري,2297,1404/07/12,سند صورت هزينه تنخواه با شماره 2297 ذخيره شد
,شركت قدرت ايمان كوير(سهامي خاص),1404,شاهروديان3,1405/04/02,11:58:53, ويرايش موجوديت,خزانه داري,سند حسابداري,7645,1404/07/02,سند عمومي با شماره 7645 تاييد شد
,شركت كيهان راه شرق (سهامي خاص),1405,محمد رضايي,1405/04/02,11:58:33, ويرايش موجوديت,انبار,سند انبار,963,1405/02/10,سند حواله انتقال بين انبار با شماره 963 ثبت شد
,شركت كيهان راه شرق (سهامي خاص),1405,محمد رضايي,1405/04/02,11:58:21, ويرايش موجوديت,انبار,سند انبار,963,1405/02/10,سند حواله انتقال بين انبار با شماره 963 ثبت شد
,شركت قدرت ايمان كوير(سهامي خاص),1404,شاهروديان3,1405/04/02,11:58:20, ويرايش موجوديت,خزانه داري,سند حسابداري,7643,1404/07/02,سند عمومي با شماره 7643 تاييد شد
,شركت دنا بنيان بيرجند (سهامي خاص),1404,الاجگردي2,1405/04/02,11:58:01, ويرايش موجوديت,خزانه داري,سند حسابداري,8268,1404/12/05,سند عمومي با شماره 8268 تاييد شد
,شركت قدرت ايمان كوير(سهامي خاص),1405,جعفري3,1405/04/02,11:57:59,موجوديت جديد,خزانه داري,سند حسابداري,7934,1404/12/20,سند عمومي با شماره 7934 ذخيره شد
,شركت قدرت ايمان كوير(سهامي خاص),1405,جعفري3,1405/04/02,11:57:42,موجوديت جديد,خزانه داري,سند خزانه داري,2296,1404/12/20,سند صورت هزينه تنخواه با شماره 2296 ذخيره شد
,شركت كيهان راه شرق (سهامي خاص),1405,ضيا,1405/04/02,11:57:06,موجوديت جديد,انبار,سند انبار,883,1405/03/31,سند حواله  اماني ما نزد ديگران با شماره 883 ثبت شد
,شركت كيهان راه شرق (سهامي خاص),1405,محمد رضايي,1405/04/02,11:56:52, حذف موجوديت,انبار,سند انبار,871,1405/02/12,سند رسيد انتقال بين انبار با شماره 871 حذف شد
,شركت كيهان راه شرق (سهامي خاص),1404,اميررضارحيمي1,1405/04/02,11:56:44, ويرايش موجوديت,حسابداري,سند حسابداري,21290,1404/01/14,سند عمومي با شماره 21290 تاييد شد
,شركت كيهان راه شرق (سهامي خاص),1405,محمد رضايي,1405/04/02,11:55:41, ويرايش موجوديت,انبار,سند انبار,2105,1405/02/12,سند حواله مصرف ماشين آلات با شماره 2105 ثبت شد
,شركت كيهان راه شرق (سهامي خاص),1404,اميررضارحيمي1,1405/04/02,11:55:20, ويرايش موجوديت,حسابداري,سند حسابداري,21290,1404/01/14,سند عمومي با شماره ثابت 21290 ذخيره شد
,شركت دنا بنيان بيرجند (سهامي خاص),1404,الاجگردي2,1405/04/02,11:54:55, ويرايش موجوديت,خزانه داري,سند حسابداري,8291,1404/12/14,سند عمومي با شماره 8291 تاييد شد
,شعبه ششم,1405,صابري6,1405/04/02,11:54:53,موجوديت جديد,حسابداري,سند حسابداري,126,1405/04/02,سند عمومي با شماره ثابت 126 ذخيره شد
,شركت كيهان راه شرق (سهامي خاص),1405,باباپور1,1405/04/02,11:54:28, ويرايش موجوديت,انبار,سند انبار,5961,1405/04/02,سند درخواست كالا از انبار با شماره 5961 ثبت شد
,شركت كيهان راه شرق (سهامي خاص),1405,محمد رضايي,1405/04/02,11:53:29, ويرايش موجوديت,انبار,سند انبار,871,1405/02/12,سند رسيد انتقال بين انبار با شماره 871 ثبت شد
,شركت كيهان راه شرق (سهامي خاص),1405,آقاحاجي1,1405/04/02,11:53:13,موجوديت جديد,حسابداري,سند حسابداري,2634,1405/02/22,سند عمومي با شماره ثابت 2634 ذخيره شد
,شركت كيهان راه شرق (سهامي خاص),1405,محمد رضايي,1405/04/02,11:52:52, ويرايش موجوديت,انبار,سند انبار,2105,1405/02/12,سند حواله مصرف ماشين آلات با شماره 2105 ثبت شد
,شركت كيهان راه شرق (سهامي خاص),1405,كريمزاده1,1405/04/02,11:52:34, ويرايش موجوديت,انبار,سند انبار,1931,1405/02/31,سند حواله مصرف ماشين آلات با شماره 1931 ثبت شد
,شركت كيهان راه شرق (سهامي خاص),1405,پاشايي,1405/04/02,11:52:28, ويرايش موجوديت,انبار,سند انبار,43528,1404/11/23,سند رسيد خريد  با شماره 43528 ثبت شد
,شركت قدرت ايمان كوير(سهامي خاص),1405,جعفري3,1405/04/02,11:51:44,موجوديت جديد,خزانه داري,سند حسابداري,7933,1404/12/19,سند عمومي با شماره 7933 ذخيره شد
,شركت قدرت ايمان كوير(سهامي خاص),1405,جعفري3,1405/04/02,11:51:20,موجوديت جديد,خزانه داري,سند خزانه داري,2295,1404/12/19,سند صورت هزينه تنخواه با شماره 2295 ذخيره شد
,شركت كيهان راه شرق (سهامي خاص),1405,محمد رضايي,1405/04/02,11:51:06, ويرايش موجوديت,انبار,سند انبار,969,1405/02/12,سند رسيد انتقال بين انبار با شماره 969 ثبت شد
,شركت كيهان راه شرق (سهامي خاص),1405,محمدمختاري,1405/04/02,11:51:04, ويرايش موجوديت,انبار,سند انبار,2868,1405/02/22,سند درخواست كالا از انبار با شماره 2868 ثبت شد
,شركت كيهان راه شرق (سهامي خاص),1405,محمد رضايي,1405/04/02,11:51:02, ويرايش موجوديت,انبار,سند انبار,969,1405/02/12,سند رسيد انتقال بين انبار با شماره 969 ثبت شد
,شركت كيهان راه شرق (سهامي خاص),1405,محمد رضايي,1405/04/02,11:50:30, ويرايش موجوديت,انبار,سند انبار,2105,1405/02/12,سند حواله مصرف ماشين آلات با شماره 2105 ثبت شد
,احداث راه پاسارگاد,1405,فاطمي16,1405/04/02,11:50:27,ورود موفق,,نشست,,,
,شركت قدرت ايمان كوير(سهامي خاص),1404,شاهروديان3,1405/04/02,11:49:46, ويرايش موجوديت,خزانه داري,سند حسابداري,7642,1404/07/02,سند عمومي با شماره 7642 تاييد شد
,شركت كيهان راه شرق (سهامي خاص),1405,كريمزاده1,1405/04/02,11:49:27,موجوديت جديد,انبار,سند انبار,7930,1405/03/16,سند رسيد خريد  با شماره 7930 ثبت شد
,صولت پارس آمود,1405,فاطمي7,1405/04/02,11:49:27, ويرايش موجوديت,حسابداري,سند حسابداري,692,1405/03/28,سند عمومي با شماره 692 تاييد شد
,شركت كيهان راه شرق (سهامي خاص),1405,پاشايي,1405/04/02,11:49:02, ويرايش موجوديت,انبار,سند انبار,43528,1404/11/23,سند رسيد خريد  با شماره 43528 ثبت شد
,شركت كيهان راه شرق (سهامي خاص),1405,فرامرزسليماني,1405/04/02,11:48:56, ويرايش موجوديت,انبار,سند انبار,5874,1405/03/31,سند درخواست كالا از انبار با شماره 5874 ثبت شد
,شركت دنا بنيان بيرجند (سهامي خاص),1404,الاجگردي2,1405/04/02,11:48:56, ويرايش موجوديت,خزانه داري,سند حسابداري,8275,1404/12/23,سند عمومي با شماره 8275 تاييد شد
,شعبه ششم,1405,صابري6,1405/04/02,11:48:48,ورود موفق,,نشست,,,
,شركت كيهان راه شرق (سهامي خاص),1405,ضيا,1405/04/02,11:48:48,موجوديت جديد,انبار,سند انبار,7929,1405/03/31,سند رسيد خريد  با شماره 7929 ثبت شد
,شركت قدرت ايمان كوير(سهامي خاص),1404,شاهروديان3,1405/04/02,11:48:44, ويرايش موجوديت,خزانه داري,سند حسابداري,7641,1404/07/02,سند عمومي با شماره 7641 تاييد شد
,شركت قدرت ايمان كوير(سهامي خاص),1404,جوانمرد3,1405/04/02,11:48:31, ويرايش موجوديت,خزانه داري,سند حسابداري,7641,1404/07/02,سند عمومي با شماره 7641 ذخيره شد
,شركت قدرت ايمان كوير(سهامي خاص),1405,كاظميان3,1405/04/02,11:48:12, ويرايش موجوديت,خزانه داري,سند حسابداري,7932,1404/07/14,سند عمومي با شماره 7932 ذخيره شد
,شركت كيهان راه شرق (سهامي خاص),1405,درويش_نيا_تربت,1405/04/02,11:47:57, ويرايش موجوديت,انبار,سند انبار,5976,1405/04/02,سند درخواست كالا از انبار با شماره 5976 ثبت شد
,شركت كيهان راه شرق (سهامي خاص),1405,درويش_نيا_تربت,1405/04/02,11:47:48,موجوديت جديد,انبار,سند انبار,5976,1405/04/02,سند درخواست كالا از انبار با شماره 5976 ثبت شد
,شركت قدرت ايمان كوير(سهامي خاص),1404,شاهروديان3,1405/04/02,11:47:43, ويرايش موجوديت,خزانه داري,سند حسابداري,7650,1404/07/01,سند عمومي با شماره 7650 تاييد شد
,شركت دنا بنيان بيرجند (سهامي خاص),1404,الاجگردي2,1405/04/02,11:47:30,ورود موفق,,نشست,,,
,شركت قدرت ايمان كوير(سهامي خاص),1404,شاهروديان3,1405/04/02,11:47:22, ويرايش موجوديت,خزانه داري,سند حسابداري,7651,1404/07/01,سند عمومي با شماره 7651 تاييد شد
,شركت قدرت ايمان كوير(سهامي خاص),1404,شاهروديان3,1405/04/02,11:47:20, ويرايش موجوديت,حسابداري,سند حسابداري,7652,1404/07/01,سند عمومي با شماره ثابت 7652 ذخيره شد
,شركت قدرت ايمان كوير(سهامي خاص),1405,كاظميان3,1405/04/02,11:47:09, ويرايش موجوديت,خزانه داري,سند حسابداري,7932,1404/07/14,سند عمومي با شماره 7932 ذخيره شد
,شركت قدرت ايمان كوير(سهامي خاص),1405,كاظميان3,1405/04/02,11:47:06,موجوديت جديد,خزانه داري,سند حسابداري,7932,1404/07/14,سند عمومي با شماره 7932 ذخيره شد
,شركت كيهان راه شرق (سهامي خاص),1404,برهان,1405/04/02,11:46:59, ويرايش موجوديت,حسابداري,سند حسابداري,21290,1404/01/14,سند عمومي با شماره 21290 برگشت از تاييد شد
,شركت قدرت ايمان كوير(سهامي خاص),1404,شاهروديان3,1405/04/02,11:46:54, ويرايش موجوديت,خزانه داري,سند حسابداري,7652,1404/07/01,سند عمومي با شماره 7652 تاييد شد
,شركت قدرت ايمان كوير(سهامي خاص),1405,كاظميان3,1405/04/02,11:46:45,موجوديت جديد,خزانه داري,سند خزانه داري,2294,1404/07/14,سند صورت هزينه تنخواه با شماره 2294 ذخيره شد
,شركت بنا بام بيستون (سهامي خاص),1404,الاجگردي4,1405/04/02,11:46:43, ويرايش موجوديت,خزانه داري,سند حسابداري,3091,1404/11/17,سند عمومي با شماره 3091 تاييد شد
,شركت كيهان راه شرق (سهامي خاص),1404,برهان,1405/04/02,11:46:35,ورود موفق,,نشست,,,
,شركت قدرت ايمان كوير(سهامي خاص),1404,شاهروديان3,1405/04/02,11:46:29, ويرايش موجوديت,خزانه داري,سند حسابداري,7653,1404/07/01,سند عمومي با شماره 7653 تاييد شد
,شركت كيهان راه شرق (سهامي خاص),1404,نباتي1,1405/04/02,11:46:17, ويرايش موجوديت,حسابداري,سند حسابداري,24678,1404/10/30,سند عمومي با شماره 24678 تاييد شد
,شركت بنا بام بيستون (سهامي خاص),1404,الاجگردي4,1405/04/02,11:45:59,ورود موفق,,نشست,,,
,شركت قدرت ايمان كوير(سهامي خاص),1404,شاهروديان3,1405/04/02,11:45:57, ويرايش موجوديت,خزانه داري,سند حسابداري,7654,1404/07/01,سند عمومي با شماره 7654 تاييد شد
,شركت كيهان راه شرق (سهامي خاص),1404,نباتي1,1405/04/02,11:45:37, ويرايش موجوديت,حسابداري,سند حسابداري,24678,1404/10/30,سند عمومي با شماره ثابت 24678 ذخيره شد
,ماهان ستاره كوير,1404,الاجگردي8,1405/04/02,11:45:28, ويرايش موجوديت,حسابداري,سند حسابداري,794,1404/09/30,سند عمومي با شماره 794 تاييد شد
,شركت كيهان راه شرق (سهامي خاص),1405,محمدمختاري,1405/04/02,11:45:10, ويرايش موجوديت,انبار,سند انبار,2868,1405/02/22,سند درخواست كالا از انبار با شماره 2868 ثبت شد
,شركت كيهان راه شرق (سهامي خاص),1405,عليزاده,1405/04/02,11:45:03, ويرايش موجوديت,انبار,سند انبار,5962,1405/04/02,سند درخواست كالا از انبار با شماره 5962 ثبت شد
,ماهان ستاره كوير,1404,الاجگردي8,1405/04/02,11:44:28,ورود موفق,,نشست,,,
,شركت كيهان راه شرق (سهامي خاص),1405,درويش_نيا_تربت,1405/04/02,11:44:14,ورود موفق,,نشست,,,
,شركت قدرت ايمان كوير(سهامي خاص),1405,جعفري3,1405/04/02,11:43:46,موجوديت جديد,خزانه داري,سند حسابداري,7931,1404/12/06,سند عمومي با شماره 7931 ذخيره شد
,شركت كيهان راه شرق (سهامي خاص),1405,فرامرزسليماني,1405/04/02,11:43:33, ويرايش موجوديت,انبار,سند انبار,5686,1405/03/28,سند درخواست كالا از انبار با شماره 5686 ثبت شد
,صولت پارس آمود,1405,فاطمي7,1405/04/02,11:43:25, ويرايش موجوديت,خزانه داري,سند حسابداري,579,1405/03/19,سند عمومي با شماره 579 تاييد شد
,شركت قدرت ايمان كوير(سهامي خاص),1405,كاظميان3,1405/04/02,11:43:21,موجوديت جديد,خزانه داري,سند حسابداري,7930,1404/07/13,سند عمومي با شماره 7930 ذخيره شد
,شركت قدرت ايمان كوير(سهامي خاص),1405,جعفري3,1405/04/02,11:43:10,موجوديت جديد,خزانه داري,سند خزانه داري,2293,1404/12/06,سند صورت هزينه تنخواه با شماره 2293 ذخيره شد
,شركت كيهان راه شرق (سهامي خاص),1405,آقاحاجي1,1405/04/02,11:43:06, ويرايش موجوديت,حسابداري,سند حسابداري,2632,1405/03/22,سند عمومي با شماره ثابت 2632 ذخيره شد
,شركت كيهان راه شرق (سهامي خاص),1405,فرامرزسليماني,1405/04/02,11:42:57, ويرايش موجوديت,انبار,سند انبار,5686,1405/03/28,سند درخواست كالا از انبار با شماره 5686 ثبت شد
,شركت قدرت ايمان كوير(سهامي خاص),1405,كاظميان3,1405/04/02,11:42:39,موجوديت جديد,خزانه داري,سند خزانه داري,2292,1404/07/13,سند صورت هزينه تنخواه با شماره 2292 ذخيره شد
,شركت كيهان راه شرق (سهامي خاص),1404,الاجگردي1,1405/04/02,11:42:32, ويرايش موجوديت,خزانه داري,سند حسابداري,28723,1404/12/27,سند عمومي با شماره 28723 تاييد شد
,شركت كيهان راه شرق (سهامي خاص),1404,نباتي1,1405/04/02,11:39:05, ويرايش موجوديت,حسابداري,سند حسابداري,17172,1404/10/07,سند عمومي با شماره ثابت 17172 ذخيره شد
,شعبه ششم,1405,كارآموز6,1405/04/02,11:37:25,موجوديت جديد,حسابداري,سند حسابداري,125,1405/03/09,سند عمومي با شماره ثابت 125 ذخيره شد
,شركت كيهان راه شرق (سهامي خاص),1405,كريمزاده1,1405/04/02,11:37:17,موجوديت جديد,انبار,سند انبار,7928,1405/03/16,سند رسيد خريد  با شماره 7928 ثبت شد
,صولت پارس آمود,1405,فاطمي7,1405/04/02,11:37:06, ويرايش موجوديت,حسابداري,سند حسابداري,706,1405/03/31,سند عمومي با شماره 706 تاييد شد
,شركت قدرت ايمان كوير(سهامي خاص),1405,كاظميان3,1405/04/02,11:36:35,موجوديت جديد,خزانه داري,سند حسابداري,7929,1404/07/14,سند عمومي با شماره 7929 ذخيره شد
,شركت قدرت ايمان كوير(سهامي خاص),1405,جعفري3,1405/04/02,11:36:29,موجوديت جديد,خزانه داري,سند حسابداري,7928,1404/12/05,سند عمومي با شماره 7928 ذخيره شد
,صولت پارس آمود,1405,فاطمي7,1405/04/02,11:35:42,ورود موفق,,نشست,,,
,شركت قدرت ايمان كوير(سهامي خاص),1405,جعفري3,1405/04/02,11:35:29,موجوديت جديد,خزانه داري,سند خزانه داري,2291,1404/12/05,سند صورت هزينه تنخواه با شماره 2291 ذخيره شد
,شعبه ششم,1405,كارآموز6,1405/04/02,11:35:03,ورود موفق,,نشست,,,
,شركت قدرت ايمان كوير(سهامي خاص),1405,كاظميان3,1405/04/02,11:34:02,موجوديت جديد,خزانه داري,سند خزانه داري,2290,1404/07/14,سند صورت هزينه تنخواه با شماره 2290 ذخيره شد
,شركت كيهان راه شرق (سهامي خاص),1405,ضيا,1405/04/02,11:33:31,ورود موفق,,نشست,,,
,شركت كيهان راه شرق (سهامي خاص),1405,عليزاده,1405/04/02,11:33:08, ويرايش موجوديت,انبار,سند انبار,5962,1405/04/02,سند درخواست كالا از انبار با شماره 5962 ثبت شد
,صولت پارس آمود,1404,سلطاني7,1405/04/02,11:33:03, ويرايش موجوديت,خزانه داري,سند حسابداري,4315,1404/12/06,سند عمومي با شماره 4315 تاييد شد
,شركت كيهان راه شرق (سهامي خاص),1405,كسري_دهقان1,1405/04/02,11:31:52,موجوديت جديد,حسابداري,سند حسابداري,2633,1405/03/09,سند عمومي با شماره ثابت 2633 ذخيره شد
,شركت كيهان راه شرق (سهامي خاص),1405,فرامرزسليماني,1405/04/02,11:31:40, ويرايش موجوديت,انبار,سند انبار,5795,1405/03/30,سند درخواست كالا از انبار با شماره 5795 ثبت شد
,شركت بنا بام بيستون (سهامي خاص),1404,الاجگردي4,1405/04/02,11:30:38, ويرايش موجوديت,خزانه داري,سند حسابداري,3117,1404/12/17,سند عمومي با شماره 3117 تاييد شد
,صولت پارس آمود,1404,سلطاني7,1405/04/02,11:30:35, ويرايش موجوديت,خزانه داري,سند حسابداري,4310,1404/12/29,سند عمومي با شماره 4310 تاييد شد
,صولت پارس آمود,1404,سلطاني7,1405/04/02,11:29:52, ويرايش موجوديت,خزانه داري,سند حسابداري,4310,1404/12/29,سند عمومي با شماره 4310 ذخيره شد
,شركت كيهان راه شرق (سهامي خاص),1405,غلامي1,1405/04/02,11:29:52,موجوديت جديد,حسابداري,سند حسابداري,30753,1404/12/01,سند عمومي با شماره ثابت 30753 ذخيره شد
,شركت كيهان راه شرق (سهامي خاص),1405,فرامرزسليماني,1405/04/02,11:29:42, ويرايش موجوديت,انبار,سند انبار,5795,1405/03/30,سند درخواست كالا از انبار با شماره 5795 ثبت شد
,شركت كيهان راه شرق (سهامي خاص),1405,پاشايي,1405/04/02,11:29:00, ويرايش موجوديت,انبار,سند انبار,5247,1405/02/02,سند رسيد خريد  با شماره 5247 ثبت شد
,شركت قدرت ايمان كوير(سهامي خاص),1404,شاهروديان3,1405/04/02,11:29:00, ويرايش موجوديت,خزانه داري,سند حسابداري,7655,1404/07/01,سند عمومي با شماره 7655 تاييد شد
,شركت قدرت ايمان كوير(سهامي خاص),1405,كاظميان3,1405/04/02,11:28:44,موجوديت جديد,خزانه داري,سند حسابداري,7927,1404/07/15,سند  با شماره 7927 ذخيره شد
,شركت قدرت ايمان كوير(سهامي خاص),1404,شاهروديان3,1405/04/02,11:28:26, ويرايش موجوديت,خزانه داري,سند حسابداري,7656,1404/07/01,سند عمومي با شماره 7656 تاييد شد
,شركت كيهان راه شرق (سهامي خاص),1404,الاجگردي1,1405/04/02,11:28:24, ويرايش موجوديت,حسابداري,سند حسابداري,25821,1404/11/23,سند عمومي با شماره 25821 تاييد شد
,شركت قدرت ايمان كوير(سهامي خاص),1404,شاهروديان3,1405/04/02,11:27:52, ويرايش موجوديت,خزانه داري,سند حسابداري,7657,1404/07/01,سند عمومي با شماره 7657 تاييد شد
,شركت كيهان راه شرق (سهامي خاص),1405,كريمزاده1,1405/04/02,11:27:23,موجوديت جديد,انبار,سند انبار,7927,1405/03/19,سند رسيد خريد  با شماره 7927 ثبت شد
,شركت قدرت ايمان كوير(سهامي خاص),1404,شاهروديان3,1405/04/02,11:27:18, ويرايش موجوديت,خزانه داري,سند حسابداري,7658,1404/07/01,سند عمومي با شماره 7658 تاييد شد
,شركت قدرت ايمان كوير(سهامي خاص),1404,شاهروديان3,1405/04/02,11:26:47, ويرايش موجوديت,خزانه داري,سند حسابداري,7659,1404/07/01,سند عمومي با شماره 7659 تاييد شد
,شركت قدرت ايمان كوير(سهامي خاص),1404,شاهروديان3,1405/04/02,11:26:14, ويرايش موجوديت,خزانه داري,سند حسابداري,7660,1404/07/01,سند عمومي با شماره 7660 تاييد شد
,شركت قدرت ايمان كوير(سهامي خاص),1404,جوانمرد3,1405/04/02,11:26:05, ويرايش موجوديت,خزانه داري,سند حسابداري,7660,1404/07/01,سند عمومي با شماره 7660 ذخيره شد
,شركت كيهان راه شرق (سهامي خاص),1405,كريمزاده1,1405/04/02,11:26:00, ويرايش موجوديت,انبار,سند انبار,3944,1405/03/31,سند حواله مصرف ماشين آلات با شماره 3944 ثبت شد
,شركت قدرت ايمان كوير(سهامي خاص),1404,شاهروديان3,1405/04/02,11:25:29, ويرايش موجوديت,خزانه داري,سند حسابداري,7662,1404/07/01,سند عمومي با شماره 7662 تاييد شد
,شركت كيهان راه شرق (سهامي خاص),1405,غلامي1,1405/04/02,11:25:19,ورود موفق,,نشست,,,
,شركت قدرت ايمان كوير(سهامي خاص),1404,جوانمرد3,1405/04/02,11:25:16, ويرايش موجوديت,خزانه داري,سند حسابداري,7662,1404/07/01,سند عمومي با شماره 7662 ذخيره شد
,شركت قدرت ايمان كوير(سهامي خاص),1404,شاهروديان3,1405/04/02,11:24:41, ويرايش موجوديت,خزانه داري,سند حسابداري,7661,1404/07/01,سند عمومي با شماره 7661 تاييد شد
,شركت قدرت ايمان كوير(سهامي خاص),1404,جوانمرد3,1405/04/02,11:23:25, ويرايش موجوديت,خزانه داري,سند حسابداري,7661,1404/07/01,سند عمومي با شماره 7661 ذخيره شد
,شركت كيهان راه شرق (سهامي خاص),1405,كريمزاده1,1405/04/02,11:23:18, ويرايش موجوديت,انبار,سند انبار,3944,1405/03/31,سند حواله مصرف ماشين آلات با شماره 3944 ثبت شد
,شركت كيهان راه شرق (سهامي خاص),1405,سپهريان1,1405/04/02,11:22:30, ويرايش موجوديت,خزانه داري,سند خزانه داري,327,1405/04/01,سند اعلاميه برداشت ريالي با شماره 327 ذخيره شد
,شركت كيهان راه شرق (سهامي خاص),1405,كريمزاده1,1405/04/02,11:20:16, ويرايش موجوديت,انبار,سند انبار,3944,1405/03/31,سند حواله مصرف ماشين آلات با شماره 3944 ثبت شد
,شركت قدرت ايمان كوير(سهامي خاص),1405,كاظميان3,1405/04/02,11:19:04,موجوديت جديد,خزانه داري,سند خزانه داري,2289,1404/07/15,سند صورت هزينه تنخواه با شماره 2289 ذخيره شد
,شركت كيهان راه شرق (سهامي خاص),1405,سپهريان1,1405/04/02,11:18:10,موجوديت جديد,خزانه داري,سند خزانه داري,327,1405/04/01,سند اعلاميه برداشت ريالي با شماره 327 ذخيره شد
,شركت كيهان راه شرق (سهامي خاص),1405,فرامرزسليماني,1405/04/02,11:18:06, ويرايش موجوديت,انبار,سند انبار,5653,1405/03/28,سند درخواست كالا از انبار با شماره 5653 ثبت شد
,شركت كيهان راه شرق (سهامي خاص),1405,فرامرزسليماني,1405/04/02,11:17:52, ويرايش موجوديت,انبار,سند انبار,5653,1405/03/28,سند درخواست كالا از انبار با شماره 5653 ثبت شد
,تفتان ره ساز پارس,1405,ملاشاهي15,1405/04/02,11:17:43,موجوديت جديد,خزانه داري,سند خزانه داري,66,1405/03/16,سند صورت هزينه تنخواه با شماره 66 ذخيره شد
,شركت كيهان راه شرق (سهامي خاص),1405,كريمزاده1,1405/04/02,11:16:47, ويرايش موجوديت,انبار,سند انبار,3944,1405/03/31,سند حواله مصرف ماشين آلات با شماره 3944 ثبت شد
,شركت كيهان راه شرق (سهامي خاص),1405,يوسفي4خواف,1405/04/02,11:16:40,موجوديت جديد,انبار,سند انبار,5975,1405/04/02,سند درخواست كالا از انبار با شماره 5975 ثبت شد
,شركت كيهان راه شرق (سهامي خاص),1405,كريمزاده1,1405/04/02,11:15:54,موجوديت جديد,انبار,سند انبار,7926,1405/03/18,سند رسيد خريد  با شماره 7926 ثبت شد
,شركت كيهان راه شرق (سهامي خاص),1405,كريمزاده1,1405/04/02,11:15:11, ويرايش موجوديت,انبار,سند انبار,3944,1405/03/31,سند حواله مصرف ماشين آلات با شماره 3944 ثبت شد
,شركت كيهان راه شرق (سهامي خاص),1405,فرامرزسليماني,1405/04/02,11:15:03, ويرايش موجوديت,انبار,سند انبار,5874,1405/03/31,سند درخواست كالا از انبار با شماره 5874 ثبت شد
,شركت كيهان راه شرق (سهامي خاص),1405,درويش_نيا_تربت,1405/04/02,11:14:59, ويرايش موجوديت,انبار,سند انبار,12,1405/04/02,سند برگشت از تعميرات با شماره 12 ثبت شد
,شركت كيهان راه شرق (سهامي خاص),1405,فرامرزسليماني,1405/04/02,11:14:56,موجوديت جديد,انبار,سند انبار,4649,1405/04/02,سند تاييد درخواست كالا با شماره 4649 ثبت شد
,شركت كيهان راه شرق (سهامي خاص),1405,درويش_نيا_تربت,1405/04/02,11:14:50,موجوديت جديد,انبار,سند انبار,12,1405/04/02,سند برگشت از تعميرات با شماره 12 ثبت شد
,شركت كيهان راه شرق (سهامي خاص),1405,فرامرزسليماني,1405/04/02,11:14:48, ويرايش موجوديت,انبار,سند انبار,5874,1405/03/31,سند درخواست كالا از انبار با شماره 5874 ثبت شد
,شركت كيهان راه شرق (سهامي خاص),1405,عليزاده,1405/04/02,11:14:45, ويرايش موجوديت,انبار,سند انبار,5970,1405/04/02,سند درخواست كالا از انبار با شماره 5970 ثبت شد
,شركت كيهان راه شرق (سهامي خاص),1405,عليزاده,1405/04/02,11:14:24, ويرايش موجوديت,انبار,سند انبار,5971,1405/04/02,سند درخواست كالا از انبار با شماره 5971 ثبت شد
,شركت كيهان راه شرق (سهامي خاص),1405,درويش_نيا_تربت,1405/04/02,11:14:05,ورود موفق,,نشست,,,
,شركت كيهان راه شرق (سهامي خاص),1405,عليزاده,1405/04/02,11:14:03, ويرايش موجوديت,انبار,سند انبار,5972,1405/04/02,سند درخواست كالا از انبار با شماره 5972 ثبت شد
,شركت كيهان راه شرق (سهامي خاص),1405,عليزاده,1405/04/02,11:13:32, ويرايش موجوديت,انبار,سند انبار,5973,1405/04/02,سند درخواست كالا از انبار با شماره 5973 ثبت شد
,شركت كيهان راه شرق (سهامي خاص),1405,كريمزاده1,1405/04/02,11:12:54, ويرايش موجوديت,انبار,سند انبار,3944,1405/03/31,سند حواله مصرف ماشين آلات با شماره 3944 ثبت شد
,شركت كيهان راه شرق (سهامي خاص),1405,عليزاده,1405/04/02,11:12:46, ويرايش موجوديت,انبار,سند انبار,5973,1405/04/02,سند درخواست كالا از انبار با شماره 5973 ثبت شد
,شركت كيهان راه شرق (سهامي خاص),1405,عليزاده,1405/04/02,11:12:26, ويرايش موجوديت,انبار,سند انبار,5974,1405/04/02,سند درخواست كالا از انبار با شماره 5974 ثبت شد
,شركت قدرت ايمان كوير(سهامي خاص),1405,جعفري3,1405/04/02,11:12:04,موجوديت جديد,خزانه داري,سند حسابداري,7926,1404/12/05,سند عمومي با شماره 7926 ذخيره شد
,شركت كيهان راه شرق (سهامي خاص),1405,كريمزاده1,1405/04/02,11:11:55,موجوديت جديد,انبار,سند انبار,7925,1405/03/19,سند رسيد خريد  با شماره 7925 ثبت شد
,شركت كيهان راه شرق (سهامي خاص),1405,سپهريان1,1405/04/02,11:11:49,ورود موفق,,نشست,,,
,شركت قدرت ايمان كوير(سهامي خاص),1405,جعفري3,1405/04/02,11:11:41,موجوديت جديد,خزانه داري,سند خزانه داري,2288,1404/12/05,سند صورت هزينه تنخواه با شماره 2288 ذخيره شد
,شركت كيهان راه شرق (سهامي خاص),1405,يوسفي4خواف,1405/04/02,11:11:10,موجوديت جديد,انبار,سند انبار,5974,1405/04/02,سند درخواست كالا از انبار با شماره 5974 ثبت شد
,شركت كيهان راه شرق (سهامي خاص),1404,سيدمرتضي_حسيني1,1405/04/02,11:09:55, ويرايش موجوديت,حسابداري,سند حسابداري,30751,1404/07/01,سند عمومي با شماره ثابت 30751 ذخيره شد
,شركت كيهان راه شرق (سهامي خاص),1404,نباتي1,1405/04/02,11:09:54, ويرايش موجوديت,حسابداري,سند حسابداري,17185,1404/10/07,سند عمومي با شماره 17185 تاييد شد
,شركت كيهان راه شرق (سهامي خاص),1404,نباتي1,1405/04/02,11:09:25, ويرايش موجوديت,حسابداري,سند حسابداري,17185,1404/10/07,سند عمومي با شماره ثابت 17185 ذخيره شد
,شركت قدرت ايمان كوير(سهامي خاص),1405,جعفري3,1405/04/02,11:09:17,موجوديت جديد,خزانه داري,سند حسابداري,7925,1404/12/05,سند عمومي با شماره 7925 ذخيره شد
,شركت قدرت ايمان كوير(سهامي خاص),1405,جعفري3,1405/04/02,11:08:45,موجوديت جديد,خزانه داري,سند خزانه داري,2287,1404/12/05,سند صورت هزينه تنخواه با شماره 2287 ذخيره شد
,شركت كيهان راه شرق (سهامي خاص),1405,باباپور1,1405/04/02,11:08:14, ويرايش موجوديت,انبار,سند انبار,5973,1405/04/02,سند درخواست كالا از انبار با شماره 5973 ثبت شد
,شركت باراد معدن فلات شرق,1405,كارآموز21,1405/04/02,11:08:14,ورود موفق,,نشست,,,
,شركت كيهان راه شرق (سهامي خاص),1405,كريمزاده1,1405/04/02,11:08:06, ويرايش موجوديت,انبار,سند انبار,3944,1405/03/31,سند حواله مصرف ماشين آلات با شماره 3944 ثبت شد
,شركت كيهان راه شرق (سهامي خاص),1405,باباپور1,1405/04/02,11:08:03,موجوديت جديد,انبار,سند انبار,5973,1405/04/02,سند درخواست كالا از انبار با شماره 5973 ثبت شد
,شركت كيهان راه شرق (سهامي خاص),1404,سيدمرتضي_حسيني1,1405/04/02,11:06:58, ويرايش موجوديت,حسابداري,سند حسابداري,30752,1404/11/15,سند عمومي با شماره ثابت 30752 ذخيره شد
,شركت كيهان راه شرق (سهامي خاص),1405,كريمزاده1,1405/04/02,11:06:49, ويرايش موجوديت,انبار,سند انبار,3944,1405/03/31,سند حواله مصرف ماشين آلات با شماره 3944 ثبت شد
,شركت دنا بنيان بيرجند (سهامي خاص),1405,اكبري2,1405/04/02,11:05:26,موجوديت جديد,حسابداري,سند حسابداري,1053,1405/04/02,سند عمومي با شماره ثابت 1053 ذخيره شد
,شركت قدرت ايمان كوير(سهامي خاص),1405,جعفري3,1405/04/02,11:05:24,موجوديت جديد,خزانه داري,سند حسابداري,7924,1404/12/05,سند عمومي با شماره 7924 ذخيره شد
,شركت كيهان راه شرق (سهامي خاص),1404,سيدمرتضي_حسيني1,1405/04/02,11:05:22,موجوديت جديد,حسابداري,سند حسابداري,30752,1404/11/15,سند عمومي با شماره ثابت 30752 ذخيره شد
,شركت كيهان راه شرق (سهامي خاص),1405,كريمزاده1,1405/04/02,11:05:00, ويرايش موجوديت,انبار,سند انبار,3944,1405/03/31,سند حواله مصرف ماشين آلات با شماره 3944 ثبت شد
,شركت كيهان راه شرق (سهامي خاص),1405,اجنوردي1,1405/04/02,11:04:53, ويرايش موجوديت,انبار,سند انبار,3897,1405/04/01,سند حواله مصرف ماشين آلات با شماره 3897 ثبت شد
,شركت كيهان راه شرق (سهامي خاص),1404,نباتي1,1405/04/02,11:04:48, ويرايش موجوديت,حسابداري,سند حسابداري,17216,1404/10/07,سند عمومي با شماره 17216 تاييد شد
,شركت قدرت ايمان كوير(سهامي خاص),1405,جعفري3,1405/04/02,11:04:47,موجوديت جديد,خزانه داري,سند خزانه داري,2286,1404/12/05,سند صورت هزينه تنخواه با شماره 2286 ذخيره شد
,شركت كيهان راه شرق (سهامي خاص),1404,الاجگردي1,1405/04/02,11:04:40,ورود موفق,,نشست,,,
,شركت كيهان راه شرق (سهامي خاص),1404,نباتي1,1405/04/02,11:04:27, ويرايش موجوديت,حسابداري,سند حسابداري,17216,1404/10/07,سند عمومي با شماره ثابت 17216 ذخيره شد
,شركت كيهان راه شرق (سهامي خاص),1405,كريمزاده1,1405/04/02,11:04:13, ويرايش موجوديت,انبار,سند انبار,3944,1405/03/31,سند حواله مصرف ماشين آلات با شماره 3944 ثبت شد
,شركت بنا بام بيستون (سهامي خاص),1404,الاجگردي4,1405/04/02,11:04:08, ويرايش موجوديت,خزانه داري,سند حسابداري,2969,1404/11/23,سند عمومي با شماره 2969 تاييد شد
,صولت پارس آمود,1405,سپهريان7,1405/04/02,11:03:39, ويرايش موجوديت,خزانه داري,سند حسابداري,707,1405/04/01,سند عمومي با شماره 707 ذخيره شد
,شركت كيهان راه شرق (سهامي خاص),1405,آقاحاجي1,1405/04/02,11:03:15,موجوديت جديد,حسابداري,سند حسابداري,2632,1405/04/02,سند عمومي با شماره ثابت 2632 ذخيره شد
,شركت قدرت ايمان كوير(سهامي خاص),1404,نيكنام3,1405/04/02,11:03:10,موجوديت جديد,حسابداري,سند حسابداري,7924,1404/11/29,سند عمومي با شماره ثابت 7924 ذخيره شد
,شركت كيهان راه شرق (سهامي خاص),1404,زرعيكار1,1405/04/02,11:02:57,ورود موفق,,نشست,,,
,شركت كيهان راه شرق (سهامي خاص),1404,سيدمرتضي_حسيني1,1405/04/02,11:02:38,موجوديت جديد,حسابداري,سند حسابداري,30751,1404/07/01,سند عمومي با شماره ثابت 30751 ذخيره شد
,شركت قدرت ايمان كوير(سهامي خاص),1405,جعفري3,1405/04/02,11:02:32,موجوديت جديد,خزانه داري,سند حسابداري,7922,1404/12/05,سند عمومي با شماره 7922 ذخيره شد
,شركت بنا بام بيستون (سهامي خاص),1404,الاجگردي4,1405/04/02,11:02:07,ورود موفق,,نشست,,,
,شركت قدرت ايمان كوير(سهامي خاص),1405,كاظميان3,1405/04/02,11:01:37,موجوديت جديد,خزانه داري,سند حسابداري,7921,1404/07/16,سند عمومي با شماره 7921 ذخيره شد
,شركت كيهان راه شرق (سهامي خاص),1404,الاجگردي1,1405/04/02,11:01:32, ويرايش موجوديت,خزانه داري,سند حسابداري,28770,1404/11/28,سند عمومي با شماره 28770 تاييد شد
,شركت قدرت ايمان كوير(سهامي خاص),1405,جعفري3,1405/04/02,11:01:27,موجوديت جديد,خزانه داري,سند خزانه داري,2285,1404/12/05,سند صورت هزينه تنخواه با شماره 2285 ذخيره شد
,شركت كيهان راه شرق (سهامي خاص),1405,باباپور1,1405/04/02,11:01:25, ويرايش موجوديت,انبار,سند انبار,5961,1405/04/02,سند درخواست كالا از انبار با شماره 5961 ثبت شد
,شركت قدرت ايمان كوير(سهامي خاص),1405,كاظميان3,1405/04/02,11:01:11,موجوديت جديد,خزانه داري,سند خزانه داري,2284,1404/07/16,سند صورت هزينه تنخواه با شماره 2284 ذخيره شد
,شركت كيهان راه شرق (سهامي خاص),1405,عبدپور_طرق,1405/04/02,11:01:09, ويرايش موجوديت,انبار,سند انبار,5972,1405/04/02,سند درخواست كالا از انبار با شماره 5972 ثبت شد
,شركت كيهان راه شرق (سهامي خاص),1405,عبدپور_طرق,1405/04/02,11:00:43,موجوديت جديد,انبار,سند انبار,5972,1405/04/02,سند درخواست كالا از انبار با شماره 5972 ثبت شد
,شركت كيهان راه شرق (سهامي خاص),1405,فرامرزسليماني,1405/04/02,11:00:11, ويرايش موجوديت,انبار,سند انبار,5869,1405/03/31,سند درخواست كالا از انبار با شماره 5869 ثبت شد
,شركت كيهان راه شرق (سهامي خاص),1405,فرامرزسليماني,1405/04/02,11:00:06, ويرايش موجوديت,انبار,سند انبار,5869,1405/03/31,سند درخواست كالا از انبار با شماره 5869 ثبت شد
,شركت كيهان راه شرق (سهامي خاص),1405,جوانمرد1,1405/04/02,11:00:04,ورود موفق,,نشست,,,
,شركت كيهان راه شرق (سهامي خاص),1405,فرامرزسليماني,1405/04/02,10:59:49, ويرايش موجوديت,انبار,سند انبار,5869,1405/03/31,سند درخواست كالا از انبار با شماره 5869 ثبت شد
,شركت كيهان راه شرق (سهامي خاص),1405,كريمزاده1,1405/04/02,10:59:30, ويرايش موجوديت,انبار,سند انبار,3944,1405/03/31,سند حواله مصرف ماشين آلات با شماره 3944 ثبت شد
,شعبه ششم,1405,غلامي6,1405/04/02,10:59:16,موجوديت جديد,حسابداري,سند حسابداري,124,1405/01/29,سند عمومي با شماره ثابت 124 ذخيره شد
,شركت كيهان راه شرق (سهامي خاص),1405,صابونيزاده1,1405/04/02,10:59:13, ويرايش موجوديت,انبار,سند انبار,7920,1405/03/25,سند رسيد خريد  با شماره 7920 ثبت شد
,شركت كيهان راه شرق (سهامي خاص),1405,برزگررشتخواري,1405/04/02,10:59:10, ويرايش موجوديت,انبار,سند انبار,5970,1405/04/02,سند درخواست كالا از انبار با شماره 5970 ثبت شد
,صولت پارس آمود,1405,سپهريان7,1405/04/02,10:59:04,ورود موفق,,نشست,,,
,شركت دنا بنيان بيرجند (سهامي خاص),1405,سپهريان2,1405/04/02,10:58:55, ويرايش موجوديت,خزانه داري,سند خزانه داري,267,1405/04/01,سند اعلاميه برداشت ريالي با شماره 267 ذخيره شد
,شركت كيهان راه شرق (سهامي خاص),1405,صابونيزاده1,1405/04/02,10:58:53, ويرايش موجوديت,انبار,سند انبار,7923,1405/03/21,سند رسيد خريد  با شماره 7923 ثبت شد
,شركت كيهان راه شرق (سهامي خاص),1405,برزگررشتخواري,1405/04/02,10:58:24, ويرايش موجوديت,انبار,سند انبار,5970,1405/04/02,سند درخواست كالا از انبار با شماره 5970 ثبت شد
,شركت دنا بنيان بيرجند (سهامي خاص),1405,سپهريان2,1405/04/02,10:58:21, ويرايش موجوديت,خزانه داري,سند خزانه داري,267,1405/04/01,سند اعلاميه برداشت ريالي با شماره 267 ذخيره شد
,شركت كيهان راه شرق (سهامي خاص),1404,سيدمرتضي_حسيني1,1405/04/02,10:58:13,ورود موفق,,نشست,,,
,شركت دنا بنيان بيرجند (سهامي خاص),1405,سپهريان2,1405/04/02,10:57:58, ويرايش موجوديت,خزانه داري,سند خزانه داري,267,1405/04/01,سند اعلاميه برداشت ريالي با شماره 267 ذخيره شد
,شركت كيهان راه شرق (سهامي خاص),1405,عبدپور_طرق,1405/04/02,10:57:50,موجوديت جديد,انبار,سند انبار,5971,1405/04/02,سند درخواست كالا از انبار با شماره 5971 ثبت شد
,شركت قدرت ايمان كوير(سهامي خاص),1405,جعفري3,1405/04/02,10:57:46,موجوديت جديد,خزانه داري,سند حسابداري,7920,1404/12/29,سند عمومي با شماره 7920 ذخيره شد
,شركت قدرت ايمان كوير(سهامي خاص),1405,جعفري3,1405/04/02,10:57:15,موجوديت جديد,خزانه داري,سند خزانه داري,2283,1404/12/29,سند صورت هزينه تنخواه با شماره 2283 ذخيره شد
,شركت كيهان راه شرق (سهامي خاص),1405,برزگررشتخواري,1405/04/02,10:57:12,موجوديت جديد,انبار,سند انبار,5970,1405/04/02,سند درخواست كالا از انبار با شماره 5970 ثبت شد
,شركت دنا بنيان بيرجند (سهامي خاص),1405,سپهريان2,1405/04/02,10:57:11, ويرايش موجوديت,خزانه داري,سند خزانه داري,267,1405/04/01,سند اعلاميه برداشت ريالي با شماره 267 ذخيره شد
,شركت كيهان راه شرق (سهامي خاص),1404,الاجگردي1,1405/04/02,10:57:08, ويرايش موجوديت,خزانه داري,سند حسابداري,28664,1404/08/29,سند عمومي با شماره 28664 تاييد شد
,شركت كيهان راه شرق (سهامي خاص),1405,كريمزاده1,1405/04/02,10:56:13, ويرايش موجوديت,انبار,سند انبار,3944,1405/03/31,سند حواله مصرف ماشين آلات با شماره 3944 ثبت شد
,شركت بنا بام بيستون (سهامي خاص),1405,فاطمي4,1405/04/02,10:55:57,ورود موفق,,نشست,,,
,شركت قدرت ايمان كوير(سهامي خاص),1405,فاطمي3,1405/04/02,10:55:06, ويرايش موجوديت,حسابداري,سند حسابداري,994,1405/03/31,سند عمومي با شماره 994 تاييد شد
,شركت قدرت ايمان كوير(سهامي خاص),1405,جعفري3,1405/04/02,10:53:44,موجوديت جديد,خزانه داري,سند حسابداري,7919,1404/12/21,سند عمومي با شماره 7919 ذخيره شد
,شركت قدرت ايمان كوير(سهامي خاص),1405,جعفري3,1405/04/02,10:52:52,موجوديت جديد,خزانه داري,سند خزانه داري,2282,1404/12/21,سند صورت هزينه تنخواه با شماره 2282 ذخيره شد
,شركت قدرت ايمان كوير(سهامي خاص),1405,كاظميان3,1405/04/02,10:51:38,موجوديت جديد,خزانه داري,سند حسابداري,7918,1404/07/16,سند عمومي با شماره 7918 ذخيره شد
,شركت قدرت ايمان كوير(سهامي خاص),1405,كاظميان3,1405/04/02,10:51:10,موجوديت جديد,خزانه داري,سند خزانه داري,2281,1404/07/16,سند صورت هزينه تنخواه با شماره 2281 ذخيره شد
,شركت قدرت ايمان كوير(سهامي خاص),1404,شاهروديان3,1405/04/02,10:50:44, ويرايش موجوديت,خزانه داري,سند حسابداري,7663,1404/09/03,سند عمومي با شماره 7663 تاييد شد
,شركت قدرت ايمان كوير(سهامي خاص),1404,دادرس3,1405/04/02,10:49:59,ورود موفق,,نشست,,,
,شركت قدرت ايمان كوير(سهامي خاص),1404,شاهروديان3,1405/04/02,10:49:58, ويرايش موجوديت,خزانه داري,سند حسابداري,7664,1404/09/02,سند عمومي با شماره 7664 تاييد شد
,شركت كيهان راه شرق (سهامي خاص),1405,جلالي1,1405/04/02,10:49:47,موجوديت جديد,حسابداري,سند حسابداري,30750,1404/07/03,سند عمومي با شماره ثابت 30750 ذخيره شد
,شركت قدرت ايمان كوير(سهامي خاص),1404,شاهروديان3,1405/04/02,10:49:30, ويرايش موجوديت,خزانه داري,سند حسابداري,7665,1404/09/02,سند عمومي با شماره 7665 تاييد شد
,شركت كيهان راه شرق (سهامي خاص),1405,صابونيزاده1,1405/04/02,10:49:03, ويرايش موجوديت,انبار,سند انبار,7923,1405/04/03,سند رسيد خريد  با شماره 7923 ثبت شد
,شركت قدرت ايمان كوير(سهامي خاص),1404,جوانمرد3,1405/04/02,10:48:53, ويرايش موجوديت,خزانه داري,سند حسابداري,7665,1404/09/02,سند عمومي با شماره 7665 ذخيره شد
,شركت كيهان راه شرق (سهامي خاص),1405,پاشايي,1405/04/02,10:48:38, ويرايش موجوديت,انبار,سند انبار,5121,1405/01/27,سند رسيد خريد  با شماره 5121 ثبت شد
,شركت قدرت ايمان كوير(سهامي خاص),1404,شاهروديان3,1405/04/02,10:48:16, ويرايش موجوديت,خزانه داري,سند حسابداري,7666,1404/09/02,سند عمومي با شماره 7666 تاييد شد
,شركت قدرت ايمان كوير(سهامي خاص),1405,كاظميان3,1405/04/02,10:47:45,موجوديت جديد,خزانه داري,سند حسابداري,7917,1404/07/16,سند عمومي با شماره 7917 ذخيره شد
,شركت كيهان راه شرق (سهامي خاص),1404,برهان,1405/04/02,10:47:45, ويرايش موجوديت,خزانه داري,سند حسابداري,1580,1404/02/11,سند عمومي با شماره 1580 برگشت از تاييد شد
,شركت كيهان راه شرق (سهامي خاص),1404,برهان,1405/04/02,10:47:26, ويرايش موجوديت,خزانه داري,سند حسابداري,1634,1404/02/13,سند عمومي با شماره 1634 برگشت از تاييد شد
,شركت كيهان راه شرق (سهامي خاص),1405,عبدپور_طرق,1405/04/02,10:46:56,موجوديت جديد,انبار,سند انبار,7924,1405/04/02,سند رسيد خريد  با شماره 7924 ثبت شد
,شركت كيهان راه شرق (سهامي خاص),1405,عليرضاسالاري,1405/04/02,10:46:43, ويرايش موجوديت,انبار,سند انبار,5965,1405/04/02,سند درخواست كالا از انبار با شماره 5965 ثبت شد
,شركت قدرت ايمان كوير(سهامي خاص),1404,شاهروديان3,1405/04/02,10:46:22, ويرايش موجوديت,خزانه داري,سند حسابداري,7667,1404/09/02,سند عمومي با شماره 7667 تاييد شد
,شركت كيهان راه شرق (سهامي خاص),1405,صابونيزاده1,1405/04/02,10:46:19,موجوديت جديد,انبار,سند انبار,7923,1405/04/03,سند رسيد خريد  با شماره 7923 ثبت شد
,شركت كيهان راه شرق (سهامي خاص),1405,جلالي1,1405/04/02,10:46:13,ورود موفق,,نشست,,,
,شركت كيهان راه شرق (سهامي خاص),1405,آقاحاجي1,1405/04/02,10:45:21,ورود موفق,,نشست,,,
,شركت قدرت ايمان كوير(سهامي خاص),1404,جوانمرد3,1405/04/02,10:44:48,موجوديت جديد,خزانه داري,سند حسابداري,7916,1404/11/28,سند عمومي با شماره 7916 ذخيره شد
,شركت قدرت ايمان كوير(سهامي خاص),1404,جوانمرد3,1405/04/02,10:44:31,موجوديت جديد,خزانه داري,سند خزانه داري,2280,1404/11/28,سند صورت هزينه تنخواه با شماره 2280 ذخيره شد
,شركت قدرت ايمان كوير(سهامي خاص),1405,كاظميان3,1405/04/02,10:44:30,موجوديت جديد,خزانه داري,سند خزانه داري,2279,1404/07/16,سند صورت هزينه تنخواه با شماره 2279 ذخيره شد
,شركت كيهان راه شرق (سهامي خاص),1405,كريمزاده1,1405/04/02,10:44:23, ويرايش موجوديت,انبار,سند انبار,3944,1405/03/31,سند حواله مصرف ماشين آلات با شماره 3944 ثبت شد
,شركت دنا بنيان بيرجند (سهامي خاص),1405,اكبري2,1405/04/02,10:44:21,ورود موفق,,نشست,,,
,شركت قدرت ايمان كوير(سهامي خاص),1404,قاسمي3,1405/04/02,10:44:15, ويرايش موجوديت,خزانه داري,سند حسابداري,4784,1404/10/22,سند عمومي با شماره 4784 تاييد شد
,شركت قدرت ايمان كوير(سهامي خاص),1404,شاهروديان3,1405/04/02,10:44:02, ويرايش موجوديت,خزانه داري,سند حسابداري,7668,1404/08/29,سند عمومي با شماره 7668 تاييد شد
,شركت قدرت ايمان كوير(سهامي خاص),1404,جلالي3,1405/04/02,10:43:57,موجوديت جديد,حسابداري,سند حسابداري,1007,1405/03/03,سند عمومي با شماره ثابت 1007 ذخيره شد
,شركت كيهان راه شرق (سهامي خاص),1405,كريمزاده1,1405/04/02,10:43:25, ويرايش موجوديت,انبار,سند انبار,3944,1405/03/31,سند حواله مصرف ماشين آلات با شماره 3944 ثبت شد
,شركت قدرت ايمان كوير(سهامي خاص),1404,قاسمي3,1405/04/02,10:43:18, ويرايش موجوديت,خزانه داري,سند حسابداري,4982,1404/10/29,سند عمومي با شماره 4982 تاييد شد
,شركت قدرت ايمان كوير(سهامي خاص),1404,شاهروديان3,1405/04/02,10:43:12, ويرايش موجوديت,خزانه داري,سند حسابداري,7669,1404/08/28,سند عمومي با شماره 7669 تاييد شد
,شركت كيهان راه شرق (سهامي خاص),1405,نيكنام,1405/04/02,10:42:59,ورود موفق,,نشست,,,
,شركت كيهان راه شرق (سهامي خاص),1405,كريمزاده1,1405/04/02,10:42:57,موجوديت جديد,انبار,سند انبار,7922,1405/03/17,سند رسيد خريد  با شماره 7922 ثبت شد
,شركت قدرت ايمان كوير(سهامي خاص),1404,جوانمرد3,1405/04/02,10:42:45,موجوديت جديد,خزانه داري,سند حسابداري,7915,1404/11/28,سند عمومي با شماره 7915 ذخيره شد
,شركت قدرت ايمان كوير(سهامي خاص),1404,جوانمرد3,1405/04/02,10:42:41, ويرايش موجوديت,خزانه داري,سند حسابداري,7669,1404/08/28,سند عمومي با شماره 7669 ذخيره شد
,شركت قدرت ايمان كوير(سهامي خاص),1404,جوانمرد3,1405/04/02,10:42:29,موجوديت جديد,خزانه داري,سند خزانه داري,2278,1404/11/28,سند صورت هزينه تنخواه با شماره 2278 ذخيره شد
,شركت بنا بام بيستون (سهامي خاص),1405,آقاحاجي4,1405/04/02,10:42:18, ويرايش موجوديت,حسابداري,سند حسابداري,475,1405/03/23,سند عمومي با شماره ثابت 475 ذخيره شد
,شركت قدرت ايمان كوير(سهامي خاص),1404,شاهروديان3,1405/04/02,10:42:17, ويرايش موجوديت,خزانه داري,سند حسابداري,7670,1404/08/28,سند عمومي با شماره 7670 تاييد شد
,شركت قدرت ايمان كوير(سهامي خاص),1404,جوانمرد3,1405/04/02,10:41:53, ويرايش موجوديت,خزانه داري,سند حسابداري,7670,1404/08/28,سند عمومي با شماره 7670 ذخيره شد
,شركت دنا بنيان بيرجند (سهامي خاص),1405,سپهريان2,1405/04/02,10:41:43, ويرايش موجوديت,خزانه داري,سند خزانه داري,267,1405/04/01,سند اعلاميه برداشت ريالي با شماره 267 ذخيره شد
,شركت كيهان راه شرق (سهامي خاص),1405,كريمزاده1,1405/04/02,10:41:37, ويرايش موجوديت,انبار,سند انبار,3944,1405/03/31,سند حواله مصرف ماشين آلات با شماره 3944 ثبت شد
,شركت قدرت ايمان كوير(سهامي خاص),1404,قاسمي3,1405/04/02,10:41:34, ويرايش موجوديت,خزانه داري,سند حسابداري,4805,1404/10/22,سند عمومي با شماره 4805 تاييد شد
,شركت كيهان راه شرق (سهامي خاص),1405,كريمزاده1,1405/04/02,10:41:34,موجوديت جديد,انبار,سند انبار,7921,1405/03/19,سند رسيد خريد  با شماره 7921 ثبت شد
,شركت كيهان راه شرق (سهامي خاص),1404,نباتي1,1405/04/02,10:40:58,ورود موفق,,نشست,,,
,شركت قدرت ايمان كوير(سهامي خاص),1404,قاسمي3,1405/04/02,10:40:53, ويرايش موجوديت,خزانه داري,سند حسابداري,5570,1404/10/22,سند عمومي با شماره 5570 تاييد شد
,شركت كيهان راه شرق (سهامي خاص),1405,صابونيزاده1,1405/04/02,10:40:47,موجوديت جديد,انبار,سند انبار,7920,1405/04/03,سند رسيد خريد  با شماره 7920 ثبت شد
,شركت كيهان راه شرق (سهامي خاص),1405,كريمزاده1,1405/04/02,10:40:41, ويرايش موجوديت,انبار,سند انبار,3944,1405/03/31,سند حواله مصرف ماشين آلات با شماره 3944 ثبت شد
,شركت قدرت ايمان كوير(سهامي خاص),1404,جوانمرد3,1405/04/02,10:40:00, ويرايش موجوديت,خزانه داري,سند حسابداري,7914,1404/11/28,سند عمومي با شماره 7914 ذخيره شد
,شركت كيهان راه شرق (سهامي خاص),1405,نيكنام,1405/04/02,10:39:55,ورود موفق,,نشست,,,
,شركت قدرت ايمان كوير(سهامي خاص),1404,جوانمرد3,1405/04/02,10:39:46,موجوديت جديد,خزانه داري,سند حسابداري,7914,1404/11/28,سند عمومي با شماره 7914 ذخيره شد
,شركت قدرت ايمان كوير(سهامي خاص),1404,جوانمرد3,1405/04/02,10:39:31,موجوديت جديد,خزانه داري,سند خزانه داري,2277,1404/11/28,سند صورت هزينه تنخواه با شماره 2277 ذخيره شد
,شركت قدرت ايمان كوير(سهامي خاص),1405,فاطمي3,1405/04/02,10:38:48, ويرايش موجوديت,خزانه داري,سند حسابداري,706,1405/03/17,سند عمومي با شماره 706 تاييد شد
,شركت كيهان راه شرق (سهامي خاص),1405,كريمزاده1,1405/04/02,10:38:34, ويرايش موجوديت,انبار,سند انبار,3944,1405/03/31,سند حواله مصرف ماشين آلات با شماره 3944 ثبت شد
,شركت قدرت ايمان كوير(سهامي خاص),1404,جلالي3,1405/04/02,10:38:31,موجوديت جديد,حسابداري,سند حسابداري,7914,1404/12/17,سند عمومي با شماره ثابت 7914 ذخيره شد
,شركت قدرت ايمان كوير(سهامي خاص),1404,نباتي3,1405/04/02,10:38:19,ورود موفق,,نشست,,,
,شركت كيهان راه شرق (سهامي خاص),1405,كريمزاده1,1405/04/02,10:37:54, ويرايش موجوديت,انبار,سند انبار,3944,1405/03/31,سند حواله مصرف ماشين آلات با شماره 3944 ثبت شد
,شركت كيهان راه شرق (سهامي خاص),1405,سجادي,1405/04/02,10:37:34,ورود موفق,,نشست,,,
,تفتان ره ساز پارس,1405,جوانمرد15,1405/04/02,10:37:12, ويرايش موجوديت,خزانه داري,سند حسابداري,311,1405/02/24,سند عمومي با شماره 311 ذخيره شد
,شركت قدرت ايمان كوير(سهامي خاص),1405,فاطمي3,1405/04/02,10:36:21,ورود موفق,,نشست,,,
,تفتان ره ساز پارس,1405,جوانمرد15,1405/04/02,10:36:12, ويرايش موجوديت,خزانه داري,سند حسابداري,311,1405/02/24,سند عمومي با شماره 311 ذخيره شد
,شركت كيهان راه شرق (سهامي خاص),1405,پاشايي,1405/04/02,10:36:11, ويرايش موجوديت,انبار,سند انبار,6719,1405/02/08,سند رسيد خريد  با شماره 6719 ثبت شد
,شركت كيهان راه شرق (سهامي خاص),1405,عبدپور_طرق,1405/04/02,10:36:03,ورود موفق,,نشست,,,
,تفتان ره ساز پارس,1405,جوانمرد15,1405/04/02,10:34:58,ورود موفق,,نشست,,,
,شركت كيهان راه شرق (سهامي خاص),1405,عليزاده,1405/04/02,10:34:41, ويرايش موجوديت,انبار,سند انبار,5968,1405/04/02,سند درخواست كالا از انبار با شماره 5968 ثبت شد
,صولت پارس آمود,1404,دادرس7,1405/04/02,10:34:24, ويرايش موجوديت,حسابداري,سند حسابداري,3925,1404/11/30,سند عمومي با شماره ثابت 3925 ذخيره شد
,شركت كيهان راه شرق (سهامي خاص),1405,عليزاده,1405/04/02,10:34:20, ويرايش موجوديت,انبار,سند انبار,5969,1405/04/02,سند درخواست كالا از انبار با شماره 5969 ثبت شد
,شركت كيهان راه شرق (سهامي خاص),1405,كريمزاده1,1405/04/02,10:34:00, ويرايش موجوديت,انبار,سند انبار,3944,1405/03/31,سند حواله مصرف ماشين آلات با شماره 3944 ثبت شد
,شركت كيهان راه شرق (سهامي خاص),1405,صابونيزاده1,1405/04/02,10:33:37, ويرايش موجوديت,انبار,سند انبار,7450,1405/03/16,سند رسيد خريد  با شماره 7450 ثبت شد
,صولت پارس آمود,1404,دادرس7,1405/04/02,10:33:24,ورود موفق,,نشست,,,
,شركت بنا بام بيستون (سهامي خاص),1405,آقاحاجي4,1405/04/02,10:32:59,موجوديت جديد,حسابداري,سند حسابداري,475,1405/03/23,سند عمومي با شماره ثابت 475 ذخيره شد
,رايان سازه آذرخش,1404,نباتي9,1405/04/02,10:32:40, ويرايش موجوديت,حسابداري,سند حسابداري,968,1404/09/05,سند عمومي با شماره 968 تاييد شد
,رايان سازه آذرخش,1404,نباتي9,1405/04/02,10:32:36, ويرايش موجوديت,حسابداري,سند حسابداري,968,1404/09/05,سند عمومي با شماره ثابت 968 ذخيره شد
,شركت كيهان راه شرق (سهامي خاص),1405,كريمزاده1,1405/04/02,10:32:18, ويرايش موجوديت,انبار,سند انبار,3944,1405/03/31,سند حواله مصرف ماشين آلات با شماره 3944 ثبت شد
,رايان سازه آذرخش,1404,نباتي9,1405/04/02,10:32:11, ويرايش موجوديت,حسابداري,سند حسابداري,968,1404/09/05,سند عمومي با شماره ثابت 968 ذخيره شد
,شركت قدرت ايمان كوير(سهامي خاص),1405,جعفري3,1405/04/02,10:32:09,موجوديت جديد,خزانه داري,سند حسابداري,7912,1404/12/21,سند عمومي با شماره 7912 ذخيره شد
,شركت دنا بنيان بيرجند (سهامي خاص),1405,سپهريان2,1405/04/02,10:32:02, ويرايش موجوديت,خزانه داري,سند خزانه داري,267,1405/04/01,سند اعلاميه برداشت ريالي با شماره 267 ذخيره شد
,شركت كيهان راه شرق (سهامي خاص),1405,عليزاده,1405/04/02,10:31:56, ويرايش موجوديت,انبار,سند انبار,5959,1405/04/02,سند درخواست كالا از انبار با شماره 5959 ثبت شد
,شركت قدرت ايمان كوير(سهامي خاص),1405,جعفري3,1405/04/02,10:31:46,موجوديت جديد,خزانه داري,سند خزانه داري,2276,1404/12/21,سند صورت هزينه تنخواه با شماره 2276 ذخيره شد
,شركت كيهان راه شرق (سهامي خاص),1405,عليزاده,1405/04/02,10:31:37, ويرايش موجوديت,انبار,سند انبار,5960,1405/04/02,سند درخواست كالا از انبار با شماره 5960 ثبت شد
,شركت قدرت ايمان كوير(سهامي خاص),1404,جوانمرد3,1405/04/02,10:31:29,موجوديت جديد,خزانه داري,سند حسابداري,7911,1404/11/29,سند عمومي با شماره 7911 ذخيره شد
,شركت قدرت ايمان كوير(سهامي خاص),1404,جوانمرد3,1405/04/02,10:31:15,موجوديت جديد,خزانه داري,سند خزانه داري,2275,1404/11/29,سند صورت هزينه تنخواه با شماره 2275 ذخيره شد
,شركت كيهان راه شرق (سهامي خاص),1405,عليزاده,1405/04/02,10:30:57, ويرايش موجوديت,انبار,سند انبار,5962,1405/04/02,سند درخواست كالا از انبار با شماره 5962 ثبت شد
,شركت كيهان راه شرق (سهامي خاص),1405,صابونيزاده1,1405/04/02,10:30:39, ويرايش موجوديت,انبار,سند انبار,7444,1405/03/16,سند رسيد خريد  با شماره 7444 ثبت شد
,صولت پارس آمود,1404,سلطاني7,1405/04/02,10:30:28,ورود موفق,,نشست,,,
,شركت كيهان راه شرق (سهامي خاص),1405,عليزاده,1405/04/02,10:30:27, ويرايش موجوديت,انبار,سند انبار,5961,1405/04/02,سند درخواست كالا از انبار با شماره 5961 ثبت شد
,شركت كيهان راه شرق (سهامي خاص),1404,الاجگردي1,1405/04/02,10:30:15, ويرايش موجوديت,خزانه داري,سند حسابداري,30391,1404/11/27,سند عمومي با شماره 30391 تاييد شد
,شركت كيهان راه شرق (سهامي خاص),1405,عليزاده,1405/04/02,10:29:53, ويرايش موجوديت,انبار,سند انبار,5963,1405/04/02,سند درخواست كالا از انبار با شماره 5963 ثبت شد
,شركت كيهان راه شرق (سهامي خاص),1405,كريمزاده1,1405/04/02,10:29:49, ويرايش موجوديت,انبار,سند انبار,3944,1405/03/31,سند حواله مصرف ماشين آلات با شماره 3944 ثبت شد
,مينو ساز گلستان,1404,سلطاني10,1405/04/02,10:29:45, ويرايش موجوديت,خزانه داري,سند حسابداري,1352,1404/11/30,سند عمومي با شماره 1352 تاييد شد
,شركت قدرت ايمان كوير(سهامي خاص),1404,جوانمرد3,1405/04/02,10:29:39,موجوديت جديد,خزانه داري,سند حسابداري,7910,1404/11/29,سند عمومي با شماره 7910 ذخيره شد
,شركت قدرت ايمان كوير(سهامي خاص),1404,جوانمرد3,1405/04/02,10:29:22,موجوديت جديد,خزانه داري,سند خزانه داري,2274,1404/11/29,سند صورت هزينه تنخواه با شماره 2274 ذخيره شد
,شركت دنا بنيان بيرجند (سهامي خاص),1405,سپهريان2,1405/04/02,10:29:09,موجوديت جديد,خزانه داري,سند خزانه داري,267,1405/04/01,سند اعلاميه برداشت ريالي با شماره 267 ذخيره شد
,شركت بنا بام بيستون (سهامي خاص),1405,آقاحاجي4,1405/04/02,10:28:41,ورود موفق,,نشست,,,
,شركت كيهان راه شرق (سهامي خاص),1405,كريمزاده1,1405/04/02,10:28:34, ويرايش موجوديت,انبار,سند انبار,3944,1405/03/31,سند حواله مصرف ماشين آلات با شماره 3944 ثبت شد
,شركت كيهان راه شرق (سهامي خاص),1404,برهان,1405/04/02,10:28:16,ورود موفق,,نشست,,,
,شركت كيهان راه شرق (سهامي خاص),1405,عليزاده,1405/04/02,10:27:42, ويرايش موجوديت,انبار,سند انبار,5964,1405/04/02,سند درخواست كالا از انبار با شماره 5964 ثبت شد
,شركت كيهان راه شرق (سهامي خاص),1405,صابونيزاده1,1405/04/02,10:27:36, ويرايش موجوديت,انبار,سند انبار,7078,1405/03/16,سند رسيد خريد  با شماره 7078 ثبت شد
,شركت قدرت ايمان كوير(سهامي خاص),1405,جعفري3,1405/04/02,10:27:32,موجوديت جديد,خزانه داري,سند حسابداري,7909,1404/12/21,سند عمومي با شماره 7909 ذخيره شد
,شركت قدرت ايمان كوير(سهامي خاص),1404,جوانمرد3,1405/04/02,10:27:18,موجوديت جديد,خزانه داري,سند حسابداري,7908,1404/11/29,سند عمومي با شماره 7908 ذخيره شد
,شركت كيهان راه شرق (سهامي خاص),1405,عليزاده,1405/04/02,10:27:09, ويرايش موجوديت,انبار,سند انبار,5966,1405/04/02,سند درخواست كالا از انبار با شماره 5966 ثبت شد
,شركت كيهان راه شرق (سهامي خاص),1405,كريمزاده1,1405/04/02,10:27:06,موجوديت جديد,انبار,سند انبار,5969,1405/04/02,سند درخواست كالا از انبار با شماره 5969 ثبت شد
,شركت قدرت ايمان كوير(سهامي خاص),1404,جوانمرد3,1405/04/02,10:27:02,موجوديت جديد,خزانه داري,سند خزانه داري,2273,1404/11/29,سند صورت هزينه تنخواه با شماره 2273 ذخيره شد
,شركت قدرت ايمان كوير(سهامي خاص),1405,جعفري3,1405/04/02,10:26:55,موجوديت جديد,خزانه داري,سند خزانه داري,2272,1404/12/21,سند صورت هزينه تنخواه با شماره 2272 ذخيره شد
,شركت كيهان راه شرق (سهامي خاص),1405,عليزاده,1405/04/02,10:26:50, ويرايش موجوديت,انبار,سند انبار,5967,1405/04/02,سند درخواست كالا از انبار با شماره 5967 ثبت شد
,شركت كيهان راه شرق (سهامي خاص),1405,كريمزاده1,1405/04/02,10:26:44, ويرايش موجوديت,انبار,سند انبار,3944,1405/03/31,سند حواله مصرف ماشين آلات با شماره 3944 ثبت شد
,مينو ساز گلستان,1404,سلطاني10,1405/04/02,10:26:17, ويرايش موجوديت,خزانه داري,سند حسابداري,1352,1404/11/30,سند عمومي با شماره 1352 ذخيره شد
,شركت كيهان راه شرق (سهامي خاص),1405,كريمزاده1,1405/04/02,10:25:49, ويرايش موجوديت,انبار,سند انبار,3944,1405/03/31,سند حواله مصرف ماشين آلات با شماره 3944 ثبت شد
,شركت دنا بنيان بيرجند (سهامي خاص),1405,فاطمي2,1405/04/02,10:25:19, ويرايش موجوديت,خزانه داري,سند حسابداري,964,1405/03/28,سند عمومي با شماره 964 تاييد شد
,شركت كيهان راه شرق (سهامي خاص),1405,كريمزاده1,1405/04/02,10:24:22,موجوديت جديد,انبار,سند انبار,5968,1405/04/02,سند درخواست كالا از انبار با شماره 5968 ثبت شد
,شركت قدرت ايمان كوير(سهامي خاص),1405,جعفري3,1405/04/02,10:24:12,موجوديت جديد,خزانه داري,سند حسابداري,7907,1404/12/21,سند عمومي با شماره 7907 ذخيره شد
,شركت قدرت ايمان كوير(سهامي خاص),1405,كاظميان3,1405/04/02,10:24:03,موجوديت جديد,خزانه داري,سند حسابداري,7906,1404/07/16,سند عمومي با شماره 7906 ذخيره شد
,شركت قدرت ايمان كوير(سهامي خاص),1405,كاظميان3,1405/04/02,10:23:36,موجوديت جديد,خزانه داري,سند خزانه داري,2271,1404/07/16,سند صورت هزينه تنخواه با شماره 2271 ذخيره شد
,شركت قدرت ايمان كوير(سهامي خاص),1405,جعفري3,1405/04/02,10:23:31,موجوديت جديد,خزانه داري,سند خزانه داري,2270,1404/12/21,سند صورت هزينه تنخواه با شماره 2270 ذخيره شد
,شركت قدرت ايمان كوير(سهامي خاص),1405,سيدمرتضي_حسيني3,1405/04/02,10:23:25,موجوديت جديد,حسابداري,سند حسابداري,1006,1405/04/02,سند عمومي با شماره ثابت 1006 ذخيره شد
,شركت قدرت ايمان كوير(سهامي خاص),1404,جوانمرد3,1405/04/02,10:22:54,موجوديت جديد,خزانه داري,سند حسابداري,7905,1404/11/29,سند عمومي با شماره 7905 ذخيره شد
,شركت قدرت ايمان كوير(سهامي خاص),1404,جوانمرد3,1405/04/02,10:22:38,موجوديت جديد,خزانه داري,سند خزانه داري,2269,1404/11/29,سند صورت هزينه تنخواه با شماره 2269 ذخيره شد
,شركت كيهان راه شرق (سهامي خاص),1405,كريمزاده1,1405/04/02,10:21:46, ويرايش موجوديت,انبار,سند انبار,3944,1405/03/31,سند حواله مصرف ماشين آلات با شماره 3944 ثبت شد
,شركت قدرت ايمان كوير(سهامي خاص),1405,كاظميان3,1405/04/02,10:21:42, ويرايش موجوديت,خزانه داري,سند حسابداري,7849,1404/07/20,سند عمومي با شماره 7849 ذخيره شد
,شركت كيهان راه شرق (سهامي خاص),1405,صابونيزاده1,1405/04/02,10:21:28, ويرايش موجوديت,انبار,سند انبار,7443,1405/03/16,سند رسيد خريد  با شماره 7443 ثبت شد
,شركت قدرت ايمان كوير(سهامي خاص),1404,قاسمي3,1405/04/02,10:20:42, ويرايش موجوديت,خزانه داري,سند حسابداري,4275,1404/10/01,سند عمومي با شماره 4275 تاييد شد
,شركت قدرت ايمان كوير(سهامي خاص),1405,جعفري3,1405/04/02,10:20:39,موجوديت جديد,خزانه داري,سند حسابداري,7904,1404/12/22,سند عمومي با شماره 7904 ذخيره شد
,شركت قدرت ايمان كوير(سهامي خاص),1404,جوانمرد3,1405/04/02,10:20:24,موجوديت جديد,خزانه داري,سند حسابداري,7903,1404/11/29,سند عمومي با شماره 7903 ذخيره شد
,شركت قدرت ايمان كوير(سهامي خاص),1405,جعفري3,1405/04/02,10:20:22,موجوديت جديد,خزانه داري,سند خزانه داري,2268,1404/12/22,سند صورت هزينه تنخواه با شماره 2268 ذخيره شد
,شركت قدرت ايمان كوير(سهامي خاص),1404,جوانمرد3,1405/04/02,10:20:12,موجوديت جديد,خزانه داري,سند خزانه داري,2267,1404/11/29,سند صورت هزينه تنخواه با شماره 2267 ذخيره شد
,شركت قدرت ايمان كوير(سهامي خاص),1405,كاظميان3,1405/04/02,10:19:37, ويرايش موجوديت,خزانه داري,سند حسابداري,7870,1404/07/17,سند عمومي با شماره 7870 ذخيره شد
,شركت كيهان راه شرق (سهامي خاص),1405,اجنوردي1,1405/04/02,10:19:16,موجوديت جديد,انبار,سند انبار,3945,1405/04/02,سند حواله مصرف ماشين آلات با شماره 3945 ثبت شد
,شركت قدرت ايمان كوير(سهامي خاص),1404,شاهروديان3,1405/04/02,10:19:02, ويرايش موجوديت,خزانه داري,سند حسابداري,7671,1404/08/28,سند عمومي با شماره 7671 تاييد شد
,شركت كيهان راه شرق (سهامي خاص),1405,كريمزاده1,1405/04/02,10:18:58, ويرايش موجوديت,انبار,سند انبار,3944,1405/03/31,سند حواله مصرف ماشين آلات با شماره 3944 ثبت شد
,شركت قدرت ايمان كوير(سهامي خاص),1405,كاظميان3,1405/04/02,10:18:57, ويرايش موجوديت,خزانه داري,سند حسابداري,7872,1404/07/17,سند عمومي با شماره 7872 ذخيره شد
,شركت قدرت ايمان كوير(سهامي خاص),1404,جوانمرد3,1405/04/02,10:18:45,موجوديت جديد,خزانه داري,سند حسابداري,7902,1404/11/30,سند عمومي با شماره 7902 ذخيره شد
,شركت قدرت ايمان كوير(سهامي خاص),1404,شاهروديان3,1405/04/02,10:18:38, ويرايش موجوديت,خزانه داري,سند حسابداري,7672,1404/08/28,سند عمومي با شماره 7672 تاييد شد
,شركت قدرت ايمان كوير(سهامي خاص),1404,جوانمرد3,1405/04/02,10:18:31,موجوديت جديد,خزانه داري,سند خزانه داري,2266,1404/11/30,سند صورت هزينه تنخواه با شماره 2266 ذخيره شد
,شركت قدرت ايمان كوير(سهامي خاص),1405,سيدمرتضي_حسيني3,1405/04/02,10:18:23,ورود موفق,,نشست,,,
,شركت كيهان راه شرق (سهامي خاص),1405,كريمزاده1,1405/04/02,10:18:19,موجوديت جديد,انبار,سند انبار,5967,1405/04/02,سند درخواست كالا از انبار با شماره 5967 ثبت شد
,شركت قدرت ايمان كوير(سهامي خاص),1404,شاهروديان3,1405/04/02,10:18:12, ويرايش موجوديت,خزانه داري,سند حسابداري,7673,1404/08/27,سند عمومي با شماره 7673 تاييد شد
,شركت قدرت ايمان كوير(سهامي خاص),1405,كاظميان3,1405/04/02,10:17:45, ويرايش موجوديت,خزانه داري,سند حسابداري,7877,1404/07/17,سند عمومي با شماره 7877 ذخيره شد
,شركت قدرت ايمان كوير(سهامي خاص),1404,جوانمرد3,1405/04/02,10:17:44, ويرايش موجوديت,خزانه داري,سند حسابداري,7673,1404/08/27,سند عمومي با شماره 7673 ذخيره شد
,شركت باراد معدن فلات شرق,1405,آقاحاجي21,1405/04/02,10:17:36, ويرايش موجوديت,حسابداري,سند حسابداري,26,1405/03/22,سند عمومي با شماره ثابت 26 ذخيره شد
,شركت كيهان راه شرق (سهامي خاص),1405,صابونيزاده1,1405/04/02,10:17:33, ويرايش موجوديت,انبار,سند انبار,7446,1405/03/16,سند رسيد خريد  با شماره 7446 ثبت شد
,شركت قدرت ايمان كوير(سهامي خاص),1404,قاسمي3,1405/04/02,10:17:29, ويرايش موجوديت,خزانه داري,سند حسابداري,4371,1404/10/03,سند عمومي با شماره 4371 تاييد شد
,شركت كيهان راه شرق (سهامي خاص),1405,كريمزاده1,1405/04/02,10:17:27, ويرايش موجوديت,انبار,سند انبار,3944,1405/03/31,سند حواله مصرف ماشين آلات با شماره 3944 ثبت شد
,شركت كيهان راه شرق (سهامي خاص),1404,محمدرضا_سلمانيان,1405/04/02,10:17:16,ورود موفق,,نشست,,,
,شركت قدرت ايمان كوير(سهامي خاص),1404,شاهروديان3,1405/04/02,10:17:13, ويرايش موجوديت,خزانه داري,سند حسابداري,7674,1404/08/27,سند عمومي با شماره 7674 تاييد شد
,مينو ساز گلستان,1404,سلطاني10,1405/04/02,10:17:12, ويرايش موجوديت,خزانه داري,سند حسابداري,1364,1404/12/29,سند عمومي با شماره 1364 تاييد شد
,شركت قدرت ايمان كوير(سهامي خاص),1405,كاظميان3,1405/04/02,10:17:04, ويرايش موجوديت,خزانه داري,سند حسابداري,7886,1404/07/19,سند عمومي با شماره 7886 ذخيره شد
,شركت قدرت ايمان كوير(سهامي خاص),1404,جوانمرد3,1405/04/02,10:16:53, ويرايش موجوديت,خزانه داري,سند حسابداري,7674,1404/08/27,سند عمومي با شماره 7674 ذخيره شد
,شركت قدرت ايمان كوير(سهامي خاص),1404,جوانمرد3,1405/04/02,10:16:36,موجوديت جديد,خزانه داري,سند حسابداري,7901,1404/11/30,سند عمومي با شماره 7901 ذخيره شد
,شركت قدرت ايمان كوير(سهامي خاص),1404,جوانمرد3,1405/04/02,10:16:10,موجوديت جديد,خزانه داري,سند خزانه داري,2265,1404/11/30,سند صورت هزينه تنخواه با شماره 2265 ذخيره شد
,شركت قدرت ايمان كوير(سهامي خاص),1404,شاهروديان3,1405/04/02,10:16:09, ويرايش موجوديت,خزانه داري,سند حسابداري,7675,1404/08/28,سند عمومي با شماره 7675 تاييد شد
,شركت قدرت ايمان كوير(سهامي خاص),1404,شاهروديان3,1405/04/02,10:15:37, ويرايش موجوديت,خزانه داري,سند حسابداري,7676,1404/08/27,سند عمومي با شماره 7676 تاييد شد
,شركت قدرت ايمان كوير(سهامي خاص),1405,كاظميان3,1405/04/02,10:15:17, ويرايش موجوديت,خزانه داري,سند حسابداري,7889,1404/07/17,سند عمومي با شماره 7889 ذخيره شد
,شركت قدرت ايمان كوير(سهامي خاص),1404,جوانمرد3,1405/04/02,10:15:14, ويرايش موجوديت,خزانه داري,سند حسابداري,7676,1404/08/27,سند عمومي با شماره 7676 ذخيره شد
,شركت قدرت ايمان كوير(سهامي خاص),1404,قاسمي3,1405/04/02,10:14:58, ويرايش موجوديت,خزانه داري,سند حسابداري,4668,1404/10/16,سند عمومي با شماره 4668 تاييد شد
,شركت قدرت ايمان كوير(سهامي خاص),1404,شاهروديان3,1405/04/02,10:14:41, ويرايش موجوديت,خزانه داري,سند حسابداري,7677,1404/08/27,سند عمومي با شماره 7677 تاييد شد
,شركت قدرت ايمان كوير(سهامي خاص),1404,جوانمرد3,1405/04/02,10:14:30, ويرايش موجوديت,خزانه داري,سند حسابداري,7677,1404/08/27,سند عمومي با شماره 7677 ذخيره شد
,شركت قدرت ايمان كوير(سهامي خاص),1404,جوانمرد3,1405/04/02,10:14:28,موجوديت جديد,خزانه داري,سند حسابداري,7900,1404/11/30,سند عمومي با شماره 7900 ذخيره شد
,شركت كيهان راه شرق (سهامي خاص),1405,باباپور1,1405/04/02,10:14:20, ويرايش موجوديت,انبار,سند انبار,5962,1405/04/02,سند درخواست كالا از انبار با شماره 5962 ثبت شد
,شركت قدرت ايمان كوير(سهامي خاص),1404,جوانمرد3,1405/04/02,10:14:12,موجوديت جديد,خزانه داري,سند خزانه داري,2264,1404/11/30,سند صورت هزينه تنخواه با شماره 2264 ذخيره شد
,شركت كيهان راه شرق (سهامي خاص),1405,صابونيزاده1,1405/04/02,10:13:59, ويرايش موجوديت,انبار,سند انبار,7447,1405/03/16,سند رسيد خريد  با شماره 7447 ثبت شد
,شركت كيهان راه شرق (سهامي خاص),1405,عليرضاسالاري,1405/04/02,10:13:57, ويرايش موجوديت,انبار,سند انبار,5965,1405/04/02,سند درخواست كالا از انبار با شماره 5965 ثبت شد
,شركت قدرت ايمان كوير(سهامي خاص),1404,جلالي3,1405/04/02,10:13:43,موجوديت جديد,حسابداري,سند حسابداري,7900,1404/11/12,سند عمومي با شماره ثابت 7900 ذخيره شد
,شركت قدرت ايمان كوير(سهامي خاص),1404,شاهروديان3,1405/04/02,10:13:34, ويرايش موجوديت,خزانه داري,سند حسابداري,7678,1404/08/26,سند عمومي با شماره 7678 تاييد شد
,شركت قدرت ايمان كوير(سهامي خاص),1404,جوانمرد3,1405/04/02,10:13:26, ويرايش موجوديت,خزانه داري,سند حسابداري,7678,1404/08/26,سند عمومي با شماره 7678 ذخيره شد
,شركت قدرت ايمان كوير(سهامي خاص),1404,قاسمي3,1405/04/02,10:12:24, ويرايش موجوديت,خزانه داري,سند حسابداري,4519,1404/10/11,سند عمومي با شماره 4519 تاييد شد
,شركت قدرت ايمان كوير(سهامي خاص),1404,جوانمرد3,1405/04/02,10:12:22,موجوديت جديد,خزانه داري,سند حسابداري,7898,1404/11/30,سند عمومي با شماره 7898 ذخيره شد
,شركت كيهان راه شرق (سهامي خاص),1405,مينايي,1405/04/02,10:12:20,ورود موفق,,نشست,,,
,شركت قدرت ايمان كوير(سهامي خاص),1404,جوانمرد3,1405/04/02,10:12:07,موجوديت جديد,خزانه داري,سند خزانه داري,2263,1404/11/30,سند صورت هزينه تنخواه با شماره 2263 ذخيره شد
,شركت كيهان راه شرق (سهامي خاص),1405,كريمزاده1,1405/04/02,10:11:46, ويرايش موجوديت,انبار,سند انبار,5966,1405/04/02,سند درخواست كالا از انبار با شماره 5966 ثبت شد
,شركت كيهان راه شرق (سهامي خاص),1405,عليرضاسالاري,1405/04/02,10:11:26, ويرايش موجوديت,انبار,سند انبار,4986,1405/03/20,سند درخواست كالا از انبار با شماره 4986 ثبت شد
,شركت كيهان راه شرق (سهامي خاص),1405,كريمزاده1,1405/04/02,10:11:06, ويرايش موجوديت,انبار,سند انبار,5966,1405/04/02,سند درخواست كالا از انبار با شماره 5966 ثبت شد
,شركت باراد معدن فلات شرق,1405,آقاحاجي21,1405/04/02,10:10:58,ورود موفق,,نشست,,,
,شركت قدرت ايمان كوير(سهامي خاص),1404,جلالي3,1405/04/02,10:10:43,ورود موفق,,نشست,,,
,شركت كيهان راه شرق (سهامي خاص),1405,كريمزاده1,1405/04/02,10:10:06,موجوديت جديد,انبار,سند انبار,3944,1405/03/31,سند حواله مصرف ماشين آلات با شماره 3944 ثبت شد
,شركت قدرت ايمان كوير(سهامي خاص),1404,قاسمي3,1405/04/02,10:09:50, ويرايش موجوديت,خزانه داري,سند حسابداري,4571,1404/10/14,سند عمومي با شماره 4571 تاييد شد
,شركت كيهان راه شرق (سهامي خاص),1404,الاجگردي1,1405/04/02,10:09:42, ويرايش موجوديت,خزانه داري,سند حسابداري,28591,1404/12/02,سند عمومي با شماره 28591 تاييد شد
,شركت قدرت ايمان كوير(سهامي خاص),1404,قاسمي3,1405/04/02,10:09:17, ويرايش موجوديت,خزانه داري,سند حسابداري,4572,1404/10/14,سند عمومي با شماره 4572 تاييد شد
,شركت كيهان راه شرق (سهامي خاص),1405,نيلوفريعقوبي1,1405/04/02,10:09:14,موجوديت جديد,حسابداري,سند حسابداري,2631,1405/01/31,سند عمومي با شماره ثابت 2631 ذخيره شد
,صولت پارس آمود,1404,جلالي7,1405/04/02,10:09:07,موجوديت جديد,حسابداري,سند حسابداري,4458,1404/11/20,سند عمومي با شماره ثابت 4458 ذخيره شد
,شركت قدرت ايمان كوير(سهامي خاص),1404,جوانمرد3,1405/04/02,10:08:48,موجوديت جديد,خزانه داري,سند حسابداري,7897,1404/11/30,سند عمومي با شماره 7897 ذخيره شد
,شركت كيهان راه شرق (سهامي خاص),1405,كريمزاده1,1405/04/02,10:08:33,موجوديت جديد,انبار,سند انبار,5966,1405/04/02,سند درخواست كالا از انبار با شماره 5966 ثبت شد
,شركت قدرت ايمان كوير(سهامي خاص),1404,جوانمرد3,1405/04/02,10:08:32,موجوديت جديد,خزانه داري,سند خزانه داري,2262,1404/11/30,سند صورت هزينه تنخواه با شماره 2262 ذخيره شد
,شركت كيهان راه شرق (سهامي خاص),1405,بهرامي1بيرجند,1405/04/02,10:08:05,موجوديت جديد,انبار,سند انبار,3943,1405/04/02,سند حواله مصرف ماشين آلات با شماره 3943 ثبت شد
,تفتان ره ساز پارس,1404,جوانمرد15,1405/04/02,10:08:00, ويرايش موجوديت,خزانه داري,سند حسابداري,311,1405/02/24,سند عمومي با شماره 311 ذخيره شد
,شركت كيهان راه شرق (سهامي خاص),1405,اجنوردي1,1405/04/02,10:07:54, ويرايش موجوديت,انبار,سند انبار,1862,1405/02/28,سند حواله مصرف ماشين آلات با شماره 1862 ثبت شد
,شركت كيهان راه شرق (سهامي خاص),1405,صابونيزاده1,1405/04/02,10:07:50, ويرايش موجوديت,انبار,سند انبار,4833,1405/03/04,سند رسيد خريد  با شماره 4833 ثبت شد
,شركت قدرت ايمان كوير(سهامي خاص),1405,جعفري3,1405/04/02,10:07:17,موجوديت جديد,خزانه داري,سند حسابداري,7896,1404/12/21,سند عمومي با شماره 7896 ذخيره شد
,شركت كيهان راه شرق (سهامي خاص),1405,نيلوفريعقوبي1,1405/04/02,10:07:13, ويرايش موجوديت,حسابداري,سند حسابداري,2630,1405/03/31,سند عمومي با شماره ثابت 2630 ذخيره شد
,شركت قدرت ايمان كوير(سهامي خاص),1404,قاسمي3,1405/04/02,10:06:46, ويرايش موجوديت,خزانه داري,سند حسابداري,4553,1404/10/09,سند عمومي با شماره 4553 تاييد شد
,شركت قدرت ايمان كوير(سهامي خاص),1405,جعفري3,1405/04/02,10:06:39,موجوديت جديد,خزانه داري,سند خزانه داري,2261,1404/12/21,سند صورت هزينه تنخواه با شماره 2261 ذخيره شد
,شركت كيهان راه شرق (سهامي خاص),1405,سيدي,1405/04/02,10:06:36, ويرايش موجوديت,انبار,سند انبار,1340,1405/03/20,سند حواله انتقال بين انبار با شماره 1340 ثبت شد
,شركت كيهان راه شرق (سهامي خاص),1405,نيلوفريعقوبي1,1405/04/02,10:06:12,موجوديت جديد,حسابداري,سند حسابداري,2630,1405/04/02,سند عمومي با شماره ثابت 2630 ذخيره شد
,صولت پارس آمود,1404,جلالي7,1405/04/02,10:05:42,ورود موفق,,نشست,,,
,تفتان ره ساز پارس,1404,جوانمرد15,1405/04/02,10:05:37, ويرايش موجوديت,خزانه داري,سند حسابداري,311,1405/02/24,سند عمومي با شماره 311 ذخيره شد
,شركت كيهان راه شرق (سهامي خاص),1405,نيلوفريعقوبي1,1405/04/02,10:05:36,موجوديت جديد,حسابداري,سند حسابداري,2629,1405/02/31,سند عمومي با شماره ثابت 2629 ذخيره شد
,شركت قدرت ايمان كوير(سهامي خاص),1405,كاظميان3,1405/04/02,10:05:30, ويرايش موجوديت,خزانه داري,سند حسابداري,7894,1404/07/16,سند عمومي با شماره 7894 ذخيره شد
,شركت كيهان راه شرق (سهامي خاص),1405,صابونيزاده1,1405/04/02,10:05:19, ويرايش موجوديت,انبار,سند انبار,4835,1405/03/04,سند رسيد خريد  با شماره 4835 ثبت شد
,شركت كيهان راه شرق (سهامي خاص),1404,الاجگردي1,1405/04/02,10:05:12, ويرايش موجوديت,خزانه داري,سند حسابداري,28586,1404/11/21,سند عمومي با شماره 28586 تاييد شد
,شركت كيهان راه شرق (سهامي خاص),1405,نيلوفريعقوبي1,1405/04/02,10:04:32,ورود موفق,,نشست,,,
,تفتان ره ساز پارس,1404,جوانمرد15,1405/04/02,10:04:29, ويرايش موجوديت,خزانه داري,سند حسابداري,311,1405/02/24,سند عمومي با شماره 311 ذخيره شد
,مينو ساز گلستان,1404,سلطاني10,1405/04/02,10:04:13,ورود موفق,,نشست,,,
,شركت قدرت ايمان كوير(سهامي خاص),1404,نيلوفريعقوبي3,1405/04/02,10:04:05,موجوديت جديد,حسابداري,سند حسابداري,1005,1405/03/31,سند عمومي با شماره ثابت 1005 ذخيره شد
,شركت قدرت ايمان كوير(سهامي خاص),1405,كاظميان3,1405/04/02,10:04:04, ويرايش موجوديت,خزانه داري,سند حسابداري,7894,1404/07/16,سند عمومي با شماره 7894 ذخيره شد
,شركت قدرت ايمان كوير(سهامي خاص),1405,جعفري3,1405/04/02,10:03:59,موجوديت جديد,خزانه داري,سند حسابداري,7895,1404/12/21,سند عمومي با شماره 7895 ذخيره شد
,شركت قدرت ايمان كوير(سهامي خاص),1405,كاظميان3,1405/04/02,10:03:53,موجوديت جديد,خزانه داري,سند حسابداري,7894,1404/07/16,سند عمومي با شماره 7894 ذخيره شد
,شركت قدرت ايمان كوير(سهامي خاص),1405,جعفري3,1405/04/02,10:03:36,موجوديت جديد,خزانه داري,سند خزانه داري,2260,1404/12/21,سند صورت هزينه تنخواه با شماره 2260 ذخيره شد
,شركت قدرت ايمان كوير(سهامي خاص),1404,نيلوفريعقوبي3,1405/04/02,10:03:23,موجوديت جديد,حسابداري,سند حسابداري,1004,1405/02/31,سند عمومي با شماره ثابت 1004 ذخيره شد
,شركت قدرت ايمان كوير(سهامي خاص),1405,كاظميان3,1405/04/02,10:03:22,موجوديت جديد,خزانه داري,سند خزانه داري,2259,1404/07/16,سند صورت هزينه تنخواه با شماره 2259 ذخيره شد
,شركت دنا بنيان بيرجند (سهامي خاص),1405,جلالي2,1405/04/02,10:02:53,موجوديت جديد,حسابداري,سند حسابداري,1052,1405/02/31,سند عمومي با شماره ثابت 1052 ذخيره شد
,شركت كيهان راه شرق (سهامي خاص),1405,كريمزاده1,1405/04/02,10:01:39, ويرايش موجوديت,انبار,سند انبار,3718,1405/03/30,سند حواله مصرف ماشين آلات با شماره 3718 ثبت شد
,شركت قدرت ايمان كوير(سهامي خاص),1405,جعفري3,1405/04/02,10:01:25,موجوديت جديد,خزانه داري,سند حسابداري,7893,1404/12/20,سند عمومي با شماره 7893 ذخيره شد
,شركت كيهان راه شرق (سهامي خاص),1405,كريمزاده1,1405/04/02,10:00:47, ويرايش موجوديت,انبار,سند انبار,3718,1405/03/30,سند حواله مصرف ماشين آلات با شماره 3718 ثبت شد
,شركت كيهان راه شرق (سهامي خاص),1405,عليرضاسالاري,1405/04/02,10:00:25, ويرايش موجوديت,انبار,سند انبار,4911,1405/03/19,سند درخواست كالا از انبار با شماره 4911 ثبت شد
,شركت بنا بام بيستون (سهامي خاص),1404,سلطاني4,1405/04/02,10:00:17, ويرايش موجوديت,خزانه داري,سند حسابداري,3178,1404/12/28,سند عمومي با شماره 3178 تاييد شد
,شركت كيهان راه شرق (سهامي خاص),1405,صابونيزاده1,1405/04/02,10:00:07, ويرايش موجوديت,انبار,سند انبار,4842,1405/03/04,سند رسيد خريد  با شماره 4842 ثبت شد
,شركت قدرت ايمان كوير(سهامي خاص),1405,جعفري3,1405/04/02,09:59:59,موجوديت جديد,خزانه داري,سند خزانه داري,2258,1404/12/20,سند صورت هزينه تنخواه با شماره 2258 ذخيره شد
,شركت كيهان راه شرق (سهامي خاص),1405,درويش_نيا_تربت,1405/04/02,09:59:37, ويرايش موجوديت,انبار,سند انبار,5965,1405/04/02,سند درخواست كالا از انبار با شماره 5965 ثبت شد
,شركت قدرت ايمان كوير(سهامي خاص),1404,نيكنام3,1405/04/02,09:59:27,موجوديت جديد,حسابداري,سند حسابداري,7893,1404/12/11,سند عمومي با شماره ثابت 7893 ذخيره شد
,شركت كيهان راه شرق (سهامي خاص),1405,بهرامي1بيرجند,1405/04/02,09:59:26,موجوديت جديد,انبار,سند انبار,3942,1405/04/01,سند حواله مصرف ماشين آلات با شماره 3942 ثبت شد
,شركت كيهان راه شرق (سهامي خاص),1405,درويش_نيا_تربت,1405/04/02,09:59:22, ويرايش موجوديت,انبار,سند انبار,5965,1405/04/02,سند درخواست كالا از انبار با شماره 5965 ثبت شد
,شركت كيهان راه شرق (سهامي خاص),1405,درويش_نيا_تربت,1405/04/02,09:59:13, ويرايش موجوديت,انبار,سند انبار,5965,1405/04/02,سند درخواست كالا از انبار با شماره 5965 ثبت شد
,شركت كيهان راه شرق (سهامي خاص),1405,درويش_نيا_تربت,1405/04/02,09:59:06,موجوديت جديد,انبار,سند انبار,5965,1405/04/02,سند درخواست كالا از انبار با شماره 5965 ثبت شد
,تفتان ره ساز پارس,1404,جوانمرد15,1405/04/02,09:58:09, ويرايش موجوديت,خزانه داري,سند حسابداري,311,1405/02/24,سند عمومي با شماره 311 ذخيره شد
,شعبه ششم,1405,غلامي6,1405/04/02,09:57:56,ورود موفق,,نشست,,,
,شركت كيهان راه شرق (سهامي خاص),1405,اجنوردي1,1405/04/02,09:57:34,موجوديت جديد,انبار,سند انبار,1443,1405/02/28,سند رسيد انتقال بين انبار با شماره 1443 ثبت شد
,شركت كيهان راه شرق (سهامي خاص),1405,كريمزاده1,1405/04/02,09:57:33, ويرايش موجوديت,انبار,سند انبار,3718,1405/03/30,سند حواله مصرف ماشين آلات با شماره 3718 ثبت شد
,شركت دنا بنيان بيرجند (سهامي خاص),1405,جلالي2,1405/04/02,09:57:18,ورود موفق,,نشست,,,
,شركت بنا بام بيستون (سهامي خاص),1404,سلطاني4,1405/04/02,09:57:13,ورود موفق,,نشست,,,
,شركت كيهان راه شرق (سهامي خاص),1405,محبوبي1,1405/04/02,09:57:01, ويرايش موجوديت,انبار,سند انبار,7009,1405/03/03,سند رسيد خريد  با شماره 7009 ثبت شد
,شركت كيهان راه شرق (سهامي خاص),1405,درويش_نيا_تربت,1405/04/02,09:56:53,ورود موفق,,نشست,,,
,,,درويش_نيا_تربت,1405/04/02,09:56:51,ورود ناموفق (عدم صحت نام کاربر يا کلمه عبور),,نشست,,,
,شركت كيهان راه شرق (سهامي خاص),1404,محمدرضا_سلمانيان,1405/04/02,09:56:36,ورود موفق,,نشست,,,
,شركت كيهان راه شرق (سهامي خاص),1405,پاشايي,1405/04/02,09:55:54, ويرايش موجوديت,انبار,سند انبار,7902,1405/03/25,سند رسيد خريد  با شماره 7902 ثبت شد
,شركت كيهان راه شرق (سهامي خاص),1405,كريمزاده1,1405/04/02,09:55:45, ويرايش موجوديت,انبار,سند انبار,3718,1405/03/30,سند حواله مصرف ماشين آلات با شماره 3718 ثبت شد
,تفتان ره ساز پارس,1404,جوانمرد15,1405/04/02,09:55:39,ورود موفق,,نشست,,,
,شركت كيهان راه شرق (سهامي خاص),1405,پاشايي,1405/04/02,09:53:53, ويرايش موجوديت,انبار,سند انبار,7902,1405/03/25,سند رسيد خريد  با شماره 7902 ثبت شد
,شركت قدرت ايمان كوير(سهامي خاص),1404,جوانمرد3,1405/04/02,09:53:24, ويرايش موجوديت,خزانه داري,سند حسابداري,7890,1404/11/30,سند عمومي با شماره 7890 ذخيره شد
,شركت قدرت ايمان كوير(سهامي خاص),1405,جعفري3,1405/04/02,09:53:19,موجوديت جديد,خزانه داري,سند حسابداري,7891,1404/12/20,سند عمومي با شماره 7891 ذخيره شد
,شركت قدرت ايمان كوير(سهامي خاص),1405,جعفري3,1405/04/02,09:52:59, ويرايش موجوديت,خزانه داري,سند خزانه داري,2257,1404/12/20,سند صورت هزينه تنخواه با شماره 2257 ذخيره شد
,شركت قدرت ايمان كوير(سهامي خاص),1405,جعفري3,1405/04/02,09:52:51,موجوديت جديد,خزانه داري,سند خزانه داري,2257,1404/12/20,سند صورت هزينه تنخواه با شماره 2257 ذخيره شد
,شركت قدرت ايمان كوير(سهامي خاص),1404,جوانمرد3,1405/04/02,09:52:44, ويرايش موجوديت,خزانه داري,سند حسابداري,7890,1404/11/30,سند عمومي با شماره 7890 ذخيره شد
,شركت قدرت ايمان كوير(سهامي خاص),1404,نيكنام3,1405/04/02,09:52:37,ورود موفق,,نشست,,,
,شركت كيهان راه شرق (سهامي خاص),1404,الاجگردي1,1405/04/02,09:52:27,ورود موفق,,نشست,,,
,,,الاجگردي,1405/04/02,09:52:23,ورود ناموفق (عدم صحت نام کاربر يا کلمه عبور),,نشست,,,
,شركت كيهان راه شرق (سهامي خاص),1405,صابونيزاده1,1405/04/02,09:52:11,ورود موفق,,نشست,,,
,ماهان ستاره كوير,1404,الاجگردي8,1405/04/02,09:52:03, ويرايش موجوديت,خزانه داري,سند حسابداري,831,1404/08/08,سند عمومي با شماره 831 تاييد شد
,شركت قدرت ايمان كوير(سهامي خاص),1404,جوانمرد3,1405/04/02,09:51:56,موجوديت جديد,خزانه داري,سند حسابداري,7890,1404/11/30,سند عمومي با شماره 7890 ذخيره شد
,شركت قدرت ايمان كوير(سهامي خاص),1404,شاهروديان3,1405/04/02,09:51:52, ويرايش موجوديت,خزانه داري,سند حسابداري,7679,1404/08/26,سند عمومي با شماره 7679 تاييد شد
,شركت كيهان راه شرق (سهامي خاص),1405,كاظمي1,1405/04/02,09:51:45, ويرايش موجوديت,خزانه داري,سند خزانه داري,476,1405/04/02,سند صورت هزينه تنخواه با شماره 476 ذخيره شد
,شركت قدرت ايمان كوير(سهامي خاص),1405,كاظميان3,1405/04/02,09:51:35,موجوديت جديد,خزانه داري,سند حسابداري,7889,1404/07/17,سند عمومي با شماره 7889 ذخيره شد
,شركت قدرت ايمان كوير(سهامي خاص),1404,جوانمرد3,1405/04/02,09:51:25,موجوديت جديد,خزانه داري,سند خزانه داري,2256,1404/11/30,سند صورت هزينه تنخواه با شماره 2256 ذخيره شد
,شركت قدرت ايمان كوير(سهامي خاص),1404,شاهروديان3,1405/04/02,09:51:07, ويرايش موجوديت,خزانه داري,سند حسابداري,7680,1404/08/26,سند عمومي با شماره 7680 تاييد شد
,شركت قدرت ايمان كوير(سهامي خاص),1404,شاهروديان3,1405/04/02,09:51:04, ويرايش موجوديت,حسابداري,سند حسابداري,7681,1404/08/26,سند عمومي با شماره ثابت 7681 ذخيره شد
,شركت قدرت ايمان كوير(سهامي خاص),1405,كاظميان3,1405/04/02,09:50:59,موجوديت جديد,خزانه داري,سند خزانه داري,2255,1404/07/17,سند صورت هزينه تنخواه با شماره 2255 ذخيره شد
,ماهان ستاره كوير,1404,الاجگردي8,1405/04/02,09:50:57, ويرايش موجوديت,خزانه داري,سند حسابداري,886,1404/08/05,سند عمومي با شماره 886 تاييد شد
,شركت قدرت ايمان كوير(سهامي خاص),1404,جوانمرد3,1405/04/02,09:50:48, ويرايش موجوديت,خزانه داري,سند حسابداري,7680,1404/08/26,سند عمومي با شماره 7680 ذخيره شد
,شركت كيهان راه شرق (سهامي خاص),1404,جلالي1,1405/04/02,09:50:41,ورود موفق,,نشست,,,
,شركت قدرت ايمان كوير(سهامي خاص),1404,شاهروديان3,1405/04/02,09:50:22, ويرايش موجوديت,خزانه داري,سند حسابداري,7681,1404/08/26,سند عمومي با شماره 7681 تاييد شد
,شركت قدرت ايمان كوير(سهامي خاص),1404,شاهروديان3,1405/04/02,09:50:02, ويرايش موجوديت,خزانه داري,سند حسابداري,7682,1404/08/26,سند عمومي با شماره 7682 تاييد شد
,شركت كيهان راه شرق (سهامي خاص),1405,كاظمي1,1405/04/02,09:49:42,موجوديت جديد,خزانه داري,سند خزانه داري,476,1405/04/02,سند صورت هزينه تنخواه با شماره 476 ذخيره شد
,شركت قدرت ايمان كوير(سهامي خاص),1404,نيلوفريعقوبي3,1405/04/02,09:49:32,موجوديت جديد,حسابداري,سند حسابداري,1003,1405/01/31,سند عمومي با شماره ثابت 1003 ذخيره شد
,شركت قدرت ايمان كوير(سهامي خاص),1404,شاهروديان3,1405/04/02,09:49:31, ويرايش موجوديت,خزانه داري,سند حسابداري,7684,1404/08/26,سند عمومي با شماره 7684 تاييد شد
,شركت قدرت ايمان كوير(سهامي خاص),1405,جعفري3,1405/04/02,09:49:21,موجوديت جديد,خزانه داري,سند حسابداري,7888,1404/12/24,سند عمومي با شماره 7888 ذخيره شد
,شركت قدرت ايمان كوير(سهامي خاص),1404,جوانمرد3,1405/04/02,09:49:20, ويرايش موجوديت,خزانه داري,سند حسابداري,7684,1404/08/26,سند عمومي با شماره 7684 ذخيره شد
,شركت قدرت ايمان كوير(سهامي خاص),1405,جعفري3,1405/04/02,09:48:46,موجوديت جديد,خزانه داري,سند خزانه داري,2254,1404/12/24,سند صورت هزينه تنخواه با شماره 2254 ذخيره شد
,شركت قدرت ايمان كوير(سهامي خاص),1404,جوانمرد3,1405/04/02,09:48:20,موجوديت جديد,خزانه داري,سند حسابداري,7887,1404/12/02,سند عمومي با شماره 7887 ذخيره شد
,شركت كيهان راه شرق (سهامي خاص),1405,پاشايي,1405/04/02,09:48:17, ويرايش موجوديت,انبار,سند انبار,7902,1405/03/25,سند رسيد خريد  با شماره 7902 ثبت شد
,شركت قدرت ايمان كوير(سهامي خاص),1404,نيلوفريعقوبي3,1405/04/02,09:48:08,ورود موفق,,نشست,,,
,شركت قدرت ايمان كوير(سهامي خاص),1404,شاهروديان3,1405/04/02,09:47:57, ويرايش موجوديت,خزانه داري,سند حسابداري,7686,1404/08/26,سند عمومي با شماره 7686 تاييد شد
,شركت قدرت ايمان كوير(سهامي خاص),1404,جوانمرد3,1405/04/02,09:47:56,موجوديت جديد,خزانه داري,سند خزانه داري,2253,1404/12/02,سند صورت هزينه تنخواه با شماره 2253 ذخيره شد
,شركت قدرت ايمان كوير(سهامي خاص),1404,شاهروديان3,1405/04/02,09:47:32, ويرايش موجوديت,خزانه داري,سند حسابداري,7688,1404/08/26,سند عمومي با شماره 7688 تاييد شد
,شركت كيهان راه شرق (سهامي خاص),1405,كريمزاده1,1405/04/02,09:47:30, ويرايش موجوديت,انبار,سند انبار,3718,1405/03/30,سند حواله مصرف ماشين آلات با شماره 3718 ثبت شد
,شركت كيهان راه شرق (سهامي خاص),1404,نيلوفريعقوبي1,1405/04/02,09:47:17, ويرايش موجوديت,حسابداري,سند حسابداري,24480,1404/12/28,سند عمومي با شماره ثابت 24480 ذخيره شد
,شركت كيهان راه شرق (سهامي خاص),1405,پاشايي,1405/04/02,09:47:13, ويرايش موجوديت,انبار,سند انبار,3932,1405/03/25,سند حواله مصرف ماشين آلات با شماره 3932 ثبت شد
,شركت قدرت ايمان كوير(سهامي خاص),1404,شاهروديان3,1405/04/02,09:47:04, ويرايش موجوديت,خزانه داري,سند حسابداري,7689,1404/08/25,سند عمومي با شماره 7689 تاييد شد
,شركت قدرت ايمان كوير(سهامي خاص),1404,جوانمرد3,1405/04/02,09:46:38, ويرايش موجوديت,خزانه داري,سند حسابداري,7689,1404/08/25,سند عمومي با شماره 7689 ذخيره شد
,شركت كيهان راه شرق (سهامي خاص),1405,سيدي,1405/04/02,09:46:35, ويرايش موجوديت,انبار,سند انبار,1340,1405/03/20,سند حواله انتقال بين انبار با شماره 1340 ثبت شد
,شركت كيهان راه شرق (سهامي خاص),1404,نيلوفريعقوبي1,1405/04/02,09:46:22,ورود موفق,,نشست,,,
,شركت قدرت ايمان كوير(سهامي خاص),1404,نيلوفريعقوبي3,1405/04/02,09:46:15, ويرايش موجوديت,حسابداري,سند حسابداري,5945,1404/12/28,سند عمومي با شماره ثابت 5945 ذخيره شد
,شركت قدرت ايمان كوير(سهامي خاص),1404,شاهروديان3,1405/04/02,09:46:11, ويرايش موجوديت,خزانه داري,سند حسابداري,7691,1404/08/25,سند عمومي با شماره 7691 تاييد شد
,شركت باراد معدن فلات شرق,1405,صابري21,1405/04/02,09:46:11, ويرايش موجوديت,حسابداري,سند حسابداري,39,1405/04/01,سند عمومي با شماره ثابت 39 ذخيره شد
,شركت كيهان راه شرق (سهامي خاص),1405,كريمزاده1,1405/04/02,09:46:10,موجوديت جديد,انبار,سند انبار,5964,1405/04/02,سند درخواست كالا از انبار با شماره 5964 ثبت شد
,شركت باراد معدن فلات شرق,1405,صابري21,1405/04/02,09:45:53,موجوديت جديد,حسابداري,سند حسابداري,39,1405/04/01,سند عمومي با شماره ثابت 39 ذخيره شد
,شركت قدرت ايمان كوير(سهامي خاص),1405,كاظميان3,1405/04/02,09:45:47, ويرايش موجوديت,خزانه داري,سند حسابداري,7886,1404/07/19,سند عمومي با شماره 7886 ذخيره شد
,شركت كيهان راه شرق (سهامي خاص),1405,محمد رضايي,1405/04/02,09:45:37,ورود موفق,,نشست,,,
,شركت قدرت ايمان كوير(سهامي خاص),1404,جوانمرد3,1405/04/02,09:45:36, ويرايش موجوديت,خزانه داري,سند حسابداري,7691,1404/08/25,سند عمومي با شماره 7691 ذخيره شد
,شركت قدرت ايمان كوير(سهامي خاص),1405,كاظميان3,1405/04/02,09:45:34,موجوديت جديد,خزانه داري,سند حسابداري,7886,1404/07/19,سند عمومي با شماره 7886 ذخيره شد
,ماهان ستاره كوير,1404,الاجگردي8,1405/04/02,09:45:29,ورود موفق,,نشست,,,
,شركت قدرت ايمان كوير(سهامي خاص),1404,جوانمرد3,1405/04/02,09:45:18,موجوديت جديد,خزانه داري,سند حسابداري,7885,1404/12/02,سند عمومي با شماره 7885 ذخيره شد
,شركت دنا بنيان بيرجند (سهامي خاص),1404,نيكنام2,1405/04/02,09:45:16,موجوديت جديد,حسابداري,سند حسابداري,8981,1404/12/12,سند عمومي با شماره ثابت 8981 ذخيره شد
,,,الاجگردي6,1405/04/02,09:45:09,ورود موفق,,نشست,,,
,شركت كيهان راه شرق (سهامي خاص),1405,كريمزاده1,1405/04/02,09:45:08, ويرايش موجوديت,انبار,سند انبار,3718,1405/03/30,سند حواله مصرف ماشين آلات با شماره 3718 ثبت شد
,شركت قدرت ايمان كوير(سهامي خاص),1404,جوانمرد3,1405/04/02,09:45:07,ورود موفق,,نشست,,,
,شركت قدرت ايمان كوير(سهامي خاص),1404,جوانمرد3,1405/04/02,09:45:01,موجوديت جديد,خزانه داري,سند خزانه داري,2252,1404/12/02,سند صورت هزينه تنخواه با شماره 2252 ذخيره شد
,,,الاجگردي9,1405/04/02,09:44:57,ورود موفق,,نشست,,,
,شركت قدرت ايمان كوير(سهامي خاص),1404,نيلوفريعقوبي3,1405/04/02,09:44:54,ورود موفق,,نشست,,,
,تفتان ره ساز پارس,1405,محمدزاده15,1405/04/02,09:44:33,ورود موفق,,نشست,,,
,صولت پارس آمود,1405,نيلوفريعقوبي7,1405/04/02,09:44:32, ويرايش موجوديت,حسابداري,سند حسابداري,3490,1404/12/28,سند عمومي با شماره ثابت 3490 ذخيره شد
,صولت پارس آمود,1405,نيلوفريعقوبي7,1405/04/02,09:44:27, ويرايش موجوديت,حسابداري,سند حسابداري,3490,1404/12/28,سند عمومي با شماره ثابت 3490 ذخيره شد
,شركت كيهان راه شرق (سهامي خاص),1405,كريمزاده1,1405/04/02,09:44:17, ويرايش موجوديت,انبار,سند انبار,3718,1405/03/30,سند حواله مصرف ماشين آلات با شماره 3718 ثبت شد
,شركت كيهان راه شرق (سهامي خاص),1405,سيدي,1405/04/02,09:44:07,ورود موفق,,نشست,,,
,شركت كيهان راه شرق (سهامي خاص),1405,كريمزاده1,1405/04/02,09:43:54,موجوديت جديد,انبار,سند انبار,7919,1405/03/18,سند رسيد خريد  با شماره 7919 ثبت شد
,شركت كيهان راه شرق (سهامي خاص),1405,عليرضاسالاري,1405/04/02,09:43:46, ويرايش موجوديت,انبار,سند انبار,3923,1405/03/07,سند درخواست كالا از انبار با شماره 3923 ثبت شد
,شركت قدرت ايمان كوير(سهامي خاص),1404,جوانمرد3,1405/04/02,09:43:18,موجوديت جديد,خزانه داري,سند حسابداري,7884,1404/12/02,سند عمومي با شماره 7884 ذخيره شد
,شركت كيهان راه شرق (سهامي خاص),1405,درويش_نيا_تربت,1405/04/02,09:43:15, ويرايش موجوديت,انبار,سند انبار,5963,1405/04/02,سند درخواست كالا از انبار با شماره 5963 ثبت شد
,شركت كيهان راه شرق (سهامي خاص),1405,درويش_نيا_تربت,1405/04/02,09:43:08,موجوديت جديد,انبار,سند انبار,5963,1405/04/02,سند درخواست كالا از انبار با شماره 5963 ثبت شد
,شركت قدرت ايمان كوير(سهامي خاص),1404,جوانمرد3,1405/04/02,09:43:04,موجوديت جديد,خزانه داري,سند خزانه داري,2251,1404/12/02,سند صورت هزينه تنخواه با شماره 2251 ذخيره شد
,شركت كيهان راه شرق (سهامي خاص),1405,كريمزاده1,1405/04/02,09:42:31, ويرايش موجوديت,انبار,سند انبار,3718,1405/03/30,سند حواله مصرف ماشين آلات با شماره 3718 ثبت شد
,شركت دنا بنيان بيرجند (سهامي خاص),1405,سپهريان2,1405/04/02,09:42:31,ورود موفق,,نشست,,,
,تفتان ره ساز پارس,1405,ملاشاهي15,1405/04/02,09:42:02,ورود موفق,,نشست,,,
,شركت قدرت ايمان كوير(سهامي خاص),1404,جوانمرد3,1405/04/02,09:41:26, ويرايش موجوديت,خزانه داري,سند حسابداري,7883,1404/12/03,سند عمومي با شماره 7883 ذخيره شد
,صولت پارس آمود,1405,نيلوفريعقوبي7,1405/04/02,09:41:13,ورود موفق,,نشست,,,
,شركت كيهان راه شرق (سهامي خاص),1405,كريمزاده1,1405/04/02,09:40:59, ويرايش موجوديت,انبار,سند انبار,3718,1405/03/30,سند حواله مصرف ماشين آلات با شماره 3718 ثبت شد
,شركت قدرت ايمان كوير(سهامي خاص),1404,جوانمرد3,1405/04/02,09:40:55,موجوديت جديد,خزانه داري,سند حسابداري,7883,1404/12/03,سند عمومي با شماره 7883 ذخيره شد
,شركت قدرت ايمان كوير(سهامي خاص),1404,جوانمرد3,1405/04/02,09:40:38,موجوديت جديد,خزانه داري,سند خزانه داري,2250,1404/12/03,سند صورت هزينه تنخواه با شماره 2250 ذخيره شد
,شركت قدرت ايمان كوير(سهامي خاص),1405,جعفري3,1405/04/02,09:39:58,موجوديت جديد,خزانه داري,سند حسابداري,7882,1404/12/25,سند عمومي با شماره 7882 ذخيره شد
,شركت كيهان راه شرق (سهامي خاص),1405,فرامرزسليماني,1405/04/02,09:39:31, ويرايش موجوديت,انبار,سند انبار,5841,1405/03/31,سند درخواست كالا از انبار با شماره 5841 ثبت شد
,شركت قدرت ايمان كوير(سهامي خاص),1405,جعفري3,1405/04/02,09:39:29,موجوديت جديد,خزانه داري,سند خزانه داري,2249,1404/12/25,سند صورت هزينه تنخواه با شماره 2249 ذخيره شد
,شركت قدرت ايمان كوير(سهامي خاص),1405,كاظميان3,1405/04/02,09:39:23, ويرايش موجوديت,خزانه داري,سند خزانه داري,2248,1404/07/19,سند صورت هزينه تنخواه با شماره 2248 ذخيره شد
,شركت كيهان راه شرق (سهامي خاص),1405,فرامرزسليماني,1405/04/02,09:39:20, ويرايش موجوديت,انبار,سند انبار,5841,1405/03/31,سند درخواست كالا از انبار با شماره 5841 ثبت شد
,شركت كيهان راه شرق (سهامي خاص),1405,كريمزاده1,1405/04/02,09:39:08, ويرايش موجوديت,انبار,سند انبار,3718,1405/03/30,سند حواله مصرف ماشين آلات با شماره 3718 ثبت شد
,شركت قدرت ايمان كوير(سهامي خاص),1405,كاظميان3,1405/04/02,09:39:07,موجوديت جديد,خزانه داري,سند خزانه داري,2248,1404/12/29,سند صورت هزينه تنخواه با شماره 2248 ذخيره شد
,شركت قدرت ايمان كوير(سهامي خاص),1404,جوانمرد3,1405/04/02,09:38:31,موجوديت جديد,خزانه داري,سند حسابداري,7881,1404/12/02,سند عمومي با شماره 7881 ذخيره شد
,شركت كيهان راه شرق (سهامي خاص),1405,باباپور1,1405/04/02,09:38:24,موجوديت جديد,انبار,سند انبار,5962,1405/04/02,سند درخواست كالا از انبار با شماره 5962 ثبت شد
,شركت باراد معدن فلات شرق,1405,كسري_دهقان,1405/04/02,09:38:13,ورود موفق,,نشست,,,
,شركت قدرت ايمان كوير(سهامي خاص),1404,جوانمرد3,1405/04/02,09:38:13,موجوديت جديد,خزانه داري,سند خزانه داري,2247,1404/12/02,سند صورت هزينه تنخواه با شماره 2247 ذخيره شد
,شركت كيهان راه شرق (سهامي خاص),1405,كريمزاده1,1405/04/02,09:38:13, ويرايش موجوديت,انبار,سند انبار,3718,1405/03/30,سند حواله مصرف ماشين آلات با شماره 3718 ثبت شد
,شركت قدرت ايمان كوير(سهامي خاص),1405,جعفري3,1405/04/02,09:37:38,موجوديت جديد,خزانه داري,سند حسابداري,7880,1404/12/24,سند عمومي با شماره 7880 ذخيره شد
,صولت پارس آمود,1405,مجتبي_زنگويي7,1405/04/02,09:37:27,موجوديت جديد,خزانه داري,سند خزانه داري,193,1405/02/24,سند صورت هزينه تنخواه با شماره 193 ذخيره شد
,شركت كيهان راه شرق (سهامي خاص),1405,كريمزاده1,1405/04/02,09:37:15,موجوديت جديد,انبار,سند انبار,7918,1405/03/18,سند رسيد خريد  با شماره 7918 ثبت شد
,شركت كيهان راه شرق (سهامي خاص),1405,كريمزاده1,1405/04/02,09:36:50, ويرايش موجوديت,انبار,سند انبار,3718,1405/03/30,سند حواله مصرف ماشين آلات با شماره 3718 ثبت شد
,شركت كيهان راه شرق (سهامي خاص),1405,محمدرضا_سلمانيان,1405/04/02,09:36:45,ورود موفق,,نشست,,,
,,,محمدرضا_سلمانيان,1405/04/02,09:36:37,ورود ناموفق (عدم صحت نام کاربر يا کلمه عبور),,نشست,,,
,رايان سازه آذرخش,1404,نباتي9,1405/04/02,09:36:31,ورود موفق,,نشست,,,
,شركت دنا بنيان بيرجند (سهامي خاص),1405,فاطمي2,1405/04/02,09:36:24,ورود موفق,,نشست,,,
,شركت قدرت ايمان كوير(سهامي خاص),1405,جعفري3,1405/04/02,09:36:16,موجوديت جديد,خزانه داري,سند خزانه داري,2246,1404/12/24,سند صورت هزينه تنخواه با شماره 2246 ذخيره شد
,كيهان ريل تهران,1404,زغفوريان,1405/04/02,09:36:11,ورود موفق,,نشست,,,
,شركت دنا بنيان بيرجند (سهامي خاص),1404,نيكنام2,1405/04/02,09:36:09,ورود موفق,,نشست,,,
,شركت قدرت ايمان كوير(سهامي خاص),1404,جوانمرد3,1405/04/02,09:36:02,موجوديت جديد,خزانه داري,سند حسابداري,7879,1404/12/03,سند عمومي با شماره 7879 ذخيره شد
,شركت قدرت ايمان كوير(سهامي خاص),1404,جوانمرد3,1405/04/02,09:35:48,موجوديت جديد,خزانه داري,سند خزانه داري,2245,1404/12/03,سند صورت هزينه تنخواه با شماره 2245 ذخيره شد
,شركت كيهان راه شرق (سهامي خاص),1405,فرامرزسليماني,1405/04/02,09:34:56,موجوديت جديد,انبار,سند انبار,4648,1405/04/02,سند تاييد درخواست كالا با شماره 4648 ثبت شد
,شركت كيهان راه شرق (سهامي خاص),1404,نيكنام1,1405/04/02,09:34:53,موجوديت جديد,حسابداري,سند حسابداري,30749,1404/09/24,سند عمومي با شماره ثابت 30749 ذخيره شد
,شركت كيهان راه شرق (سهامي خاص),1405,سرحدي,1405/04/02,09:34:48, ويرايش موجوديت,انبار,سند انبار,6192,1405/02/20,سند رسيد خريد  با شماره 6192 ثبت شد
,شركت كيهان راه شرق (سهامي خاص),1405,محبوبي1,1405/04/02,09:34:35, ويرايش موجوديت,انبار,سند انبار,7271,1405/03/17,سند رسيد خريد  با شماره 7271 ثبت شد
,شركت قدرت ايمان كوير(سهامي خاص),1404,شاهروديان3,1405/04/02,09:34:19, ويرايش موجوديت,خزانه داري,سند حسابداري,7695,1404/08/25,سند عمومي با شماره 7695 تاييد شد
,صولت پارس آمود,1405,مجتبي_زنگويي7,1405/04/02,09:33:53,ورود موفق,,نشست,,,
,شركت كيهان راه شرق (سهامي خاص),1405,عليرضاسالاري,1405/04/02,09:33:46, ويرايش موجوديت,انبار,سند انبار,4195,1405/03/11,سند درخواست كالا از انبار با شماره 4195 ثبت شد
,شركت كيهان راه شرق (سهامي خاص),1405,كريمزاده1,1405/04/02,09:33:44, ويرايش موجوديت,انبار,سند انبار,3718,1405/03/30,سند حواله مصرف ماشين آلات با شماره 3718 ثبت شد
,شركت قدرت ايمان كوير(سهامي خاص),1404,شاهروديان3,1405/04/02,09:33:44, ويرايش موجوديت,خزانه داري,سند حسابداري,7696,1404/08/25,سند عمومي با شماره 7696 تاييد شد
,شركت كيهان راه شرق (سهامي خاص),1405,عليرضاسالاري,1405/04/02,09:33:26, ويرايش موجوديت,انبار,سند انبار,3923,1405/03/07,سند درخواست كالا از انبار با شماره 3923 ثبت شد
,شركت قدرت ايمان كوير(سهامي خاص),1404,جوانمرد3,1405/04/02,09:33:02,موجوديت جديد,خزانه داري,سند حسابداري,7878,1404/12/03,سند عمومي با شماره 7878 ذخيره شد
,شركت كيهان راه شرق (سهامي خاص),1405,محبوبي1,1405/04/02,09:33:00, ويرايش موجوديت,انبار,سند انبار,7271,1405/03/17,سند رسيد خريد  با شماره 7271 ثبت شد
,شركت قدرت ايمان كوير(سهامي خاص),1404,شاهروديان3,1405/04/02,09:32:53, ويرايش موجوديت,خزانه داري,سند حسابداري,7697,1404/08/25,سند عمومي با شماره 7697 تاييد شد
,شركت قدرت ايمان كوير(سهامي خاص),1404,جوانمرد3,1405/04/02,09:32:48,موجوديت جديد,خزانه داري,سند خزانه داري,2244,1404/12/03,سند صورت هزينه تنخواه با شماره 2244 ذخيره شد
,شركت كيهان راه شرق (سهامي خاص),1405,باباپور1,1405/04/02,09:32:40,موجوديت جديد,انبار,سند انبار,5961,1405/04/02,سند درخواست كالا از انبار با شماره 5961 ثبت شد
,شركت كيهان راه شرق (سهامي خاص),1405,كريمزاده1,1405/04/02,09:32:40, ويرايش موجوديت,انبار,سند انبار,3718,1405/03/30,سند حواله مصرف ماشين آلات با شماره 3718 ثبت شد
,شركت كيهان راه شرق (سهامي خاص),1405,محبوبي1,1405/04/02,09:32:35, ويرايش موجوديت,انبار,سند انبار,7271,1405/03/17,سند رسيد خريد  با شماره 7271 ثبت شد
,شركت كيهان راه شرق (سهامي خاص),1405,مجتبي_زنگويي1,1405/04/02,09:32:21,موجوديت جديد,انبار,سند انبار,3941,1405/04/02,سند حواله مصرف ماشين آلات با شماره 3941 ثبت شد
,شركت كيهان راه شرق (سهامي خاص),1405,عليزاده,1405/04/02,09:32:20, ويرايش موجوديت,انبار,سند انبار,5166,1405/03/23,سند درخواست كالا از انبار با شماره 5166 ثبت شد
,شركت كيهان راه شرق (سهامي خاص),1405,فرامرزسليماني,1405/04/02,09:32:15, ويرايش موجوديت,انبار,سند انبار,5696,1405/03/28,سند درخواست كالا از انبار با شماره 5696 ثبت شد
,شركت كيهان راه شرق (سهامي خاص),1405,سرحدي,1405/04/02,09:31:59, ويرايش موجوديت,انبار,سند انبار,6192,1405/02/20,سند رسيد خريد  با شماره 6192 ثبت شد
,صولت پارس آمود,1405,سپهريان7,1405/04/02,09:31:53,موجوديت جديد,خزانه داري,سند حسابداري,707,1405/04/01,سند عمومي با شماره 707 ذخيره شد
,شركت كيهان راه شرق (سهامي خاص),1405,برزگررشتخواري,1405/04/02,09:31:45,موجوديت جديد,انبار,سند انبار,5960,1405/04/02,سند درخواست كالا از انبار با شماره 5960 ثبت شد
,صولت پارس آمود,1405,سپهريان7,1405/04/02,09:31:43, ويرايش موجوديت,خزانه داري,سند خزانه داري,198,1405/04/01,سند اعلاميه برداشت ريالي با شماره 198 ذخيره شد
,شركت كيهان راه شرق (سهامي خاص),1405,محبوبي1,1405/04/02,09:31:28, ويرايش موجوديت,انبار,سند انبار,7271,1405/03/17,سند رسيد خريد  با شماره 7271 ثبت شد
,شركت كيهان راه شرق (سهامي خاص),1405,محمدمختاري,1405/04/02,09:30:56, ويرايش موجوديت,انبار,سند انبار,5440,1405/03/26,سند درخواست كالا از انبار با شماره 5440 ثبت شد
,شركت كيهان راه شرق (سهامي خاص),1405,عليزاده,1405/04/02,09:30:55, ويرايش موجوديت,انبار,سند انبار,4036,1405/03/10,سند درخواست كالا از انبار با شماره 4036 ثبت شد
,شركت كيهان راه شرق (سهامي خاص),1405,مجتبي_زنگويي1,1405/04/02,09:30:46,موجوديت جديد,انبار,سند انبار,3940,1405/04/02,سند حواله مصرف ماشين آلات با شماره 3940 ثبت شد
,شركت كيهان راه شرق (سهامي خاص),1404,اميررضارحيمي,1405/04/02,09:30:38,ورود موفق,,نشست,,,
,شركت قدرت ايمان كوير(سهامي خاص),1405,كاظميان3,1405/04/02,09:30:28,موجوديت جديد,خزانه داري,سند حسابداري,7877,1404/07/17,سند عمومي با شماره 7877 ذخيره شد
,شركت قدرت ايمان كوير(سهامي خاص),1405,كاظميان3,1405/04/02,09:29:44,موجوديت جديد,خزانه داري,سند خزانه داري,2243,1404/07/17,سند صورت هزينه تنخواه با شماره 2243 ذخيره شد
,شركت كيهان راه شرق (سهامي خاص),1405,مجتبي_زنگويي1,1405/04/02,09:29:40, ويرايش موجوديت,انبار,سند انبار,3939,1405/04/02,سند حواله مصرف ماشين آلات با شماره 3939 ثبت شد
,شركت كيهان راه شرق (سهامي خاص),1405,عليزاده,1405/04/02,09:29:37, ويرايش موجوديت,انبار,سند انبار,4808,1405/03/18,سند درخواست كالا از انبار با شماره 4808 ثبت شد
,شركت كيهان راه شرق (سهامي خاص),1405,محمد رضايي,1405/04/02,09:29:23,ورود موفق,,نشست,,,
,صولت پارس آمود,1405,سپهريان7,1405/04/02,09:29:14, ويرايش موجوديت,خزانه داري,سند خزانه داري,198,1405/04/01,سند اعلاميه برداشت ريالي با شماره 198 ذخيره شد
,شركت كيهان راه شرق (سهامي خاص),1404,كارآموز,1405/04/02,09:29:12,ورود موفق,,نشست,,,
,شركت كيهان راه شرق (سهامي خاص),1404,نيكنام1,1405/04/02,09:29:06,موجوديت جديد,حسابداري,سند حسابداري,30748,1404/09/09,سند عمومي با شماره ثابت 30748 ذخيره شد
,شركت قدرت ايمان كوير(سهامي خاص),1404,جوانمرد3,1405/04/02,09:29:02,موجوديت جديد,خزانه داري,سند حسابداري,7876,1404/12/04,سند عمومي با شماره 7876 ذخيره شد
,شركت كيهان راه شرق (سهامي خاص),1405,مجتبي_زنگويي1,1405/04/02,09:28:53,موجوديت جديد,انبار,سند انبار,3939,1405/04/02,سند حواله مصرف ماشين آلات با شماره 3939 ثبت شد
,شركت قدرت ايمان كوير(سهامي خاص),1404,جوانمرد3,1405/04/02,09:28:49,موجوديت جديد,خزانه داري,سند خزانه داري,2242,1404/12/04,سند صورت هزينه تنخواه با شماره 2242 ذخيره شد
,شركت كيهان راه شرق (سهامي خاص),1405,فاطمي1,1405/04/02,09:28:48, ويرايش موجوديت,حسابداري,سند حسابداري,2618,1405/03/31,سند عمومي با شماره 2618 تاييد شد
,شركت كيهان راه شرق (سهامي خاص),1405,عليزاده,1405/04/02,09:28:45, ويرايش موجوديت,انبار,سند انبار,4808,1405/03/18,سند درخواست كالا از انبار با شماره 4808 ثبت شد
,شركت كيهان راه شرق (سهامي خاص),1405,كاظمي1,1405/04/02,09:28:36, ويرايش موجوديت,خزانه داري,سند خزانه داري,475,1405/03/31,سند صورت هزينه تنخواه با شماره 475 ذخيره شد
,شركت كيهان راه شرق (سهامي خاص),1405,كريمزاده1,1405/04/02,09:27:50, ويرايش موجوديت,انبار,سند انبار,3718,1405/03/30,سند حواله مصرف ماشين آلات با شماره 3718 ثبت شد
,شركت كيهان راه شرق (سهامي خاص),1405,عليرضاسالاري,1405/04/02,09:27:40, ويرايش موجوديت,انبار,سند انبار,3923,1405/03/07,سند درخواست كالا از انبار با شماره 3923 ثبت شد
,شركت كيهان راه شرق (سهامي خاص),1405,عليرضاسالاري,1405/04/02,09:27:14, ويرايش موجوديت,انبار,سند انبار,3923,1405/03/07,سند درخواست كالا از انبار با شماره 3923 ثبت شد
,شركت كيهان راه شرق (سهامي خاص),1405,محمدمختاري,1405/04/02,09:27:10, ويرايش موجوديت,انبار,سند انبار,4085,1405/03/10,سند درخواست كالا از انبار با شماره 4085 ثبت شد
,شركت كيهان راه شرق (سهامي خاص),1405,درويش_نيا_تربت,1405/04/02,09:27:09,موجوديت جديد,انبار,سند انبار,5959,1405/04/02,سند درخواست كالا از انبار با شماره 5959 ثبت شد
,مينو ساز گلستان,1405,فرزانه10,1405/04/02,09:26:53,موجوديت جديد,خزانه داري,سند حسابداري,179,1405/03/31,سند  با شماره 179 ذخيره شد
,شركت كيهان راه شرق (سهامي خاص),1405,كريمزاده1,1405/04/02,09:26:20, ويرايش موجوديت,انبار,سند انبار,3718,1405/03/30,سند حواله مصرف ماشين آلات با شماره 3718 ثبت شد
,شركت قدرت ايمان كوير(سهامي خاص),1405,غلامي3,1405/04/02,09:26:06,ورود موفق,,نشست,,,
,شركت كيهان راه شرق (سهامي خاص),1404,نيكنام1,1405/04/02,09:25:52,موجوديت جديد,حسابداري,سند حسابداري,30747,1404/09/06,سند عمومي با شماره ثابت 30747 ذخيره شد
,شركت كيهان راه شرق (سهامي خاص),1405,كاظمي1,1405/04/02,09:25:49,موجوديت جديد,خزانه داري,سند خزانه داري,475,1405/03/31,سند صورت هزينه تنخواه با شماره 475 ذخيره شد
,شركت قدرت ايمان كوير(سهامي خاص),1404,قاسمي3,1405/04/02,09:25:34, ويرايش موجوديت,خزانه داري,سند حسابداري,4503,1404/10/10,سند عمومي با شماره 4503 تاييد شد
,شركت كيهان راه شرق (سهامي خاص),1405,كريمزاده1,1405/04/02,09:25:28, ويرايش موجوديت,انبار,سند انبار,3718,1405/03/30,سند حواله مصرف ماشين آلات با شماره 3718 ثبت شد
,صولت پارس آمود,1405,سپهريان7,1405/04/02,09:25:15, ويرايش موجوديت,خزانه داري,سند خزانه داري,198,1405/04/01,سند اعلاميه برداشت ريالي با شماره 198 ذخيره شد
,شركت كيهان راه شرق (سهامي خاص),1405,درويش_نيا_تربت,1405/04/02,09:25:09,ورود موفق,,نشست,,,
,شركت كيهان راه شرق (سهامي خاص),1405,مجتبي_زنگويي1,1405/04/02,09:25:05,موجوديت جديد,انبار,سند انبار,2542,1405/03/20,سند حواله مصرف  با شماره 2542 ثبت شد
,مينو ساز گلستان,1405,فرزانه10,1405/04/02,09:24:47, ويرايش موجوديت,خزانه داري,سند خزانه داري,2,1405/03/31,سند پرداخت اسناد تضميني با شماره 2 ذخيره شد
,شركت قدرت ايمان كوير(سهامي خاص),1404,قاسمي3,1405/04/02,09:23:34, ويرايش موجوديت,خزانه داري,سند حسابداري,4495,1404/10/09,سند عمومي با شماره 4495 تاييد شد
,صولت پارس آمود,1405,سپهريان7,1405/04/02,09:23:33, ويرايش موجوديت,خزانه داري,سند خزانه داري,198,1405/04/01,سند اعلاميه برداشت ريالي با شماره 198 ذخيره شد
,شركت كيهان راه شرق (سهامي خاص),1405,عليزاده,1405/04/02,09:23:25, ويرايش موجوديت,انبار,سند انبار,4752,1405/03/18,سند درخواست كالا از انبار با شماره 4752 ثبت شد
,شركت قدرت ايمان كوير(سهامي خاص),1404,قاسمي3,1405/04/02,09:22:56, ويرايش موجوديت,خزانه داري,سند حسابداري,4496,1404/10/09,سند عمومي با شماره 4496 تاييد شد
,شركت قدرت ايمان كوير(سهامي خاص),1405,كاظميان3,1405/04/02,09:22:48, ويرايش موجوديت,خزانه داري,سند حسابداري,7872,1404/07/17,سند عمومي با شماره 7872 ذخيره شد
,شركت كيهان راه شرق (سهامي خاص),1405,عليزاده,1405/04/02,09:22:37, ويرايش موجوديت,انبار,سند انبار,4752,1405/03/18,سند درخواست كالا از انبار با شماره 4752 ثبت شد
,شركت كيهان راه شرق (سهامي خاص),1405,كريمزاده1,1405/04/02,09:22:33, ويرايش موجوديت,انبار,سند انبار,3718,1405/03/30,سند حواله مصرف ماشين آلات با شماره 3718 ثبت شد
,شركت كيهان راه شرق (سهامي خاص),1405,مجتبي_زنگويي1,1405/04/02,09:22:30,موجوديت جديد,انبار,سند انبار,2541,1405/02/21,سند حواله مصرف  با شماره 2541 ثبت شد
,شركت كيهان راه شرق (سهامي خاص),1405,كاظمي1,1405/04/02,09:22:20,ورود موفق,,نشست,,,
,شركت قدرت ايمان كوير(سهامي خاص),1404,قاسمي3,1405/04/02,09:22:08, ويرايش موجوديت,خزانه داري,سند حسابداري,4475,1404/10/09,سند عمومي با شماره 4475 تاييد شد
,شركت كيهان راه شرق (سهامي خاص),1405,عليزاده,1405/04/02,09:22:06, ويرايش موجوديت,انبار,سند انبار,3342,1405/02/29,سند درخواست كالا از انبار با شماره 3342 ثبت شد
,شركت كيهان راه شرق (سهامي خاص),1405,محمدمختاري,1405/04/02,09:21:45, ويرايش موجوديت,انبار,سند انبار,5708,1405/03/29,سند درخواست كالا از انبار با شماره 5708 ثبت شد
,شركت قدرت ايمان كوير(سهامي خاص),1404,قاسمي3,1405/04/02,09:21:30, ويرايش موجوديت,خزانه داري,سند حسابداري,4438,1404/10/08,سند عمومي با شماره 4438 تاييد شد
,شركت قدرت ايمان كوير(سهامي خاص),1404,جوانمرد3,1405/04/02,09:21:20,موجوديت جديد,خزانه داري,سند حسابداري,7875,1404/12/03,سند عمومي با شماره 7875 ذخيره شد
,مينو ساز گلستان,1405,فرزانه10,1405/04/02,09:21:14,موجوديت جديد,خزانه داري,سند خزانه داري,2,1405/03/31,سند پرداخت اسناد تضميني با شماره 2 ذخيره شد
,شركت كيهان راه شرق (سهامي خاص),1405,عليزاده,1405/04/02,09:21:13, ويرايش موجوديت,انبار,سند انبار,3342,1405/02/29,سند درخواست كالا از انبار با شماره 3342 ثبت شد
,شركت قدرت ايمان كوير(سهامي خاص),1404,جوانمرد3,1405/04/02,09:21:00,موجوديت جديد,خزانه داري,سند خزانه داري,2241,1404/12/03,سند صورت هزينه تنخواه با شماره 2241 ذخيره شد
,شركت كيهان راه شرق (سهامي خاص),1405,پاشايي,1405/04/02,09:20:50, ويرايش موجوديت,انبار,سند انبار,43529,1404/11/30,سند رسيد خريد  با شماره 43529 ثبت شد
,شركت قدرت ايمان كوير(سهامي خاص),1404,قاسمي3,1405/04/02,09:20:38, ويرايش موجوديت,خزانه داري,سند حسابداري,4432,1404/10/08,سند عمومي با شماره 4432 تاييد شد
,شركت قدرت ايمان كوير(سهامي خاص),1405,جعفري3,1405/04/02,09:20:37,موجوديت جديد,خزانه داري,سند حسابداري,7874,1404/12/24,سند عمومي با شماره 7874 ذخيره شد
,شركت كيهان راه شرق (سهامي خاص),1404,اميررضارحيمي1,1405/04/02,09:20:35, ويرايش موجوديت,حسابداري,سند حسابداري,18753,1404/05/14,سند عمومي با شماره ثابت 18753 ذخيره شد
,شركت قدرت ايمان كوير(سهامي خاص),1405,جعفري3,1405/04/02,09:20:15,موجوديت جديد,خزانه داري,سند خزانه داري,2240,1404/12/24,سند صورت هزينه تنخواه با شماره 2240 ذخيره شد
,شركت كيهان راه شرق (سهامي خاص),1405,عليزاده,1405/04/02,09:20:11, ويرايش موجوديت,انبار,سند انبار,4790,1405/03/18,سند درخواست كالا از انبار با شماره 4790 ثبت شد
,صولت پارس آمود,1405,سپهريان7,1405/04/02,09:20:10,موجوديت جديد,خزانه داري,سند خزانه داري,198,1405/04/01,سند اعلاميه برداشت ريالي با شماره 198 ذخيره شد
,شركت قدرت ايمان كوير(سهامي خاص),1404,قاسمي3,1405/04/02,09:20:04, ويرايش موجوديت,خزانه داري,سند حسابداري,4408,1404/10/07,سند عمومي با شماره 4408 تاييد شد
,شركت كيهان راه شرق (سهامي خاص),1405,مجتبي_زنگويي1,1405/04/02,09:19:56,ورود موفق,,نشست,,,
,شركت بنا بام بيستون (سهامي خاص),1405,صابري4,1405/04/02,09:19:44,موجوديت جديد,حسابداري,سند حسابداري,474,1405/04/02,سند عمومي با شماره ثابت 474 ذخيره شد
,شركت قدرت ايمان كوير(سهامي خاص),1404,جوانمرد3,1405/04/02,09:19:40,ورود موفق,,نشست,,,
,شركت قدرت ايمان كوير(سهامي خاص),1405,كاظميان3,1405/04/02,09:19:16, ويرايش موجوديت,خزانه داري,سند حسابداري,7872,1404/07/17,سند عمومي با شماره 7872 ذخيره شد
,شركت كيهان راه شرق (سهامي خاص),1405,عليزاده,1405/04/02,09:19:10, ويرايش موجوديت,انبار,سند انبار,4790,1405/03/18,سند درخواست كالا از انبار با شماره 4790 ثبت شد
,شركت كيهان راه شرق (سهامي خاص),1405,جوانمرد1,1405/04/02,09:18:52,موجوديت جديد,حسابداري,سند حسابداري,2628,1405/04/01,سند عمومي با شماره ثابت 2628 ذخيره شد
,شركت كيهان راه شرق (سهامي خاص),1404,نيكنام1,1405/04/02,09:18:48,موجوديت جديد,حسابداري,سند حسابداري,30746,1404/09/02,سند عمومي با شماره ثابت 30746 ذخيره شد
,شركت كيهان راه شرق (سهامي خاص),1405,فرامرزسليماني,1405/04/02,09:18:46, ويرايش موجوديت,انبار,سند انبار,5760,1405/03/30,سند درخواست كالا از انبار با شماره 5760 ثبت شد
,شركت بنا بام بيستون (سهامي خاص),1405,غلامي4,1405/04/02,09:18:43, ويرايش موجوديت,خزانه داري,سند حسابداري,196,1405/02/20,سند عمومي با شماره 196 تاييد شد
,شركت كيهان راه شرق (سهامي خاص),1405,بهرامي1بيرجند,1405/04/02,09:18:33, ويرايش موجوديت,انبار,سند انبار,3937,1405/04/01,سند حواله مصرف ماشين آلات با شماره 3937 ثبت شد
,مينو ساز گلستان,1405,فرزانه10,1405/04/02,09:18:25,موجوديت جديد,خزانه داري,سند خزانه داري,115,1405/03/31,سند اعلاميه برداشت ريالي با شماره 115 ذخيره شد
,شركت قدرت ايمان كوير(سهامي خاص),1405,جعفري3,1405/04/02,09:18:00,موجوديت جديد,خزانه داري,سند حسابداري,7873,1404/12/24,سند عمومي با شماره 7873 ذخيره شد
,شركت قدرت ايمان كوير(سهامي خاص),1405,جعفري3,1405/04/02,09:17:41,موجوديت جديد,خزانه داري,سند خزانه داري,2239,1404/12/24,سند صورت هزينه تنخواه با شماره 2239 ذخيره شد
,شركت قدرت ايمان كوير(سهامي خاص),1404,قاسمي3,1405/04/02,09:17:37, ويرايش موجوديت,خزانه داري,سند حسابداري,4389,1404/10/06,سند عمومي با شماره 4389 تاييد شد
,شركت قدرت ايمان كوير(سهامي خاص),1405,كاظميان3,1405/04/02,09:17:14,موجوديت جديد,خزانه داري,سند حسابداري,7872,1404/07/17,سند عمومي با شماره 7872 ذخيره شد
,شركت كيهان راه شرق (سهامي خاص),1405,فرامرزسليماني,1405/04/02,09:16:56, ويرايش موجوديت,انبار,سند انبار,5760,1405/03/30,سند درخواست كالا از انبار با شماره 5760 ثبت شد
,شركت قدرت ايمان كوير(سهامي خاص),1405,كاظميان3,1405/04/02,09:16:54,موجوديت جديد,خزانه داري,سند خزانه داري,2238,1404/07/17,سند صورت هزينه تنخواه با شماره 2238 ذخيره شد
,صولت پارس آمود,1404,سلطاني7,1405/04/02,09:16:17, ويرايش موجوديت,خزانه داري,سند حسابداري,4172,1404/10/10,سند عمومي با شماره 4172 تاييد شد
,شركت قدرت ايمان كوير(سهامي خاص),1404,قاسمي3,1405/04/02,09:16:06, ويرايش موجوديت,خزانه داري,سند حسابداري,4387,1404/10/06,سند عمومي با شماره 4387 تاييد شد
,شركت كيهان راه شرق (سهامي خاص),1405,محمدمختاري,1405/04/02,09:16:06, ويرايش موجوديت,انبار,سند انبار,2272,1405/02/15,سند درخواست كالا از انبار با شماره 2272 ثبت شد
,شركت كيهان راه شرق (سهامي خاص),1405,فرامرزسليماني,1405/04/02,09:15:34, ويرايش موجوديت,انبار,سند انبار,5919,1405/04/01,سند درخواست كالا از انبار با شماره 5919 ثبت شد
,شركت قدرت ايمان كوير(سهامي خاص),1405,جعفري3,1405/04/02,09:15:27,موجوديت جديد,خزانه داري,سند حسابداري,7871,1404/12/23,سند عمومي با شماره 7871 ذخيره شد
,شركت قدرت ايمان كوير(سهامي خاص),1404,قاسمي3,1405/04/02,09:15:26, ويرايش موجوديت,خزانه داري,سند حسابداري,5180,1404/11/06,سند عمومي با شماره 5180 تاييد شد
,صولت پارس آمود,1404,سلطاني7,1405/04/02,09:15:20, ويرايش موجوديت,خزانه داري,سند حسابداري,4172,1404/10/10,سند عمومي با شماره 4172 ذخيره شد
,شركت قدرت ايمان كوير(سهامي خاص),1405,جعفري3,1405/04/02,09:14:54,موجوديت جديد,خزانه داري,سند خزانه داري,2237,1404/12/23,سند صورت هزينه تنخواه با شماره 2237 ذخيره شد
,شركت كيهان راه شرق (سهامي خاص),1405,كريمزاده1,1405/04/02,09:14:51,موجوديت جديد,انبار,سند انبار,3938,1405/03/30,سند حواله مصرف ماشين آلات با شماره 3938 ثبت شد
,شركت قدرت ايمان كوير(سهامي خاص),1405,كاظميان3,1405/04/02,09:14:36, ويرايش موجوديت,خزانه داري,سند حسابداري,7870,1404/07/17,سند عمومي با شماره 7870 ذخيره شد
,شركت قدرت ايمان كوير(سهامي خاص),1405,كاظميان3,1405/04/02,09:14:32, ويرايش موجوديت,خزانه داري,سند حسابداري,7870,1404/07/17,سند عمومي با شماره 7870 ذخيره شد
,شركت كيهان راه شرق (سهامي خاص),1404,نيكنام1,1405/04/02,09:13:58, ويرايش موجوديت,حسابداري,سند حسابداري,30745,1404/08/28,سند عمومي با شماره ثابت 30745 ذخيره شد
,شركت كيهان راه شرق (سهامي خاص),1405,جوانمرد1,1405/04/02,09:13:48,ورود موفق,,نشست,,,
,شركت قدرت ايمان كوير(سهامي خاص),1405,كاظميان3,1405/04/02,09:13:46,موجوديت جديد,خزانه داري,سند حسابداري,7870,1404/07/17,سند عمومي با شماره 7870 ذخيره شد
,شركت قدرت ايمان كوير(سهامي خاص),1405,سجادي,1405/04/02,09:13:41,ورود موفق,,نشست,,,
,شركت قدرت ايمان كوير(سهامي خاص),1405,كاظميان3,1405/04/02,09:13:34,موجوديت جديد,خزانه داري,سند خزانه داري,2236,1404/07/17,سند صورت هزينه تنخواه با شماره 2236 ذخيره شد
,شركت كيهان راه شرق (سهامي خاص),1404,نيكنام1,1405/04/02,09:13:29,موجوديت جديد,حسابداري,سند حسابداري,30745,1404/08/28,سند عمومي با شماره ثابت 30745 ذخيره شد
,شركت بنا بام بيستون (سهامي خاص),1405,غلامي4,1405/04/02,09:13:29,ورود موفق,,نشست,,,
,شركت كيهان راه شرق (سهامي خاص),1405,فرامرزسليماني,1405/04/02,09:12:40, ويرايش موجوديت,انبار,سند انبار,5919,1405/04/01,سند درخواست كالا از انبار با شماره 5919 ثبت شد
,شركت كيهان راه شرق (سهامي خاص),1405,مجتبي_زنگويي1,1405/04/02,09:12:08, ويرايش موجوديت,انبار,سند انبار,7548,1405/02/23,سند رسيد خريد  با شماره 7548 ثبت شد
,شركت قدرت ايمان كوير(سهامي خاص),1405,سجادي,1405/04/02,09:10:44,ورود موفق,,نشست,,,
,شركت كيهان راه شرق (سهامي خاص),1405,عليزاده,1405/04/02,09:10:39, ويرايش موجوديت,انبار,سند انبار,3036,1405/02/24,سند درخواست كالا از انبار با شماره 3036 ثبت شد
,شركت كيهان راه شرق (سهامي خاص),1405,محمدرضا_سلمانيان,1405/04/02,09:10:26,ورود موفق,,نشست,,,
,شركت قدرت ايمان كوير(سهامي خاص),1404,شاهروديان3,1405/04/02,09:10:18, ويرايش موجوديت,خزانه داري,سند حسابداري,7698,1404/08/25,سند عمومي با شماره 7698 تاييد شد
,شركت كيهان راه شرق (سهامي خاص),1404,نيكنام1,1405/04/02,09:10:08,ورود موفق,,نشست,,,
,شركت كيهان راه شرق (سهامي خاص),1405,عليرضاسالاري,1405/04/02,09:10:04, ويرايش موجوديت,انبار,سند انبار,4195,1405/03/11,سند درخواست كالا از انبار با شماره 4195 ثبت شد
,شركت كيهان راه شرق (سهامي خاص),1404,ضيايي,1405/04/02,09:09:56,ورود موفق,,نشست,,,
,شركت كيهان راه شرق (سهامي خاص),1405,مجتبي_زنگويي1,1405/04/02,09:09:55, ويرايش موجوديت,انبار,سند انبار,7528,1405/02/03,سند رسيد خريد  با شماره 7528 ثبت شد
,شركت بنا بام بيستون (سهامي خاص),1405,صابري4,1405/04/02,09:09:42,ورود موفق,,نشست,,,
,شركت كيهان راه شرق (سهامي خاص),1405,مجتبي_زنگويي1,1405/04/02,09:09:35, ويرايش موجوديت,انبار,سند انبار,7528,1405/02/03,سند رسيد خريد  با شماره 7528 ثبت شد
,شركت دنا بنيان بيرجند (سهامي خاص),1404,نيكنام2,1405/04/02,09:09:09,موجوديت جديد,حسابداري,سند حسابداري,8980,1404/10/08,سند عمومي با شماره ثابت 8980 ذخيره شد
,مينو ساز گلستان,1405,فرزانه10,1405/04/02,09:08:26,موجوديت جديد,خزانه داري,سند خزانه داري,38,1405/03/31,سند اعلاميه واريز ريالي با شماره 38 ذخيره شد
,شركت قدرت ايمان كوير(سهامي خاص),1405,جعفري3,1405/04/02,09:08:05,موجوديت جديد,خزانه داري,سند حسابداري,7869,1404/12/24,سند عمومي با شماره 7869 ذخيره شد
,شركت كيهان راه شرق (سهامي خاص),1405,مجتبي_زنگويي1,1405/04/02,09:07:47, ويرايش موجوديت,انبار,سند انبار,7529,1405/02/19,سند رسيد خريد  با شماره 7529 ثبت شد
,شركت قدرت ايمان كوير(سهامي خاص),1405,جعفري3,1405/04/02,09:07:22,موجوديت جديد,خزانه داري,سند خزانه داري,2235,1404/12/24,سند صورت هزينه تنخواه با شماره 2235 ذخيره شد
,شركت كيهان راه شرق (سهامي خاص),1405,محبوبي1,1405/04/02,09:07:06,موجوديت جديد,انبار,سند انبار,1679,1405/02/27,سند حواله انتقال بين انبار با شماره 1679 ثبت شد
,شركت كيهان راه شرق (سهامي خاص),1405,عليرضاسالاري,1405/04/02,09:06:25, ويرايش موجوديت,انبار,سند انبار,2774,1405/02/21,سند درخواست كالا از انبار با شماره 2774 ثبت شد
,شركت كيهان راه شرق (سهامي خاص),1405,عليزاده,1405/04/02,09:06:17, ويرايش موجوديت,انبار,سند انبار,2923,1405/02/23,سند درخواست كالا از انبار با شماره 2923 ثبت شد
,شركت كيهان راه شرق (سهامي خاص),1405,عليزاده,1405/04/02,09:06:03, ويرايش موجوديت,انبار,سند انبار,2923,1405/02/23,سند درخواست كالا از انبار با شماره 2923 ثبت شد
,شركت قدرت ايمان كوير(سهامي خاص),1404,قاسمي3,1405/04/02,09:05:29,ورود موفق,,نشست,,,
,شركت كيهان راه شرق (سهامي خاص),1405,علايي,1405/04/02,09:05:14, ويرايش موجوديت,انبار,سند انبار,5309,1405/03/25,سند درخواست كالا از انبار با شماره 5309 ثبت شد
,شركت كيهان راه شرق (سهامي خاص),1405,مجتبي_زنگويي1,1405/04/02,09:04:55, ويرايش موجوديت,انبار,سند انبار,7530,1405/02/21,سند رسيد خريد  با شماره 7530 ثبت شد
,شركت كيهان راه شرق (سهامي خاص),1405,محبوبي1,1405/04/02,09:04:08,موجوديت جديد,انبار,سند انبار,7917,1405/02/27,سند رسيد خريد  با شماره 7917 ثبت شد
,صولت پارس آمود,1405,سپهريان7,1405/04/02,09:03:35,ورود موفق,,نشست,,,
,شركت كيهان راه شرق (سهامي خاص),1405,مجتبي_زنگويي1,1405/04/02,09:02:44, ويرايش موجوديت,انبار,سند انبار,7526,1405/02/08,سند رسيد خريد  با شماره 7526 ثبت شد
,شركت كيهان راه شرق (سهامي خاص),1405,بهرامي1بيرجند,1405/04/02,09:01:39, ويرايش موجوديت,انبار,سند انبار,3937,1405/04/01,سند حواله مصرف ماشين آلات با شماره 3937 ثبت شد
,شركت كيهان راه شرق (سهامي خاص),1405,بهرامي1بيرجند,1405/04/02,09:01:21,موجوديت جديد,انبار,سند انبار,3937,1405/04/01,سند حواله مصرف ماشين آلات با شماره 3937 ثبت شد
,صولت پارس آمود,1405,مينايي,1405/04/02,09:00:45,ورود موفق,,نشست,,,
,شركت قدرت ايمان كوير(سهامي خاص),1404,نباتي3,1405/04/02,09:00:44, ويرايش موجوديت,حسابداري,سند حسابداري,3579,1404/07/30,سند عمومي با شماره 3579 تاييد شد
,شركت دنا بنيان بيرجند (سهامي خاص),1404,نيكنام2,1405/04/02,09:00:43,موجوديت جديد,حسابداري,سند حسابداري,8979,1404/10/03,سند عمومي با شماره ثابت 8979 ذخيره شد
,شركت قدرت ايمان كوير(سهامي خاص),1404,نباتي3,1405/04/02,09:00:37, ويرايش موجوديت,حسابداري,سند حسابداري,3580,1404/07/30,سند عمومي با شماره ثابت 3580 ذخيره شد
,شركت كيهان راه شرق (سهامي خاص),1405,مجتبي_زنگويي1,1405/04/02,09:00:08, ويرايش موجوديت,انبار,سند انبار,7532,1405/02/12,سند رسيد خريد  با شماره 7532 ثبت شد
,شركت كيهان راه شرق (سهامي خاص),1405,كريمزاده1,1405/04/02,08:59:03,ورود موفق,,نشست,,,
,شركت كيهان راه شرق (سهامي خاص),1405,عليزاده,1405/04/02,08:58:02, ويرايش موجوديت,انبار,سند انبار,4211,1405/03/12,سند درخواست كالا از انبار با شماره 4211 ثبت شد
,شركت قدرت ايمان كوير(سهامي خاص),1404,شاهروديان3,1405/04/02,08:57:42, ويرايش موجوديت,خزانه داري,سند حسابداري,7700,1404/08/24,سند عمومي با شماره 7700 تاييد شد
,شركت كيهان راه شرق (سهامي خاص),1405,مجتبي_زنگويي1,1405/04/02,08:57:30, ويرايش موجوديت,انبار,سند انبار,7565,1405/02/31,سند رسيد خريد  با شماره 7565 ثبت شد
,شركت قدرت ايمان كوير(سهامي خاص),1404,جوانمرد3,1405/04/02,08:57:29, ويرايش موجوديت,خزانه داري,سند حسابداري,7868,1404/12/03,سند عمومي با شماره 7868 ذخيره شد
,شركت كيهان راه شرق (سهامي خاص),1405,عليزاده,1405/04/02,08:57:17, ويرايش موجوديت,انبار,سند انبار,3672,1405/03/02,سند درخواست كالا از انبار با شماره 3672 ثبت شد
,شركت قدرت ايمان كوير(سهامي خاص),1404,شاهروديان3,1405/04/02,08:57:12, ويرايش موجوديت,خزانه داري,سند حسابداري,7702,1404/08/25,سند عمومي با شماره 7702 تاييد شد
,شركت كيهان راه شرق (سهامي خاص),1405,عليرضاسالاري,1405/04/02,08:56:27, ويرايش موجوديت,انبار,سند انبار,2774,1405/02/21,سند درخواست كالا از انبار با شماره 2774 ثبت شد
,شركت قدرت ايمان كوير(سهامي خاص),1404,جوانمرد3,1405/04/02,08:56:23,موجوديت جديد,خزانه داري,سند حسابداري,7868,1404/12/03,سند عمومي با شماره 7868 ذخيره شد
,شركت قدرت ايمان كوير(سهامي خاص),1404,شاهروديان3,1405/04/02,08:55:52, ويرايش موجوديت,خزانه داري,سند حسابداري,7703,1404/08/21,سند عمومي با شماره 7703 تاييد شد
,شركت كيهان راه شرق (سهامي خاص),1405,برزگررشتخواري,1405/04/02,08:55:36, ويرايش موجوديت,انبار,سند انبار,2540,1405/03/02,سند حواله مصرف  با شماره 2540 ثبت شد
,شركت كيهان راه شرق (سهامي خاص),1405,يوسفي4خواف,1405/04/02,08:55:23,ورود موفق,,نشست,,,
,شركت كيهان راه شرق (سهامي خاص),1405,محمدمختاري,1405/04/02,08:55:18, ويرايش موجوديت,انبار,سند انبار,3409,1405/02/29,سند درخواست كالا از انبار با شماره 3409 ثبت شد
,,,يوسفي4خواف,1405/04/02,08:55:14,ورود ناموفق (عدم صحت نام کاربر يا کلمه عبور),,نشست,,,
,مينو ساز گلستان,1405,فرزانه10,1405/04/02,08:55:05,موجوديت جديد,خزانه داري,سند حسابداري,178,1405/03/27,سند عمومي با شماره 178 ذخيره شد
,شركت قدرت ايمان كوير(سهامي خاص),1404,جوانمرد3,1405/04/02,08:54:58,موجوديت جديد,خزانه داري,سند خزانه داري,2234,1404/12/03,سند صورت هزينه تنخواه با شماره 2234 ذخيره شد
,شركت قدرت ايمان كوير(سهامي خاص),1404,شاهروديان3,1405/04/02,08:54:57,ورود موفق,,نشست,,,
,شركت كيهان راه شرق (سهامي خاص),1405,عليزاده,1405/04/02,08:54:42, ويرايش موجوديت,انبار,سند انبار,4017,1405/03/09,سند درخواست كالا از انبار با شماره 4017 ثبت شد
,مينو ساز گلستان,1405,فرزانه10,1405/04/02,08:54:23,موجوديت جديد,خزانه داري,سند خزانه داري,37,1405/03/27,سند اعلاميه واريز ريالي با شماره 37 ذخيره شد
,شركت كيهان راه شرق (سهامي خاص),1405,محمدحداد,1405/04/02,08:54:11,موجوديت جديد,انبار,سند انبار,4647,1405/04/02,سند تاييد درخواست كالا با شماره 4647 ثبت شد
,شركت كيهان راه شرق (سهامي خاص),1405,محمدحداد,1405/04/02,08:53:27, ويرايش موجوديت,انبار,سند انبار,5931,1405/04/01,سند درخواست كالا از انبار با شماره 5931 ثبت شد
,شركت برش كوه آريا پارت (سهامي خاص),1404,شاهوردي5,1405/04/02,08:53:01,ورود موفق,,نشست,,,
,شركت دنا بنيان بيرجند (سهامي خاص),1404,نيكنام2,1405/04/02,08:53:01,موجوديت جديد,حسابداري,سند حسابداري,8978,1404/09/24,سند عمومي با شماره ثابت 8978 ذخيره شد
,شركت كيهان راه شرق (سهامي خاص),1405,باباپور1,1405/04/02,08:52:08,ورود موفق,,نشست,,,
,مينو ساز گلستان,1405,فرزانه10,1405/04/02,08:51:43,ورود موفق,,نشست,,,
,شركت قدرت ايمان كوير(سهامي خاص),1404,نباتي3,1405/04/02,08:50:54, ويرايش موجوديت,حسابداري,سند حسابداري,5648,1404/11/29,سند عمومي با شماره 5648 تاييد شد
,شركت قدرت ايمان كوير(سهامي خاص),1405,جعفري3,1405/04/02,08:50:52,موجوديت جديد,خزانه داري,سند حسابداري,7867,1404/12/23,سند عمومي با شماره 7867 ذخيره شد
,شركت كيهان راه شرق (سهامي خاص),1405,سرحدي,1405/04/02,08:50:49,موجوديت جديد,انبار,سند انبار,7916,1405/03/23,سند رسيد خريد  با شماره 7916 ثبت شد
,شركت كيهان راه شرق (سهامي خاص),1405,عليرضاسالاري,1405/04/02,08:50:24, ويرايش موجوديت,انبار,سند انبار,5939,1405/04/01,سند درخواست كالا از انبار با شماره 5939 ثبت شد
,شركت كيهان راه شرق (سهامي خاص),1405,رحمانيان,1405/04/02,08:50:24, ويرايش موجوديت,انبار,سند انبار,5958,1405/04/02,سند درخواست كالا از انبار با شماره 5958 ثبت شد
,شركت كيهان راه شرق (سهامي خاص),1405,رحمانيان,1405/04/02,08:50:12, ويرايش موجوديت,انبار,سند انبار,5958,1405/04/02,سند درخواست كالا از انبار با شماره 5958 ثبت شد
,شركت قدرت ايمان كوير(سهامي خاص),1404,جوانمرد3,1405/04/02,08:49:56,موجوديت جديد,خزانه داري,سند حسابداري,7866,1404/12/04,سند عمومي با شماره 7866 ذخيره شد
,شركت قدرت ايمان كوير(سهامي خاص),1404,جوانمرد3,1405/04/02,08:49:43,موجوديت جديد,خزانه داري,سند خزانه داري,2233,1404/12/04,سند صورت هزينه تنخواه با شماره 2233 ذخيره شد
,شركت كيهان راه شرق (سهامي خاص),1405,مجتبي_زنگويي1,1405/04/02,08:49:34, ويرايش موجوديت,انبار,سند انبار,7568,1405/02/15,سند رسيد خريد  با شماره 7568 ثبت شد
,شركت كيهان راه شرق (سهامي خاص),1405,اجنوردي1,1405/04/02,08:49:19,موجوديت جديد,انبار,سند انبار,5958,1405/04/02,سند درخواست كالا از انبار با شماره 5958 ثبت شد
,شركت كيهان راه شرق (سهامي خاص),1405,محمدحداد,1405/04/02,08:48:49,موجوديت جديد,انبار,سند انبار,4646,1405/04/02,سند تاييد درخواست كالا با شماره 4646 ثبت شد
,شركت كيهان راه شرق (سهامي خاص),1405,عليرضاسالاري,1405/04/02,08:48:46, ويرايش موجوديت,انبار,سند انبار,5939,1405/04/01,سند درخواست كالا از انبار با شماره 5939 ثبت شد
,شركت كيهان راه شرق (سهامي خاص),1405,عليرضاسالاري,1405/04/02,08:48:37, ويرايش موجوديت,انبار,سند انبار,5939,1405/04/01,سند درخواست كالا از انبار با شماره 5939 ثبت شد
,شركت برش كوه آريا پارت (سهامي خاص),1405,جوانمرد5,1405/04/02,08:48:14,موجوديت جديد,خزانه داري,سند خزانه داري,59,1405/03/19,سند اعلاميه برداشت ريالي با شماره 59 ذخيره شد
,شركت كيهان راه شرق (سهامي خاص),1405,كريمزاده1,1405/04/02,08:47:56, ويرايش موجوديت,انبار,سند انبار,7915,1405/03/20,سند رسيد خريد  با شماره 7915 ثبت شد
,شركت كيهان راه شرق (سهامي خاص),1405,مجتبي_زنگويي1,1405/04/02,08:47:50,ورود موفق,,نشست,,,
,شركت كيهان راه شرق (سهامي خاص),1405,عليرضاسالاري,1405/04/02,08:47:41, ويرايش موجوديت,انبار,سند انبار,5939,1405/04/01,سند درخواست كالا از انبار با شماره 5939 ثبت شد
,شركت كيهان راه شرق (سهامي خاص),1405,محمدحداد,1405/04/02,08:47:39, ويرايش موجوديت,انبار,سند انبار,5941,1405/04/01,سند درخواست كالا از انبار با شماره 5941 ثبت شد
,شركت قدرت ايمان كوير(سهامي خاص),1405,جعفري3,1405/04/02,08:47:35,موجوديت جديد,خزانه داري,سند خزانه داري,2232,1404/12/23,سند صورت هزينه تنخواه با شماره 2232 ذخيره شد
,شركت كيهان راه شرق (سهامي خاص),1405,كريمزاده1,1405/04/02,08:47:33,موجوديت جديد,انبار,سند انبار,7915,1405/03/20,سند رسيد خريد  با شماره 7915 ثبت شد
,شركت كيهان راه شرق (سهامي خاص),1405,عليرضاسالاري,1405/04/02,08:46:57, ويرايش موجوديت,انبار,سند انبار,5735,1405/03/29,سند درخواست كالا از انبار با شماره 5735 ثبت شد
,شركت كيهان راه شرق (سهامي خاص),1405,پاشايي,1405/04/02,08:46:48, ويرايش موجوديت,انبار,سند انبار,7749,1405/02/17,سند رسيد خريد  با شماره 7749 ثبت شد
,شركت قدرت ايمان كوير(سهامي خاص),1404,نباتي3,1405/04/02,08:46:38, ويرايش موجوديت,حسابداري,سند حسابداري,5649,1404/11/29,سند عمومي با شماره ثابت 5649 ذخيره شد
,شركت قدرت ايمان كوير(سهامي خاص),1404,جوانمرد3,1405/04/02,08:46:15,موجوديت جديد,خزانه داري,سند حسابداري,7865,1404/12/04,سند عمومي با شماره 7865 ذخيره شد
,شركت كيهان راه شرق (سهامي خاص),1405,بهرامي1بيرجند,1405/04/02,08:46:08, ويرايش موجوديت,انبار,سند انبار,1442,1405/04/02,سند رسيد انتقال بين انبار با شماره 1442 ثبت شد
,شركت قدرت ايمان كوير(سهامي خاص),1404,جوانمرد3,1405/04/02,08:46:01,موجوديت جديد,خزانه داري,سند خزانه داري,2231,1404/12/04,سند صورت هزينه تنخواه با شماره 2231 ذخيره شد
,شركت كيهان راه شرق (سهامي خاص),1405,سرحدي,1405/04/02,08:45:54,موجوديت جديد,انبار,سند انبار,7914,1405/03/21,سند رسيد خريد  با شماره 7914 ثبت شد
,شركت كيهان راه شرق (سهامي خاص),1405,محمدحداد,1405/04/02,08:45:51,موجوديت جديد,انبار,سند انبار,4645,1405/04/02,سند تاييد درخواست كالا با شماره 4645 ثبت شد
,شركت كيهان راه شرق (سهامي خاص),1405,علايي,1405/04/02,08:45:41, ويرايش موجوديت,انبار,سند انبار,5880,1405/03/31,سند درخواست كالا از انبار با شماره 5880 ثبت شد
,شركت كيهان راه شرق (سهامي خاص),1405,پاشايي,1405/04/02,08:45:11, ويرايش موجوديت,انبار,سند انبار,7749,1405/02/17,سند رسيد خريد  با شماره 7749 ثبت شد
,شركت كيهان راه شرق (سهامي خاص),1405,اقبالي,1405/04/02,08:44:49,ورود موفق,,نشست,,,
,شركت قدرت ايمان كوير(سهامي خاص),1404,نباتي3,1405/04/02,08:44:38, ويرايش موجوديت,حسابداري,سند حسابداري,5321,1404/09/30,سند عمومي با شماره 5321 تاييد شد
,شركت قدرت ايمان كوير(سهامي خاص),1404,نباتي3,1405/04/02,08:44:12, ويرايش موجوديت,حسابداري,سند حسابداري,5322,1404/09/30,سند عمومي با شماره ثابت 5322 ذخيره شد
,شركت كيهان راه شرق (سهامي خاص),1405,برزگررشتخواري,1405/04/02,08:43:58, ويرايش موجوديت,انبار,سند انبار,2540,1405/03/02,سند حواله مصرف  با شماره 2540 ثبت شد
,شركت قدرت ايمان كوير(سهامي خاص),1404,جوانمرد3,1405/04/02,08:43:42,موجوديت جديد,خزانه داري,سند حسابداري,7864,1404/12/04,سند عمومي با شماره 7864 ذخيره شد
,شركت كيهان راه شرق (سهامي خاص),1405,علايي,1405/04/02,08:43:39, ويرايش موجوديت,انبار,سند انبار,4519,1405/03/16,سند درخواست كالا از انبار با شماره 4519 ثبت شد
,شركت قدرت ايمان كوير(سهامي خاص),1404,جوانمرد3,1405/04/02,08:43:29,موجوديت جديد,خزانه داري,سند خزانه داري,2230,1404/12/04,سند صورت هزينه تنخواه با شماره 2230 ذخيره شد
,شركت كيهان راه شرق (سهامي خاص),1405,برزگررشتخواري,1405/04/02,08:43:22,موجوديت جديد,انبار,سند انبار,2540,1405/03/02,سند حواله مصرف  با شماره 2540 ثبت شد
,احداث راه پاسارگاد,1405,سيدمرتضي_حسيني16,1405/04/02,08:43:16, ويرايش موجوديت,حسابداري,سند حسابداري,146,1405/02/31,سند عمومي با شماره ثابت 146 ذخيره شد
,شركت كيهان راه شرق (سهامي خاص),1405,بهرامي1بيرجند,1405/04/02,08:43:05,ورود موفق,,نشست,,,
,شركت كيهان راه شرق (سهامي خاص),1405,عليزاده,1405/04/02,08:43:03, ويرايش موجوديت,انبار,سند انبار,4017,1405/03/09,سند درخواست كالا از انبار با شماره 4017 ثبت شد
,شركت كيهان راه شرق (سهامي خاص),1405,بهرامي1بيرجند,1405/04/02,08:42:48,موجوديت جديد,انبار,سند انبار,1442,1405/04/02,سند رسيد انتقال بين انبار با شماره 1442 ثبت شد
,شركت كيهان راه شرق (سهامي خاص),1405,علايي,1405/04/02,08:42:46, حذف موجوديت,انبار,سند انبار,3693,1405/03/17,سند تاييد درخواست كالا با شماره 3693 حذف شد
,شركت كيهان راه شرق (سهامي خاص),1405,محمدحداد,1405/04/02,08:42:34, ويرايش موجوديت,انبار,سند انبار,5946,1405/04/01,سند درخواست كالا از انبار با شماره 5946 ثبت شد
,شركت باراد معدن فلات شرق,1405,صابري21,1405/04/02,08:42:18,ورود موفق,,نشست,,,
,شركت قدرت ايمان كوير(سهامي خاص),1404,نباتي3,1405/04/02,08:42:08, ويرايش موجوديت,حسابداري,سند حسابداري,3176,1404/08/14,سند عمومي با شماره 3176 تاييد شد
,شركت كيهان راه شرق (سهامي خاص),1405,اجنوردي1,1405/04/02,08:41:57, ويرايش موجوديت,انبار,سند انبار,2530,1405/04/01,سند حواله مصرف  با شماره 2530 ثبت شد
,شركت قدرت ايمان كوير(سهامي خاص),1404,نباتي3,1405/04/02,08:41:48, ويرايش موجوديت,حسابداري,سند حسابداري,3177,1404/08/14,سند عمومي با شماره ثابت 3177 ذخيره شد
,شركت قدرت ايمان كوير(سهامي خاص),1405,كاظميان3,1405/04/02,08:41:43,موجوديت جديد,خزانه داري,سند حسابداري,7863,1404/07/19,سند عمومي با شماره 7863 ذخيره شد
,احداث راه پاسارگاد,1405,سيدمرتضي_حسيني16,1405/04/02,08:41:34,ورود موفق,,نشست,,,
,شركت قدرت ايمان كوير(سهامي خاص),1404,جوانمرد3,1405/04/02,08:41:15, ويرايش موجوديت,خزانه داري,سند حسابداري,7862,1404/12/05,سند عمومي با شماره 7862 ذخيره شد
,شركت قدرت ايمان كوير(سهامي خاص),1404,جوانمرد3,1405/04/02,08:40:46,موجوديت جديد,خزانه داري,سند حسابداري,7862,1404/12/05,سند عمومي با شماره 7862 ذخيره شد
,شركت كيهان راه شرق (سهامي خاص),1405,علايي,1405/04/02,08:40:36, ويرايش موجوديت,انبار,سند انبار,5955,1405/04/02,سند درخواست كالا از انبار با شماره 5955 ثبت شد
,شركت قدرت ايمان كوير(سهامي خاص),1404,جوانمرد3,1405/04/02,08:40:31,موجوديت جديد,خزانه داري,سند خزانه داري,2229,1404/12/05,سند صورت هزينه تنخواه با شماره 2229 ذخيره شد
,شركت كيهان راه شرق (سهامي خاص),1405,كريمزاده1,1405/04/02,08:40:28,موجوديت جديد,انبار,سند انبار,7913,1405/03/19,سند رسيد خريد  با شماره 7913 ثبت شد
,شركت قدرت ايمان كوير(سهامي خاص),1404,نباتي3,1405/04/02,08:40:16, ويرايش موجوديت,حسابداري,سند حسابداري,5654,1404/08/30,سند عمومي با شماره 5654 تاييد شد
,شركت قدرت ايمان كوير(سهامي خاص),1404,نباتي3,1405/04/02,08:40:08, ويرايش موجوديت,حسابداري,سند حسابداري,5655,1404/08/30,سند عمومي با شماره ثابت 5655 ذخيره شد
,شركت كيهان راه شرق (سهامي خاص),1405,محمدمختاري,1405/04/02,08:39:54, ويرايش موجوديت,انبار,سند انبار,3832,1405/03/04,سند درخواست كالا از انبار با شماره 3832 ثبت شد
,شركت كيهان راه شرق (سهامي خاص),1405,علايي,1405/04/02,08:39:25, ويرايش موجوديت,انبار,سند انبار,5880,1405/03/31,سند درخواست كالا از انبار با شماره 5880 ثبت شد
,شركت كيهان راه شرق (سهامي خاص),1405,عليزاده,1405/04/02,08:39:24, ويرايش موجوديت,انبار,سند انبار,3498,1405/02/30,سند درخواست كالا از انبار با شماره 3498 ثبت شد
,شركت كيهان راه شرق (سهامي خاص),1405,علايي,1405/04/02,08:38:57, ويرايش موجوديت,انبار,سند انبار,5842,1405/03/31,سند درخواست كالا از انبار با شماره 5842 ثبت شد
,شركت قدرت ايمان كوير(سهامي خاص),1404,جوانمرد3,1405/04/02,08:38:51,موجوديت جديد,خزانه داري,سند حسابداري,7861,1404/12/04,سند عمومي با شماره 7861 ذخيره شد
,شركت قدرت ايمان كوير(سهامي خاص),1405,كاظميان3,1405/04/02,08:38:44,موجوديت جديد,خزانه داري,سند خزانه داري,2228,1404/07/19,سند صورت هزينه تنخواه با شماره 2228 ذخيره شد
,شركت قدرت ايمان كوير(سهامي خاص),1404,جوانمرد3,1405/04/02,08:38:34,موجوديت جديد,خزانه داري,سند خزانه داري,2227,1404/12/04,سند صورت هزينه تنخواه با شماره 2227 ذخيره شد
,شركت كيهان راه شرق (سهامي خاص),1405,علايي,1405/04/02,08:38:32, ويرايش موجوديت,انبار,سند انبار,5842,1405/03/31,سند درخواست كالا از انبار با شماره 5842 ثبت شد
,شركت كيهان راه شرق (سهامي خاص),1405,محبوبي1,1405/04/02,08:38:23,موجوديت جديد,انبار,سند انبار,1678,1405/03/13,سند حواله انتقال بين انبار با شماره 1678 ثبت شد
,شركت كيهان راه شرق (سهامي خاص),1405,علايي,1405/04/02,08:38:13, ويرايش موجوديت,انبار,سند انبار,5809,1405/03/30,سند درخواست كالا از انبار با شماره 5809 ثبت شد
,شركت قدرت ايمان كوير(سهامي خاص),1404,نباتي3,1405/04/02,08:37:43, ويرايش موجوديت,حسابداري,سند حسابداري,5656,1404/10/30,سند عمومي با شماره 5656 تاييد شد
,شركت قدرت ايمان كوير(سهامي خاص),1404,نباتي3,1405/04/02,08:37:39, ويرايش موجوديت,حسابداري,سند حسابداري,5657,1404/10/30,سند عمومي با شماره ثابت 5657 ذخيره شد
,شركت كيهان راه شرق (سهامي خاص),1405,عليرضاسالاري,1405/04/02,08:37:36, ويرايش موجوديت,انبار,سند انبار,3553,1405/02/31,سند درخواست كالا از انبار با شماره 3553 ثبت شد
,شركت قدرت ايمان كوير(سهامي خاص),1405,سيدمرتضي_حسيني3,1405/04/02,08:37:29, ويرايش موجوديت,حسابداري,سند حسابداري,961,1405/02/09,سند عمومي با شماره ثابت 961 ذخيره شد
,شركت كيهان راه شرق (سهامي خاص),1405,عليزاده,1405/04/02,08:37:23, ويرايش موجوديت,انبار,سند انبار,3498,1405/02/30,سند درخواست كالا از انبار با شماره 3498 ثبت شد
,شركت قدرت ايمان كوير(سهامي خاص),1405,سپهريان3,1405/04/02,08:36:57,موجوديت جديد,خزانه داري,سند حسابداري,1002,1405/04/01,سند عمومي با شماره 1002 ذخيره شد
,شركت قدرت ايمان كوير(سهامي خاص),1405,سپهريان3,1405/04/02,08:36:45,موجوديت جديد,خزانه داري,سند خزانه داري,253,1405/04/01,سند اعلاميه برداشت ريالي با شماره 253 ذخيره شد
,شركت قدرت ايمان كوير(سهامي خاص),1404,جوانمرد3,1405/04/02,08:35:54,موجوديت جديد,خزانه داري,سند حسابداري,7860,1404/12/05,سند عمومي با شماره 7860 ذخيره شد
,شركت قدرت ايمان كوير(سهامي خاص),1405,كاظميان3,1405/04/02,08:35:44, ويرايش موجوديت,خزانه داري,سند حسابداري,7859,1404/12/29,سند عمومي با شماره 7859 ذخيره شد
,شركت قدرت ايمان كوير(سهامي خاص),1404,نباتي3,1405/04/02,08:35:40, ويرايش موجوديت,حسابداري,سند حسابداري,5655,1404/09/30,سند عمومي با شماره 5655 تاييد شد
,شركت قدرت ايمان كوير(سهامي خاص),1404,جوانمرد3,1405/04/02,08:35:39,موجوديت جديد,خزانه داري,سند خزانه داري,2226,1404/12/05,سند صورت هزينه تنخواه با شماره 2226 ذخيره شد
,شركت قدرت ايمان كوير(سهامي خاص),1404,نباتي3,1405/04/02,08:35:37, ويرايش موجوديت,حسابداري,سند حسابداري,5656,1404/09/30,سند عمومي با شماره ثابت 5656 ذخيره شد
,شركت قدرت ايمان كوير(سهامي خاص),1405,كاظميان3,1405/04/02,08:35:23,موجوديت جديد,خزانه داري,سند حسابداري,7859,1404/12/29,سند  با شماره 7859 ذخيره شد
,شركت كيهان راه شرق (سهامي خاص),1405,محمدمختاري,1405/04/02,08:35:16, ويرايش موجوديت,انبار,سند انبار,3367,1405/02/29,سند درخواست كالا از انبار با شماره 3367 ثبت شد
,شعبه ششم,1405,يوسفيان,1405/04/02,08:35:00,ورود موفق,,نشست,,,
,شركت برش كوه آريا پارت (سهامي خاص),1405,جوانمرد5,1405/04/02,08:34:55,موجوديت جديد,خزانه داري,سند خزانه داري,58,1405/03/17,سند اعلاميه برداشت ريالي با شماره 58 ذخيره شد
,شركت قدرت ايمان كوير(سهامي خاص),1405,كاظميان3,1405/04/02,08:34:53,موجوديت جديد,خزانه داري,سند خزانه داري,2225,1404/12/29,سند صورت هزينه تنخواه با شماره 2225 ذخيره شد
,شركت كيهان راه شرق (سهامي خاص),1405,اجنوردي1,1405/04/02,08:34:44, ويرايش موجوديت,انبار,سند انبار,2530,1405/04/01,سند حواله مصرف  با شماره 2530 ثبت شد
,شركت كيهان راه شرق (سهامي خاص),1405,برزگررشتخواري,1405/04/02,08:34:41, ويرايش موجوديت,انبار,سند انبار,7911,1405/03/02,سند رسيد خريد  با شماره 7911 ثبت شد
,شركت كيهان راه شرق (سهامي خاص),1405,پاشايي,1405/04/02,08:34:24, ويرايش موجوديت,انبار,سند انبار,3780,1405/02/09,سند رسيد خريد  با شماره 3780 ثبت شد
,شركت كيهان راه شرق (سهامي خاص),1405,برزگررشتخواري,1405/04/02,08:34:22, ويرايش موجوديت,انبار,سند انبار,7911,1405/03/02,سند رسيد خريد  با شماره 7911 ثبت شد
,شركت دنا بنيان بيرجند (سهامي خاص),1405,فرزانه,1405/04/02,08:34:13,ورود موفق,,نشست,,,
,شركت دنا بنيان بيرجند (سهامي خاص),1404,نيكنام2,1405/04/02,08:33:45,ورود موفق,,نشست,,,
,شركت كيهان راه شرق (سهامي خاص),1404,كارآموز1,1405/04/02,08:33:42, ويرايش موجوديت,حسابداري,سند حسابداري,2627,1405/03/25,سند عمومي با شماره ثابت 2627 ذخيره شد
,شركت كيهان راه شرق (سهامي خاص),1405,بهرامي1بيرجند,1405/04/02,08:33:38,موجوديت جديد,انبار,سند انبار,1441,1405/04/02,سند رسيد انتقال بين انبار با شماره 1441 ثبت شد
,شركت كيهان راه شرق (سهامي خاص),1404,كارآموز1,1405/04/02,08:33:35,موجوديت جديد,حسابداري,سند حسابداري,2627,1405/04/02,سند عمومي با شماره ثابت 2627 ذخيره شد
,شركت كيهان راه شرق (سهامي خاص),1405,محمدمختاري,1405/04/02,08:33:28, ويرايش موجوديت,انبار,سند انبار,3367,1405/02/29,سند درخواست كالا از انبار با شماره 3367 ثبت شد
,شركت دنا بنيان بيرجند (سهامي خاص),1405,فرزانه,1405/04/02,08:33:27,ورود موفق,,نشست,,,
,شركت كيهان راه شرق (سهامي خاص),1405,عليرضاسالاري,1405/04/02,08:33:22, ويرايش موجوديت,انبار,سند انبار,3553,1405/02/31,سند درخواست كالا از انبار با شماره 3553 ثبت شد
,شركت كيهان راه شرق (سهامي خاص),1405,اجنوردي1,1405/04/02,08:33:06, ويرايش موجوديت,انبار,سند انبار,5889,1405/03/31,سند درخواست كالا از انبار با شماره 5889 ثبت شد
,شركت كيهان راه شرق (سهامي خاص),1405,كريمزاده1,1405/04/02,08:33:04,موجوديت جديد,انبار,سند انبار,7912,1405/03/19,سند رسيد خريد  با شماره 7912 ثبت شد
,شركت كيهان راه شرق (سهامي خاص),1405,فاطمي1,1405/04/02,08:32:52, ويرايش موجوديت,حسابداري,سند حسابداري,2469,1405/03/27,سند عمومي با شماره 2469 تاييد شد
,شركت كيهان راه شرق (سهامي خاص),1405,عليرضاسالاري,1405/04/02,08:32:47, ويرايش موجوديت,انبار,سند انبار,5943,1405/04/01,سند درخواست كالا از انبار با شماره 5943 ثبت شد
,شركت قدرت ايمان كوير(سهامي خاص),1404,نباتي3,1405/04/02,08:32:38, ويرايش موجوديت,حسابداري,سند حسابداري,3645,1404/07/30,سند عمومي با شماره 3645 تاييد شد
,شركت كيهان راه شرق (سهامي خاص),1405,فاطمي1,1405/04/02,08:32:25, ويرايش موجوديت,حسابداري,سند حسابداري,2469,1405/03/27,سند عمومي با شماره ثابت 2469 ذخيره شد
,شركت قدرت ايمان كوير(سهامي خاص),1404,نباتي3,1405/04/02,08:32:20, ويرايش موجوديت,حسابداري,سند حسابداري,3646,1404/07/30,سند عمومي با شماره ثابت 3646 ذخيره شد
,شركت كيهان راه شرق (سهامي خاص),1405,فاطمي1,1405/04/02,08:32:09, ويرايش موجوديت,حسابداري,سند حسابداري,2469,1405/03/27,سند عمومي با شماره ثابت 2469 ذخيره شد
,شركت كيهان راه شرق (سهامي خاص),1405,عليرضاسالاري,1405/04/02,08:32:04, ويرايش موجوديت,انبار,سند انبار,5943,1405/04/01,سند درخواست كالا از انبار با شماره 5943 ثبت شد
,شركت كيهان راه شرق (سهامي خاص),1405,عليزاده,1405/04/02,08:31:13, ويرايش موجوديت,انبار,سند انبار,3982,1405/03/09,سند درخواست كالا از انبار با شماره 3982 ثبت شد
,شركت قدرت ايمان كوير(سهامي خاص),1405,كاظميان3,1405/04/02,08:30:56,موجوديت جديد,خزانه داري,سند حسابداري,7858,1404/07/20,سند عمومي با شماره 7858 ذخيره شد
,شركت قدرت ايمان كوير(سهامي خاص),1405,سيدمرتضي_حسيني3,1405/04/02,08:30:54, ويرايش موجوديت,حسابداري,سند حسابداري,986,1405/02/15,سند عمومي با شماره ثابت 986 ذخيره شد
,شركت كيهان راه شرق (سهامي خاص),1405,عليزاده,1405/04/02,08:30:50, ويرايش موجوديت,انبار,سند انبار,3982,1405/03/09,سند درخواست كالا از انبار با شماره 3982 ثبت شد
,شركت كيهان راه شرق (سهامي خاص),1405,برزگررشتخواري,1405/04/02,08:30:38,موجوديت جديد,انبار,سند انبار,7911,1405/03/02,سند رسيد خريد  با شماره 7911 ثبت شد
,شركت قدرت ايمان كوير(سهامي خاص),1405,سيدمرتضي_حسيني3,1405/04/02,08:30:31, ويرايش موجوديت,حسابداري,سند حسابداري,1001,1405/02/28,سند عمومي با شماره ثابت 1001 ذخيره شد
,شركت قدرت ايمان كوير(سهامي خاص),1405,كاظميان3,1405/04/02,08:30:18,موجوديت جديد,خزانه داري,سند خزانه داري,2224,1404/07/20,سند صورت هزينه تنخواه با شماره 2224 ذخيره شد
,شركت قدرت ايمان كوير(سهامي خاص),1404,نباتي3,1405/04/02,08:30:16, ويرايش موجوديت,حسابداري,سند حسابداري,4464,1404/10/08,سند عمومي با شماره 4464 تاييد شد
,شركت قدرت ايمان كوير(سهامي خاص),1404,نباتي3,1405/04/02,08:30:09, ويرايش موجوديت,حسابداري,سند حسابداري,4465,1404/10/08,سند عمومي با شماره ثابت 4465 ذخيره شد
,شركت كيهان راه شرق (سهامي خاص),1405,پاشايي,1405/04/02,08:30:08, ويرايش موجوديت,انبار,سند انبار,4354,1405/01/21,سند رسيد خريد  با شماره 4354 ثبت شد
,شركت كيهان راه شرق (سهامي خاص),1405,اجنوردي1,1405/04/02,08:30:00,موجوديت جديد,انبار,سند انبار,7910,1405/04/01,سند رسيد خريد  با شماره 7910 ثبت شد
,شركت قدرت ايمان كوير(سهامي خاص),1405,سيدمرتضي_حسيني3,1405/04/02,08:29:54, ويرايش موجوديت,حسابداري,سند حسابداري,980,1405/02/15,سند عمومي با شماره ثابت 980 ذخيره شد
,شركت كيهان راه شرق (سهامي خاص),1405,عليرضاسالاري,1405/04/02,08:29:50, ويرايش موجوديت,انبار,سند انبار,5953,1405/04/02,سند درخواست كالا از انبار با شماره 5953 ثبت شد
,شركت قدرت ايمان كوير(سهامي خاص),1404,نيكنام3,1405/04/02,08:29:41,موجوديت جديد,حسابداري,سند حسابداري,7858,1404/11/11,سند عمومي با شماره ثابت 7858 ذخيره شد
,شركت قدرت ايمان كوير(سهامي خاص),1405,سيدمرتضي_حسيني3,1405/04/02,08:29:29, ويرايش موجوديت,حسابداري,سند حسابداري,978,1405/02/09,سند عمومي با شماره ثابت 978 ذخيره شد
,شركت كيهان راه شرق (سهامي خاص),1405,كريمزاده1,1405/04/02,08:29:14,موجوديت جديد,انبار,سند انبار,7909,1405/03/19,سند رسيد خريد  با شماره 7909 ثبت شد
,شركت كيهان راه شرق (سهامي خاص),1405,فاطمي1,1405/04/02,08:29:11,ورود موفق,,نشست,,,
,شركت قدرت ايمان كوير(سهامي خاص),1405,سيدمرتضي_حسيني3,1405/04/02,08:29:00, ويرايش موجوديت,حسابداري,سند حسابداري,967,1405/02/31,سند عمومي با شماره ثابت 967 ذخيره شد
,شركت برش كوه آريا پارت (سهامي خاص),1405,جوانمرد5,1405/04/02,08:28:21,موجوديت جديد,خزانه داري,سند خزانه داري,57,1405/03/16,سند اعلاميه برداشت ريالي با شماره 57 ذخيره شد
,شركت قدرت ايمان كوير(سهامي خاص),1405,سيدمرتضي_حسيني3,1405/04/02,08:28:18, ويرايش موجوديت,حسابداري,سند حسابداري,959,1405/02/15,سند عمومي با شماره ثابت 959 ذخيره شد
,صولت پارس آمود,1405,فاطمي,1405/04/02,08:28:14,ورود موفق,,نشست,,,
,شركت كيهان راه شرق (سهامي خاص),1405,سيناسليماني,1405/04/02,08:28:11,موجوديت جديد,انبار,سند انبار,3936,1405/03/17,سند حواله مصرف ماشين آلات با شماره 3936 ثبت شد
,شركت كيهان راه شرق (سهامي خاص),1405,محمدمختاري,1405/04/02,08:28:00, ويرايش موجوديت,انبار,سند انبار,2803,1405/02/22,سند درخواست كالا از انبار با شماره 2803 ثبت شد
,شركت قدرت ايمان كوير(سهامي خاص),1405,سيدمرتضي_حسيني3,1405/04/02,08:27:54, ويرايش موجوديت,حسابداري,سند حسابداري,962,1405/02/30,سند عمومي با شماره ثابت 962 ذخيره شد
,شركت كيهان راه شرق (سهامي خاص),1405,عليرضاسالاري,1405/04/02,08:27:53, ويرايش موجوديت,انبار,سند انبار,5952,1405/04/02,سند درخواست كالا از انبار با شماره 5952 ثبت شد
,شركت كيهان راه شرق (سهامي خاص),1405,عليرضاسالاري,1405/04/02,08:27:27, ويرايش موجوديت,انبار,سند انبار,5952,1405/04/02,سند درخواست كالا از انبار با شماره 5952 ثبت شد
,شركت قدرت ايمان كوير(سهامي خاص),1405,سيدمرتضي_حسيني3,1405/04/02,08:27:12, ويرايش موجوديت,حسابداري,سند حسابداري,957,1405/02/15,سند عمومي با شماره ثابت 957 ذخيره شد
,شركت كيهان راه شرق (سهامي خاص),1405,محمدمختاري,1405/04/02,08:26:50, ويرايش موجوديت,انبار,سند انبار,2803,1405/02/22,سند درخواست كالا از انبار با شماره 2803 ثبت شد
,شركت كيهان راه شرق (سهامي خاص),1405,عليرضاسالاري,1405/04/02,08:26:47, ويرايش موجوديت,انبار,سند انبار,5952,1405/04/02,سند درخواست كالا از انبار با شماره 5952 ثبت شد
,شركت كيهان راه شرق (سهامي خاص),1405,كريمزاده1,1405/04/02,08:26:37,موجوديت جديد,انبار,سند انبار,7908,1405/03/19,سند رسيد خريد  با شماره 7908 ثبت شد
,شركت كيهان راه شرق (سهامي خاص),1405,عليرضاسالاري,1405/04/02,08:25:27,ورود موفق,,نشست,,,
,شركت كيهان راه شرق (سهامي خاص),1405,عليرضاسالاري,1405/04/02,08:24:57, ويرايش موجوديت,انبار,سند انبار,5949,1405/04/01,سند درخواست كالا از انبار با شماره 5949 ثبت شد
,شركت قدرت ايمان كوير(سهامي خاص),1404,جوانمرد3,1405/04/02,08:24:25,موجوديت جديد,خزانه داري,سند حسابداري,7856,1404/12/05,سند عمومي با شماره 7856 ذخيره شد
,شركت قدرت ايمان كوير(سهامي خاص),1404,جوانمرد3,1405/04/02,08:24:08,موجوديت جديد,خزانه داري,سند خزانه داري,2223,1404/12/05,سند صورت هزينه تنخواه با شماره 2223 ذخيره شد
,شركت قدرت ايمان كوير(سهامي خاص),1404,نيكنام3,1405/04/02,08:24:01,موجوديت جديد,حسابداري,سند حسابداري,7856,1404/08/28,سند عمومي با شماره ثابت 7856 ذخيره شد
,شركت كيهان راه شرق (سهامي خاص),1405,عليرضاسالاري,1405/04/02,08:23:51, ويرايش موجوديت,انبار,سند انبار,5949,1405/04/01,سند درخواست كالا از انبار با شماره 5949 ثبت شد
,شركت كيهان راه شرق (سهامي خاص),1405,محبوبي1,1405/04/02,08:23:01,موجوديت جديد,انبار,سند انبار,7907,1405/03/13,سند رسيد خريد  با شماره 7907 ثبت شد
,شركت برش كوه آريا پارت (سهامي خاص),1405,جوانمرد5,1405/04/02,08:22:59, ويرايش موجوديت,خزانه داري,سند خزانه داري,56,1405/03/16,سند اعلاميه برداشت ريالي با شماره 56 ذخيره شد
,شركت كيهان راه شرق (سهامي خاص),1405,رحمانيان,1405/04/02,08:22:24, ويرايش موجوديت,انبار,سند انبار,5928,1405/04/01,سند درخواست كالا از انبار با شماره 5928 ثبت شد
,شركت كيهان راه شرق (سهامي خاص),1404,كارآموز1,1405/04/02,08:22:20,ورود موفق,,نشست,,,
,شركت كيهان راه شرق (سهامي خاص),1405,محمدمختاري,1405/04/02,08:22:06, ويرايش موجوديت,انبار,سند انبار,2265,1405/02/15,سند درخواست كالا از انبار با شماره 2265 ثبت شد
,شركت كيهان راه شرق (سهامي خاص),1405,علايي,1405/04/02,08:21:53,ورود موفق,,نشست,,,
,شركت قدرت ايمان كوير(سهامي خاص),1404,جوانمرد3,1405/04/02,08:21:33,ورود موفق,,نشست,,,
,شركت قدرت ايمان كوير(سهامي خاص),1405,جعفري3,1405/04/02,08:21:24,موجوديت جديد,خزانه داري,سند حسابداري,7854,1404/12/23,سند عمومي با شماره 7854 ذخيره شد
,شركت قدرت ايمان كوير(سهامي خاص),1405,جعفري3,1405/04/02,08:21:01,موجوديت جديد,خزانه داري,سند خزانه داري,2222,1404/12/23,سند صورت هزينه تنخواه با شماره 2222 ذخيره شد
,شركت قدرت ايمان كوير(سهامي خاص),1404,نيكنام3,1405/04/02,08:19:33,ورود موفق,,نشست,,,
,شركت كيهان راه شرق (سهامي خاص),1405,رحمانيان,1405/04/02,08:18:48,موجوديت جديد,انبار,سند انبار,4644,1405/04/02,سند تاييد درخواست كالا با شماره 4644 ثبت شد
,شركت كيهان راه شرق (سهامي خاص),1405,رحمانيان,1405/04/02,08:18:40, ويرايش موجوديت,انبار,سند انبار,5957,1405/04/02,سند درخواست كالا از انبار با شماره 5957 ثبت شد
,صولت پارس آمود,1404,سلطاني7,1405/04/02,08:18:35, ويرايش موجوديت,خزانه داري,سند حسابداري,4171,1404/10/14,سند عمومي با شماره 4171 تاييد شد
,شركت دنا بنيان بيرجند (سهامي خاص),1404,شاهروديان2,1405/04/02,08:18:26, ويرايش موجوديت,خزانه داري,سند حسابداري,8191,1404/12/25,سند عمومي با شماره 8191 تاييد شد
,شركت كيهان راه شرق (سهامي خاص),1405,رحمانيان,1405/04/02,08:18:20, ويرايش موجوديت,انبار,سند انبار,5956,1405/04/02,سند درخواست كالا از انبار با شماره 5956 ثبت شد
,شركت قدرت ايمان كوير(سهامي خاص),1405,جعفري3,1405/04/02,08:18:18,موجوديت جديد,خزانه داري,سند حسابداري,7853,1404/12/23,سند عمومي با شماره 7853 ذخيره شد
,شركت كيهان راه شرق (سهامي خاص),1405,پاشايي,1405/04/02,08:17:58, ويرايش موجوديت,انبار,سند انبار,4354,1405/01/21,سند رسيد خريد  با شماره 4354 ثبت شد
,شركت قدرت ايمان كوير(سهامي خاص),1405,جعفري3,1405/04/02,08:17:47,موجوديت جديد,خزانه داري,سند خزانه داري,2221,1404/12/23,سند صورت هزينه تنخواه با شماره 2221 ذخيره شد
,صولت پارس آمود,1404,سلطاني7,1405/04/02,08:17:40, ويرايش موجوديت,خزانه داري,سند حسابداري,4171,1404/10/14,سند عمومي با شماره 4171 ذخيره شد
,شركت دنا بنيان بيرجند (سهامي خاص),1404,شاهروديان2,1405/04/02,08:17:03, ويرايش موجوديت,خزانه داري,سند حسابداري,8741,1404/12/16,سند عمومي با شماره 8741 تاييد شد
,شركت كيهان راه شرق (سهامي خاص),1405,برزگررشتخواري,1405/04/02,08:16:55, ويرايش موجوديت,انبار,سند انبار,3549,1405/02/31,سند درخواست كالا از انبار با شماره 3549 ثبت شد
,شركت دنا بنيان بيرجند (سهامي خاص),1404,شاهروديان2,1405/04/02,08:16:33,ورود موفق,,نشست,,,
,كيهان ريل تهران,1404,شاهروديان19,1405/04/02,08:15:54, ويرايش موجوديت,خزانه داري,سند حسابداري,1457,1404/11/16,سند عمومي با شماره 1457 تاييد شد
,شركت كيهان راه شرق (سهامي خاص),1405,رحمانيان,1405/04/02,08:15:33, ويرايش موجوديت,انبار,سند انبار,5935,1405/04/01,سند درخواست كالا از انبار با شماره 5935 ثبت شد
,شركت قدرت ايمان كوير(سهامي خاص),1405,جعفري3,1405/04/02,08:15:23,موجوديت جديد,خزانه داري,سند حسابداري,7852,1404/12/22,سند عمومي با شماره 7852 ذخيره شد
,شركت قدرت ايمان كوير(سهامي خاص),1404,نباتي3,1405/04/02,08:15:19, ويرايش موجوديت,حسابداري,سند حسابداري,3596,1404/07/26,سند عمومي با شماره 3596 تاييد شد
,كيهان ريل تهران,1404,شاهروديان19,1405/04/02,08:15:06,ورود موفق,,نشست,,,
,,,شاهروديان19,1405/04/02,08:15:02,ورود ناموفق (عدم صحت نام کاربر يا کلمه عبور),,نشست,,,
,,,شاهروديان19,1405/04/02,08:14:57,ورود ناموفق (عدم صحت نام کاربر يا کلمه عبور),,نشست,,,
,شركت قدرت ايمان كوير(سهامي خاص),1405,جعفري3,1405/04/02,08:14:56, ويرايش موجوديت,خزانه داري,سند خزانه داري,2220,1404/12/22,سند صورت هزينه تنخواه با شماره 2220 ذخيره شد
,شركت كيهان راه شرق (سهامي خاص),1405,رحمانيان,1405/04/02,08:14:55, ويرايش موجوديت,انبار,سند انبار,5936,1405/04/01,سند درخواست كالا از انبار با شماره 5936 ثبت شد
,شركت قدرت ايمان كوير(سهامي خاص),1405,جعفري3,1405/04/02,08:14:52,موجوديت جديد,خزانه داري,سند خزانه داري,2220,1404/12/22,سند صورت هزينه تنخواه با شماره 2220 ذخيره شد
,صولت پارس آمود,1404,سلطاني7,1405/04/02,08:14:50,ورود موفق,,نشست,,,
,شركت كيهان راه شرق (سهامي خاص),1405,رحمانيان,1405/04/02,08:14:27,موجوديت جديد,انبار,سند انبار,4643,1405/04/02,سند تاييد درخواست كالا با شماره 4643 ثبت شد
,شركت كيهان راه شرق (سهامي خاص),1405,رحمانيان,1405/04/02,08:14:20, ويرايش موجوديت,انبار,سند انبار,5937,1405/04/01,سند درخواست كالا از انبار با شماره 5937 ثبت شد
,شركت كيهان راه شرق (سهامي خاص),1405,رحمانيان,1405/04/02,08:14:02,موجوديت جديد,انبار,سند انبار,4642,1405/04/02,سند تاييد درخواست كالا با شماره 4642 ثبت شد
,شركت قدرت ايمان كوير(سهامي خاص),1404,نباتي3,1405/04/02,08:13:58, ويرايش موجوديت,حسابداري,سند حسابداري,3597,1404/07/26,سند عمومي با شماره ثابت 3597 ذخيره شد
,شركت كيهان راه شرق (سهامي خاص),1405,رحمانيان,1405/04/02,08:13:56, ويرايش موجوديت,انبار,سند انبار,5938,1405/04/01,سند درخواست كالا از انبار با شماره 5938 ثبت شد
,شركت كيهان راه شرق (سهامي خاص),1404,زرعيكار1,1405/04/02,08:13:55,ورود موفق,,نشست,,,
,تفتان ره ساز پارس,1404,شاهروديان15,1405/04/02,08:13:19,ورود موفق,,نشست,,,
,شركت كيهان راه شرق (سهامي خاص),1405,عليرضاسالاري,1405/04/02,08:13:00, ويرايش موجوديت,انبار,سند انبار,5947,1405/04/01,سند درخواست كالا از انبار با شماره 5947 ثبت شد
,شركت كيهان راه شرق (سهامي خاص),1405,اقبالي,1405/04/02,08:12:42,موجوديت جديد,انبار,سند انبار,5957,1405/04/02,سند درخواست كالا از انبار با شماره 5957 ثبت شد
,شركت كيهان راه شرق (سهامي خاص),1404,شاهروديان1,1405/04/02,08:12:34,ورود موفق,,نشست,,,
,شركت كيهان راه شرق (سهامي خاص),1405,عليرضاسالاري,1405/04/02,08:12:33, ويرايش موجوديت,انبار,سند انبار,5947,1405/04/01,سند درخواست كالا از انبار با شماره 5947 ثبت شد
,مينو ساز گلستان,1405,جوانمرد,1405/04/02,08:12:17,ورود موفق,,نشست,,,
,شركت قدرت ايمان كوير(سهامي خاص),1405,جعفري3,1405/04/02,08:12:15,موجوديت جديد,خزانه داري,سند حسابداري,7851,1404/12/23,سند عمومي با شماره 7851 ذخيره شد
,شركت كيهان راه شرق (سهامي خاص),1405,عليرضاسالاري,1405/04/02,08:12:05, ويرايش موجوديت,انبار,سند انبار,5947,1405/04/01,سند درخواست كالا از انبار با شماره 5947 ثبت شد
,شركت كيهان راه شرق (سهامي خاص),1405,عليرضاسالاري,1405/04/02,08:11:42, ويرايش موجوديت,انبار,سند انبار,5947,1405/04/01,سند درخواست كالا از انبار با شماره 5947 ثبت شد
,مينو ساز گلستان,1404,الاجگردي10,1405/04/02,08:11:37,ورود موفق,,نشست,,,
,شركت كيهان راه شرق (سهامي خاص),1405,رحمانيان,1405/04/02,08:11:35, ويرايش موجوديت,انبار,سند انبار,5939,1405/04/01,سند درخواست كالا از انبار با شماره 5939 ثبت شد
,شركت قدرت ايمان كوير(سهامي خاص),1405,جعفري3,1405/04/02,08:11:35,موجوديت جديد,خزانه داري,سند خزانه داري,2219,1404/12/23,سند صورت هزينه تنخواه با شماره 2219 ذخيره شد
,شركت كيهان راه شرق (سهامي خاص),1405,عليرضاسالاري,1405/04/02,08:11:26, ويرايش موجوديت,انبار,سند انبار,5947,1405/04/01,سند درخواست كالا از انبار با شماره 5947 ثبت شد
,شركت كيهان راه شرق (سهامي خاص),1404,زرعيكار,1405/04/02,08:11:25,ورود موفق,,نشست,,,
,شركت دنا بنيان بيرجند (سهامي خاص),1404,سلطاني2,1405/04/02,08:11:19, ويرايش موجوديت,خزانه داري,سند حسابداري,7182,1404/10/30,سند عمومي با شماره 7182 تاييد شد
,شركت كيهان راه شرق (سهامي خاص),1405,رحمانيان,1405/04/02,08:11:17, ويرايش موجوديت,انبار,سند انبار,5941,1405/04/01,سند درخواست كالا از انبار با شماره 5941 ثبت شد
,شركت كيهان راه شرق (سهامي خاص),1405,سيناسليماني,1405/04/02,08:11:05,ورود موفق,,نشست,,,
,شركت دنا بنيان بيرجند (سهامي خاص),1404,سلطاني2,1405/04/02,08:11:02,ورود موفق,,نشست,,,
,,,سيناسليماني,1405/04/02,08:11:00,ورود ناموفق (عدم صحت نام کاربر يا کلمه عبور),,نشست,,,
,شركت كيهان راه شرق (سهامي خاص),1405,رحمانيان,1405/04/02,08:10:55,موجوديت جديد,انبار,سند انبار,4641,1405/04/02,سند تاييد درخواست كالا با شماره 4641 ثبت شد
,شركت كيهان راه شرق (سهامي خاص),1405,رحمانيان,1405/04/02,08:10:48, ويرايش موجوديت,انبار,سند انبار,5942,1405/04/01,سند درخواست كالا از انبار با شماره 5942 ثبت شد
,شركت كيهان راه شرق (سهامي خاص),1404,سلطاني1,1405/04/02,08:10:45, ويرايش موجوديت,حسابداري,سند حسابداري,25348,1404/10/30,سند عمومي با شماره 25348 تاييد شد
,شركت كيهان راه شرق (سهامي خاص),1405,عليرضاسالاري,1405/04/02,08:10:38, ويرايش موجوديت,انبار,سند انبار,5947,1405/04/01,سند درخواست كالا از انبار با شماره 5947 ثبت شد
,شركت كيهان راه شرق (سهامي خاص),1404,سلطاني1,1405/04/02,08:10:28,ورود موفق,,نشست,,,
,شركت كيهان راه شرق (سهامي خاص),1405,رحمانيان,1405/04/02,08:10:12, ويرايش موجوديت,انبار,سند انبار,5942,1405/04/01,سند درخواست كالا از انبار با شماره 5942 ثبت شد
,مينو ساز گلستان,1404,سلطاني10,1405/04/02,08:09:57, ويرايش موجوديت,حسابداري,سند حسابداري,1216,1404/10/30,سند عمومي با شماره 1216 تاييد شد
,شركت كيهان راه شرق (سهامي خاص),1405,رحمانيان,1405/04/02,08:09:57, ويرايش موجوديت,انبار,سند انبار,5943,1405/04/01,سند درخواست كالا از انبار با شماره 5943 ثبت شد
,شركت قدرت ايمان كوير(سهامي خاص),1404,شاهروديان3,1405/04/02,08:09:50, ويرايش موجوديت,خزانه داري,سند حسابداري,7737,1404/07/01,سند عمومي با شماره 7737 تاييد شد
,مينو ساز گلستان,1404,سلطاني10,1405/04/02,08:09:37,ورود موفق,,نشست,,,
,شركت كيهان راه شرق (سهامي خاص),1405,عليرضاسالاري,1405/04/02,08:09:20, ويرايش موجوديت,انبار,سند انبار,5947,1405/04/01,سند درخواست كالا از انبار با شماره 5947 ثبت شد
,شركت دنا بنيان بيرجند (سهامي خاص),1404,نيكنام2,1405/04/02,08:09:19,ورود موفق,,نشست,,,
,شركت دنا بنيان بيرجند (سهامي خاص),1404,سلطاني2,1405/04/02,08:09:16, ويرايش موجوديت,حسابداري,سند حسابداري,7183,1404/10/30,سند عمومي با شماره 7183 تاييد شد
,شركت دنا بنيان بيرجند (سهامي خاص),1404,سلطاني2,1405/04/02,08:08:56,ورود موفق,,نشست,,,
,تفتان ره ساز پارس,1405,محدثه_قاسمي15,1405/04/02,08:08:46,موجوديت جديد,خزانه داري,سند حسابداري,426,1405/04/01,سند عمومي با شماره 426 ذخيره شد
,شركت كيهان راه شرق (سهامي خاص),1405,رحمانيان,1405/04/02,08:08:43,موجوديت جديد,انبار,سند انبار,4640,1405/04/02,سند تاييد درخواست كالا با شماره 4640 ثبت شد
,صولت پارس آمود,1405,سلطاني7,1405/04/02,08:08:35, ويرايش موجوديت,حسابداري,سند حسابداري,3627,1404/10/30,سند عمومي با شماره 3627 تاييد شد
,شركت كيهان راه شرق (سهامي خاص),1405,سرحدي,1405/04/02,08:08:26, ويرايش موجوديت,انبار,سند انبار,932,1405/01/28,سند رسيد خريد  با شماره 932 ثبت شد
,شركت قدرت ايمان كوير(سهامي خاص),1405,كارآموز,1405/04/02,08:08:24,ورود موفق,,نشست,,,
,تفتان ره ساز پارس,1405,محدثه_قاسمي15,1405/04/02,08:08:23,موجوديت جديد,خزانه داري,سند خزانه داري,51,1405/04/01,سند اعلاميه واريز ريالي با شماره 51 ذخيره شد
,,,,1405/04/02,08:08:18,ورود ناموفق (عدم صحت نام کاربر يا کلمه عبور),,نشست,,,
,پايش مسير اقليم,1405,غلامي,1405/04/02,08:08:09,ورود موفق,,نشست,,,
,شركت قدرت ايمان كوير(سهامي خاص),1404,شاهروديان3,1405/04/02,08:08:09,ورود موفق,,نشست,,,
,شركت كيهان راه شرق (سهامي خاص),1405,پاشايي,1405/04/02,08:08:03, ويرايش موجوديت,انبار,سند انبار,5410,1405/01/20,سند رسيد خريد  با شماره 5410 ثبت شد
,شركت كيهان راه شرق (سهامي خاص),1405,برزگررشتخواري,1405/04/02,08:07:58,ورود موفق,,نشست,,,
,صولت پارس آمود,1405,سلطاني7,1405/04/02,08:07:46,ورود موفق,,نشست,,,
,شركت كيهان راه شرق (سهامي خاص),1405,عليرضاسالاري,1405/04/02,08:07:27, ويرايش موجوديت,انبار,سند انبار,5947,1405/04/01,سند درخواست كالا از انبار با شماره 5947 ثبت شد
,شركت كيهان راه شرق (سهامي خاص),1405,درويش_نيا_تربت,1405/04/02,08:06:56, ويرايش موجوديت,انبار,سند انبار,14726,1404/07/10,سند حواله مصرف  با شماره 14726 ثبت شد
,شركت كيهان راه شرق (سهامي خاص),1404,الاجگردي1,1405/04/02,08:06:55,ورود موفق,,نشست,,,
,شركت كيهان راه شرق (سهامي خاص),1405,درويش_نيا_تربت,1405/04/02,08:06:52,موجوديت جديد,انبار,سند انبار,14726,1404/07/10,سند حواله مصرف  با شماره 14726 ثبت شد
,تفتان ره ساز پارس,1405,محدثه_قاسمي15,1405/04/02,08:06:47,ورود موفق,,نشست,,,
,شركت كيهان راه شرق (سهامي خاص),1405,عليرضاسالاري,1405/04/02,08:06:22, ويرايش موجوديت,انبار,سند انبار,5945,1405/04/01,سند درخواست كالا از انبار با شماره 5945 ثبت شد
,شركت كيهان راه شرق (سهامي خاص),1405,پاشايي,1405/04/02,08:06:15, ويرايش موجوديت,انبار,سند انبار,5410,1405/01/20,سند رسيد خريد  با شماره 5410 ثبت شد
,شركت كيهان راه شرق (سهامي خاص),1405,اديبپور1,1405/04/02,08:06:14,ورود موفق,,نشست,,,
,شركت كيهان راه شرق (سهامي خاص),1405,عليرضاسالاري,1405/04/02,08:05:52,ورود موفق,,نشست,,,
,تفتان ره ساز پارس,1405,دادرس,1405/04/02,08:05:47,ورود موفق,,نشست,,,
,شركت كيهان راه شرق (سهامي خاص),1405,پاشايي,1405/04/02,08:05:41, ويرايش موجوديت,انبار,سند انبار,5410,1405/01/20,سند رسيد خريد  با شماره 5410 ثبت شد
,شركت كيهان راه شرق (سهامي خاص),1405,عليرضاسالاري,1405/04/02,08:05:33, ويرايش موجوديت,انبار,سند انبار,5945,1405/04/01,سند درخواست كالا از انبار با شماره 5945 ثبت شد
,شركت كيهان راه شرق (سهامي خاص),1405,كريمزاده1,1405/04/02,08:05:23, ويرايش موجوديت,انبار,سند انبار,5956,1405/04/02,سند درخواست كالا از انبار با شماره 5956 ثبت شد
,شركت قدرت ايمان كوير(سهامي خاص),1405,جعفري3,1405/04/02,08:05:23,موجوديت جديد,خزانه داري,سند حسابداري,7850,1404/12/29,سند عمومي با شماره 7850 ذخيره شد
,شركت كيهان راه شرق (سهامي خاص),1405,كريمزاده1,1405/04/02,08:05:06,موجوديت جديد,انبار,سند انبار,5956,1405/04/02,سند درخواست كالا از انبار با شماره 5956 ثبت شد
,شركت قدرت ايمان كوير(سهامي خاص),1405,جعفري3,1405/04/02,08:04:41,موجوديت جديد,خزانه داري,سند خزانه داري,2218,1404/12/29,سند صورت هزينه تنخواه با شماره 2218 ذخيره شد
,شركت كيهان راه شرق (سهامي خاص),1405,نيكنام,1405/04/02,08:04:32,ورود موفق,,نشست,,,
,,,نيكنام,1405/04/02,08:04:28,ورود ناموفق (عدم صحت نام کاربر يا کلمه عبور),,نشست,,,
,شركت كيهان راه شرق (سهامي خاص),1405,سيناسليماني,1405/04/02,08:03:30,ورود موفق,,نشست,,,
,شركت قدرت ايمان كوير(سهامي خاص),1405,سپهريان3,1405/04/02,08:03:11,ورود موفق,,نشست,,,
,شركت قدرت ايمان كوير(سهامي خاص),1405,كاظميان3,1405/04/02,08:03:08,موجوديت جديد,خزانه داري,سند حسابداري,7849,1404/07/20,سند عمومي با شماره 7849 ذخيره شد
,شركت قدرت ايمان كوير(سهامي خاص),1405,كاظميان3,1405/04/02,08:02:02,موجوديت جديد,خزانه داري,سند خزانه داري,2217,1404/07/20,سند صورت هزينه تنخواه با شماره 2217 ذخيره شد
,شركت قدرت ايمان كوير(سهامي خاص),1404,نباتي3,1405/04/02,08:01:58, ويرايش موجوديت,حسابداري,سند حسابداري,3651,1404/09/05,سند عمومي با شماره 3651 تاييد شد
,صولت پارس آمود,1405,سپهريان,1405/04/02,08:01:50,ورود موفق,,نشست,,,
,شركت قدرت ايمان كوير(سهامي خاص),1404,نباتي3,1405/04/02,08:01:36, ويرايش موجوديت,حسابداري,سند حسابداري,3652,1404/09/05,سند عمومي با شماره ثابت 3652 ذخيره شد
,شركت كيهان راه شرق (سهامي خاص),1405,درويش_نيا_تربت,1405/04/02,08:01:11, ويرايش موجوديت,انبار,سند انبار,43702,1404/07/10,سند رسيد خريد  با شماره 43702 ثبت شد
,صولت پارس آمود,1405,آقاحاجي,1405/04/02,08:00:55,ورود موفق,,نشست,,,
,شركت كيهان راه شرق (سهامي خاص),1405,صابونيزاده1,1405/04/02,08:00:33,ورود موفق,,نشست,,,
,شركت قدرت ايمان كوير(سهامي خاص),1405,فرهمند,1405/04/02,08:00:12,ورود موفق,,نشست,,,
,شركت كيهان راه شرق (سهامي خاص),1405,رحمانيان,1405/04/02,07:59:40, ويرايش موجوديت,انبار,سند انبار,5944,1405/04/01,سند درخواست كالا از انبار با شماره 5944 ثبت شد
,شركت كيهان راه شرق (سهامي خاص),1405,فرامرزسليماني,1405/04/02,07:59:20,ورود موفق,,نشست,,,
,شركت كيهان راه شرق (سهامي خاص),1405,رحمانيان,1405/04/02,07:59:17, ويرايش موجوديت,انبار,سند انبار,5945,1405/04/01,سند درخواست كالا از انبار با شماره 5945 ثبت شد
,شركت كيهان راه شرق (سهامي خاص),1405,درويش_نيا_تربت,1405/04/02,07:57:43, ويرايش موجوديت,انبار,سند انبار,43702,1404/07/10,سند رسيد خريد  با شماره 43702 ثبت شد
,شركت قدرت ايمان كوير(سهامي خاص),1404,اژدري,1405/04/02,07:57:41,ورود موفق,,نشست,,,
,شركت كيهان راه شرق (سهامي خاص),1405,درويش_نيا_تربت,1405/04/02,07:57:38, ويرايش موجوديت,انبار,سند انبار,43702,1404/07/10,سند رسيد خريد  با شماره 43702 ثبت شد
,شركت برش كوه آريا پارت (سهامي خاص),1405,جوانمرد5,1405/04/02,07:57:18,موجوديت جديد,خزانه داري,سند خزانه داري,56,1405/03/16,سند اعلاميه برداشت ريالي با شماره 56 ذخيره شد
,شركت قدرت ايمان كوير(سهامي خاص),1404,نباتي3,1405/04/02,07:56:50,ورود موفق,,نشست,,,
,شركت كيهان راه شرق (سهامي خاص),1405,درويش_نيا_تربت,1405/04/02,07:56:43,موجوديت جديد,انبار,سند انبار,43702,1404/07/10,سند رسيد خريد  با شماره 43702 ثبت شد
,شركت كيهان راه شرق (سهامي خاص),1405,رحمانيان,1405/04/02,07:56:39, ويرايش موجوديت,انبار,سند انبار,5946,1405/04/01,سند درخواست كالا از انبار با شماره 5946 ثبت شد
,شركت كيهان راه شرق (سهامي خاص),1405,رحمانيان,1405/04/02,07:56:03, ويرايش موجوديت,انبار,سند انبار,5947,1405/04/01,سند درخواست كالا از انبار با شماره 5947 ثبت شد
,شركت كيهان راه شرق (سهامي خاص),1404,اميررضارحيمي1,1405/04/02,07:56:02,ورود موفق,,نشست,,,
,شركت دنا بنيان بيرجند (سهامي خاص),1405,فرزانه,1405/04/02,07:55:56,ورود موفق,,نشست,,,
,شركت قدرت ايمان كوير(سهامي خاص),1405,صابري,1405/04/02,07:55:42,ورود موفق,,نشست,,,
,شركت كيهان راه شرق (سهامي خاص),1405,رحمانيان,1405/04/02,07:55:42, ويرايش موجوديت,انبار,سند انبار,5949,1405/04/01,سند درخواست كالا از انبار با شماره 5949 ثبت شد
,شركت قدرت ايمان كوير(سهامي خاص),1405,جعفري3,1405/04/02,07:55:28,ورود موفق,,نشست,,,
,شركت كيهان راه شرق (سهامي خاص),1405,رحمانيان,1405/04/02,07:55:21, ويرايش موجوديت,انبار,سند انبار,5950,1405/04/01,سند درخواست كالا از انبار با شماره 5950 ثبت شد
,شركت دنا بنيان بيرجند (سهامي خاص),1404,كارآموز,1405/04/02,07:55:16,ورود موفق,,نشست,,,
,شركت كيهان راه شرق (سهامي خاص),1405,محمدمختاري,1405/04/02,07:55:10,ورود موفق,,نشست,,,
,شركت كيهان راه شرق (سهامي خاص),1405,كارآموز,1405/04/02,07:54:53,ورود موفق,,نشست,,,
,شركت كيهان راه شرق (سهامي خاص),1405,نباتي,1405/04/02,07:54:39,ورود موفق,,نشست,,,
,شركت كيهان راه شرق (سهامي خاص),1405,محبوبي1,1405/04/02,07:54:00,موجوديت جديد,انبار,سند انبار,1677,1405/03/11,سند حواله انتقال بين انبار با شماره 1677 ثبت شد
,شركت قدرت ايمان كوير(سهامي خاص),1404,شاهروديان3,1405/04/02,07:53:56,ورود موفق,,نشست,,,
,شركت قدرت ايمان كوير(سهامي خاص),1405,كاظميان3,1405/04/02,07:53:56,ورود موفق,,نشست,,,
,شركت برش كوه آريا پارت (سهامي خاص),1405,جوانمرد5,1405/04/02,07:53:01,موجوديت جديد,خزانه داري,سند خزانه داري,55,1405/03/04,سند اعلاميه برداشت ريالي با شماره 55 ذخيره شد
,شركت كيهان راه شرق (سهامي خاص),1405,رحمانيان,1405/04/02,07:52:23, ويرايش موجوديت,انبار,سند انبار,5951,1405/04/01,سند درخواست كالا از انبار با شماره 5951 ثبت شد
,شركت كيهان راه شرق (سهامي خاص),1405,اقبالي,1405/04/02,07:51:51,ورود موفق,,نشست,,,
,شركت كيهان راه شرق (سهامي خاص),1405,محبوبي1,1405/04/02,07:50:55,ورود موفق,,نشست,,,
,شركت قدرت ايمان كوير(سهامي خاص),1404,جلالي,1405/04/02,07:50:50,ورود موفق,,نشست,,,
,شركت كيهان راه شرق (سهامي خاص),1405,رحمانيان,1405/04/02,07:50:13, ويرايش موجوديت,انبار,سند انبار,5952,1405/04/02,سند درخواست كالا از انبار با شماره 5952 ثبت شد
,شركت كيهان راه شرق (سهامي خاص),1405,اجنوردي1,1405/04/02,07:49:10,موجوديت جديد,انبار,سند انبار,1440,1405/03/31,سند رسيد انتقال بين انبار با شماره 1440 ثبت شد
,شركت قدرت ايمان كوير(سهامي خاص),1405,سيدمرتضي_حسيني3,1405/04/02,07:49:09,موجوديت جديد,حسابداري,سند حسابداري,1001,1405/02/28,سند عمومي با شماره ثابت 1001 ذخيره شد
,صولت پارس آمود,1404,نباتي7,1405/04/02,07:49:08, ويرايش موجوديت,حسابداري,سند حسابداري,2474,1404/08/25,سند عمومي با شماره 2474 تاييد شد
,شركت كيهان راه شرق (سهامي خاص),1404,احمدآبادي,1405/04/02,07:49:00,ورود موفق,,نشست,,,
,صولت پارس آمود,1404,نباتي7,1405/04/02,07:48:49, ويرايش موجوديت,حسابداري,سند حسابداري,2475,1404/08/25,سند عمومي با شماره ثابت 2475 ذخيره شد
,شركت كيهان راه شرق (سهامي خاص),1405,عليزاده,1405/04/02,07:48:46,ورود موفق,,نشست,,,
,شركت دنا بنيان بيرجند (سهامي خاص),1405,محدثه_قاسمي2,1405/04/02,07:47:59,ورود موفق,,نشست,,,
,شركت دنا بنيان بيرجند (سهامي خاص),1405,سلطاني,1405/04/02,07:47:50,ورود موفق,,نشست,,,
,شركت كيهان راه شرق (سهامي خاص),1405,عبدپور_طرق,1405/04/02,07:47:47, ويرايش موجوديت,انبار,سند انبار,1669,1405/03/31,سند حواله انتقال بين انبار با شماره 1669 ثبت شد
,,,سلطاني,1405/04/02,07:47:46,ورود ناموفق (عدم صحت نام کاربر يا کلمه عبور),,نشست,,,
,شركت برش كوه آريا پارت (سهامي خاص),1405,جوانمرد5,1405/04/02,07:47:34,ورود موفق,,نشست,,,
,شركت كيهان راه شرق (سهامي خاص),1405,سرحدي,1405/04/02,07:47:23,ورود موفق,,نشست,,,
,شركت كيهان راه شرق (سهامي خاص),1405,محمدحداد,1405/04/02,07:46:48,ورود موفق,,نشست,,,
,شركت كيهان راه شرق (سهامي خاص),1405,عبدپور_طرق,1405/04/02,07:46:45, ويرايش موجوديت,انبار,سند انبار,1667,1405/03/31,سند حواله انتقال بين انبار با شماره 1667 ثبت شد
,شركت كيهان راه شرق (سهامي خاص),1405,كريمزاده1,1405/04/02,07:46:36,موجوديت جديد,انبار,سند انبار,7906,1405/03/20,سند رسيد خريد  با شماره 7906 ثبت شد
,شركت كيهان راه شرق (سهامي خاص),1405,عبدپور_طرق,1405/04/02,07:46:33, ويرايش موجوديت,انبار,سند انبار,1667,1405/04/30,سند حواله انتقال بين انبار با شماره 1667 ثبت شد
,شركت كيهان راه شرق (سهامي خاص),1405,عبدپور_طرق,1405/04/02,07:46:24, ويرايش موجوديت,انبار,سند انبار,1667,1405/04/30,سند حواله انتقال بين انبار با شماره 1667 ثبت شد
,شركت كيهان راه شرق (سهامي خاص),1405,عبدپور_طرق,1405/04/02,07:46:03, ويرايش موجوديت,انبار,سند انبار,1667,1405/04/30,سند حواله انتقال بين انبار با شماره 1667 ثبت شد
,كيهان ريل تهران,1404,الاجگردي,1405/04/02,07:45:51,ورود موفق,,نشست,,,
,كيهان ريل تهران,1404,الاجگردي19,1405/04/02,07:45:34,ورود موفق,,نشست,,,
,شركت كيهان راه شرق (سهامي خاص),1405,رحمانيان,1405/04/02,07:45:29, ويرايش موجوديت,انبار,سند انبار,5952,1405/04/02,سند درخواست كالا از انبار با شماره 5952 ثبت شد
,شركت قدرت ايمان كوير(سهامي خاص),1405,محدثه_قاسمي,1405/04/02,07:45:26,ورود موفق,,نشست,,,
,شركت كيهان راه شرق (سهامي خاص),1405,عبدپور_طرق,1405/04/02,07:45:05, ويرايش موجوديت,انبار,سند انبار,1667,1405/04/30,سند حواله انتقال بين انبار با شماره 1667 ثبت شد
,صولت پارس آمود,1404,نباتي7,1405/04/02,07:44:53,ورود موفق,,نشست,,,
,,,نباتي15,1405/04/02,07:44:42,ورود ناموفق (عدم صحت نام کاربر يا کلمه عبور),,نشست,,,
,شركت قدرت ايمان كوير(سهامي خاص),1404,قاسمي,1405/04/02,07:44:36,ورود موفق,,نشست,,,
,شركت كيهان راه شرق (سهامي خاص),1405,ميرزايي,1405/04/02,07:44:13,ورود موفق,,نشست,,,
,مينو ساز گلستان,1404,نباتي10,1405/04/02,07:43:51, ويرايش موجوديت,حسابداري,سند حسابداري,906,1404/07/24,سند عمومي با شماره 906 تاييد شد
,مينو ساز گلستان,1404,نباتي10,1405/04/02,07:43:46, ويرايش موجوديت,حسابداري,سند حسابداري,906,1404/07/24,سند عمومي با شماره ثابت 906 ذخيره شد
,شركت بنا بام بيستون (سهامي خاص),1405,نيلوفريعقوبي,1405/04/02,07:43:16,ورود موفق,,نشست,,,
,شركت كيهان راه شرق (سهامي خاص),1405,رحمانيان,1405/04/02,07:43:11, ويرايش موجوديت,انبار,سند انبار,5953,1405/04/02,سند درخواست كالا از انبار با شماره 5953 ثبت شد
,شركت كيهان راه شرق (سهامي خاص),1405,رحمانيان,1405/04/02,07:42:32, ويرايش موجوديت,انبار,سند انبار,5953,1405/04/02,سند درخواست كالا از انبار با شماره 5953 ثبت شد
,شركت كيهان راه شرق (سهامي خاص),1404,خسروجردي,1405/04/02,07:42:25,ورود موفق,,نشست,,,
,شركت كيهان راه شرق (سهامي خاص),1405,رحمانيان,1405/04/02,07:42:10, ويرايش موجوديت,انبار,سند انبار,5954,1405/04/02,سند درخواست كالا از انبار با شماره 5954 ثبت شد
,شركت كيهان راه شرق (سهامي خاص),1405,رحمانيان,1405/04/02,07:40:52, ويرايش موجوديت,انبار,سند انبار,5955,1405/04/02,سند درخواست كالا از انبار با شماره 5955 ثبت شد
,شركت كيهان راه شرق (سهامي خاص),1405,رحمانيان,1405/04/02,07:39:57,ورود موفق,,نشست,,,
,شركت كيهان راه شرق (سهامي خاص),1405,پاشايي,1405/04/02,07:39:16,ورود موفق,,نشست,,,
,مينو ساز گلستان,1404,نباتي10,1405/04/02,07:37:27,ورود موفق,,نشست,,,
,,,,1405/04/02,07:36:58,ورود ناموفق (عدم صحت نام کاربر يا کلمه عبور),,نشست,,,
,شركت قدرت ايمان كوير(سهامي خاص),1405,سجادي,1405/04/02,07:36:52,ورود موفق,,نشست,,,
,شركت كيهان راه شرق (سهامي خاص),1405,عليرضاسالاري,1405/04/02,07:36:16, ويرايش موجوديت,انبار,سند انبار,5948,1405/04/01,سند درخواست كالا از انبار با شماره 5948 ثبت شد
,شركت كيهان راه شرق (سهامي خاص),1405,درويش_نيا_تربت,1405/04/02,07:36:14, ويرايش موجوديت,انبار,سند انبار,5955,1405/04/02,سند درخواست كالا از انبار با شماره 5955 ثبت شد
,شركت قدرت ايمان كوير(سهامي خاص),1405,سجادي,1405/04/02,07:36:08,ورود موفق,,نشست,,,
,شركت كيهان راه شرق (سهامي خاص),1405,درويش_نيا_تربت,1405/04/02,07:35:55, ويرايش موجوديت,انبار,سند انبار,5955,1405/04/02,سند درخواست كالا از انبار با شماره 5955 ثبت شد
,شركت كيهان راه شرق (سهامي خاص),1405,عليرضاسالاري,1405/04/02,07:35:51,موجوديت جديد,انبار,سند انبار,4639,1405/04/02,سند تاييد درخواست كالا با شماره 4639 ثبت شد
,شركت كيهان راه شرق (سهامي خاص),1405,درويش_نيا_تربت,1405/04/02,07:35:42,موجوديت جديد,انبار,سند انبار,5955,1405/04/02,سند درخواست كالا از انبار با شماره 5955 ثبت شد
,شركت كيهان راه شرق (سهامي خاص),1405,عليرضاسالاري,1405/04/02,07:35:39, ويرايش موجوديت,انبار,سند انبار,5948,1405/04/01,سند درخواست كالا از انبار با شماره 5948 ثبت شد
,شركت قدرت ايمان كوير(سهامي خاص),1405,سيدمرتضي_حسيني3,1405/04/02,07:35:33,ورود موفق,,نشست,,,
,شركت كيهان راه شرق (سهامي خاص),1405,عليرضاسالاري,1405/04/02,07:34:28,موجوديت جديد,انبار,سند انبار,4638,1405/04/02,سند تاييد درخواست كالا با شماره 4638 ثبت شد
,شركت كيهان راه شرق (سهامي خاص),1405,عليرضاسالاري,1405/04/02,07:34:14, ويرايش موجوديت,انبار,سند انبار,5940,1405/04/01,سند درخواست كالا از انبار با شماره 5940 ثبت شد
,كيهان ريل تهران,1404,زغفوريان,1405/04/02,07:33:28,ورود موفق,,نشست,,,
,شركت كيهان راه شرق (سهامي خاص),1405,اجنوردي1,1405/04/02,07:32:24,ورود موفق,,نشست,,,
,شركت كيهان راه شرق (سهامي خاص),1404,دهقان,1405/04/02,07:32:08,ورود موفق,,نشست,,,
,صولت پارس آمود,1404,كارآموز,1405/04/02,07:31:52,ورود موفق,,نشست,,,
,شركت كيهان راه شرق (سهامي خاص),1405,عليرضاسالاري,1405/04/02,07:31:50,ورود موفق,,نشست,,,
,شركت كيهان راه شرق (سهامي خاص),1405,كريمزاده1,1405/04/02,07:30:05,موجوديت جديد,انبار,سند انبار,5954,1405/04/02,سند درخواست كالا از انبار با شماره 5954 ثبت شد
,شركت كيهان راه شرق (سهامي خاص),1405,عبدپور_طرق,1405/04/02,07:22:40,موجوديت جديد,انبار,سند انبار,3935,1405/04/02,سند حواله مصرف ماشين آلات با شماره 3935 ثبت شد
,شركت كيهان راه شرق (سهامي خاص),1405,عبدپور_طرق,1405/04/02,07:22:16, ويرايش موجوديت,انبار,سند انبار,7905,1405/04/01,سند رسيد خريد  با شماره 7905 ثبت شد
,شركت كيهان راه شرق (سهامي خاص),1405,محمد رضايي,1405/04/02,07:22:11,ورود موفق,,نشست,,,
,شركت كيهان راه شرق (سهامي خاص),1405,عبدپور_طرق,1405/04/02,07:17:15, ويرايش موجوديت,انبار,سند انبار,7821,1405/03/31,سند رسيد خريد  با شماره 7821 ثبت شد
,شركت كيهان راه شرق (سهامي خاص),1405,عبدپور_طرق,1405/04/02,07:15:49,موجوديت جديد,انبار,سند انبار,7905,1405/04/01,سند رسيد خريد  با شماره 7905 ثبت شد
,شركت كيهان راه شرق (سهامي خاص),1405,سجادزنگويي1,1405/04/02,07:13:55,ورود موفق,,نشست,,,
,شركت كيهان راه شرق (سهامي خاص),1405,عبدپور_طرق,1405/04/02,07:10:55,موجوديت جديد,انبار,سند انبار,5953,1405/04/02,سند درخواست كالا از انبار با شماره 5953 ثبت شد
,شركت كيهان راه شرق (سهامي خاص),1405,عبدپور_طرق,1405/04/02,07:05:33,موجوديت جديد,انبار,سند انبار,2539,1405/04/01,سند حواله مصرف  با شماره 2539 ثبت شد
,شركت كيهان راه شرق (سهامي خاص),1405,عبدپور_طرق,1405/04/02,07:04:27, ويرايش موجوديت,انبار,سند انبار,7820,1405/03/30,سند رسيد خريد  با شماره 7820 ثبت شد
,شركت كيهان راه شرق (سهامي خاص),1405,عبدپور_طرق,1405/04/02,07:04:19, ويرايش موجوديت,انبار,سند انبار,7820,1405/03/30,سند رسيد خريد  با شماره 7820 ثبت شد
,شركت كيهان راه شرق (سهامي خاص),1405,عبدپور_طرق,1405/04/02,07:02:04, ويرايش موجوديت,انبار,سند انبار,3934,1405/03/31,سند حواله مصرف ماشين آلات با شماره 3934 ثبت شد
,شركت كيهان راه شرق (سهامي خاص),1405,عبدپور_طرق,1405/04/02,07:01:13,موجوديت جديد,انبار,سند انبار,3934,1405/03/31,سند حواله مصرف ماشين آلات با شماره 3934 ثبت شد
,شركت كيهان راه شرق (سهامي خاص),1405,عبدپور_طرق,1405/04/02,06:59:27,ورود موفق,,نشست,,,
,شركت كيهان راه شرق (سهامي خاص),1405,درويش_نيا_تربت,1405/04/02,06:41:04, ويرايش موجوديت,انبار,سند انبار,5952,1405/04/02,سند درخواست كالا از انبار با شماره 5952 ثبت شد
,شركت كيهان راه شرق (سهامي خاص),1405,درويش_نيا_تربت,1405/04/02,06:40:55, ويرايش موجوديت,انبار,سند انبار,5952,1405/04/02,سند درخواست كالا از انبار با شماره 5952 ثبت شد
,شركت كيهان راه شرق (سهامي خاص),1405,درويش_نيا_تربت,1405/04/02,06:40:27,موجوديت جديد,انبار,سند انبار,5952,1405/04/02,سند درخواست كالا از انبار با شماره 5952 ثبت شد
,شركت كيهان راه شرق (سهامي خاص),1405,درويش_نيا_تربت,1405/04/02,06:37:52,ورود موفق,,نشست,,,
,شركت كيهان راه شرق (سهامي خاص),1405,كريمزاده1,1405/04/02,06:25:08,موجوديت جديد,انبار,سند انبار,7904,1405/03/20,سند رسيد خريد  با شماره 7904 ثبت شد
,شركت كيهان راه شرق (سهامي خاص),1405,كريمزاده1,1405/04/02,06:22:51,ورود موفق,,نشست,,,
,شركت كيهان راه شرق (سهامي خاص),1405,برزگررشتخواري,1405/04/02,06:20:12,ورود موفق,,نشست,,,
